image_id,filename,npz_index,domain_id,modality_group,corruption_type,corruption_family,corruption_severity,is_unseen_corruption,label
train_000000,train/images.npz,0,domain_09,3d_projection,none,generic,0,False,class_062
train_000001,train/images.npz,1,domain_06,retinal,contrast,generic,1,False,class_032
train_000002,train/images.npz,2,domain_07,ct,noise,generic,1,False,class_045
train_000003,train/images.npz,3,domain_01,microscopy,none,generic,0,False,class_005
train_000004,train/images.npz,4,domain_00,3d_projection,noise,generic,2,False,class_000
train_000005,train/images.npz,5,domain_03,xray,blur,generic,2,False,class_017
train_000006,train/images.npz,6,domain_01,microscopy,none,generic,0,False,class_006
train_000007,train/images.npz,7,domain_07,ct,none,generic,0,False,class_043
train_000008,train/images.npz,8,domain_02,ultrasound,blur,generic,2,False,class_011
train_000009,train/images.npz,9,domain_15,microscopy,contrast,generic,1,False,class_098
train_000010,train/images.npz,10,domain_08,ct,none,generic,0,False,class_056
train_000011,train/images.npz,11,domain_13,retinal,brightness,generic,1,False,class_092
train_000012,train/images.npz,12,domain_03,xray,none,generic,0,False,class_016
train_000013,train/images.npz,13,domain_10,ct,contrast,generic,1,False,class_070
train_000014,train/images.npz,14,domain_09,3d_projection,blur,generic,1,False,class_061
train_000015,train/images.npz,15,domain_08,ct,contrast,generic,1,False,class_049
train_000016,train/images.npz,16,domain_13,retinal,contrast,generic,1,False,class_092
train_000017,train/images.npz,17,domain_03,xray,none,generic,0,False,class_012
train_000018,train/images.npz,18,domain_08,ct,contrast,generic,1,False,class_048
train_000019,train/images.npz,19,domain_01,microscopy,contrast,generic,2,False,class_006
train_000020,train/images.npz,20,domain_10,ct,none,generic,0,False,class_075
train_000021,train/images.npz,21,domain_13,retinal,noise,generic,2,False,class_095
train_000022,train/images.npz,22,domain_01,microscopy,none,generic,0,False,class_004
train_000023,train/images.npz,23,domain_09,3d_projection,none,generic,0,False,class_068
train_000024,train/images.npz,24,domain_03,xray,blur,generic,1,False,class_016
train_000025,train/images.npz,25,domain_04,3d_projection,brightness,generic,2,False,class_028
train_000026,train/images.npz,26,domain_03,xray,none,generic,0,False,class_012
train_000027,train/images.npz,27,domain_12,xray,contrast,generic,2,False,class_089
train_000028,train/images.npz,28,domain_01,microscopy,contrast,generic,1,False,class_003
train_000029,train/images.npz,29,domain_15,microscopy,contrast,generic,1,False,class_104
train_000030,train/images.npz,30,domain_13,retinal,none,generic,0,False,class_095
train_000031,train/images.npz,31,domain_07,ct,brightness,generic,1,False,class_041
train_000032,train/images.npz,32,domain_10,ct,none,generic,0,False,class_073
train_000033,train/images.npz,33,domain_07,ct,none,generic,0,False,class_045
train_000034,train/images.npz,34,domain_03,xray,none,generic,0,False,class_017
train_000035,train/images.npz,35,domain_07,ct,noise,generic,1,False,class_036
train_000036,train/images.npz,36,domain_08,ct,none,generic,0,False,class_048
train_000037,train/images.npz,37,domain_07,ct,noise,generic,2,False,class_038
train_000038,train/images.npz,38,domain_06,retinal,none,generic,0,False,class_033
train_000039,train/images.npz,39,domain_06,retinal,none,generic,0,False,class_035
train_000040,train/images.npz,40,domain_10,ct,none,generic,0,False,class_070
train_000041,train/images.npz,41,domain_16,3d_projection,blur,generic,1,False,class_107
train_000042,train/images.npz,42,domain_08,ct,blur,generic,2,False,class_056
train_000043,train/images.npz,43,domain_15,microscopy,noise,generic,1,False,class_099
train_000044,train/images.npz,44,domain_08,ct,contrast,generic,2,False,class_049
train_000045,train/images.npz,45,domain_09,3d_projection,blur,generic,1,False,class_068
train_000046,train/images.npz,46,domain_03,xray,contrast,generic,2,False,class_025
train_000047,train/images.npz,47,domain_08,ct,none,generic,0,False,class_054
train_000048,train/images.npz,48,domain_12,xray,none,generic,0,False,class_089
train_000049,train/images.npz,49,domain_13,retinal,none,generic,0,False,class_093
train_000050,train/images.npz,50,domain_07,ct,none,generic,0,False,class_045
train_000051,train/images.npz,51,domain_11,microscopy,contrast,generic,1,False,class_085
train_000052,train/images.npz,52,domain_03,xray,noise,generic,1,False,class_017
train_000053,train/images.npz,53,domain_03,xray,none,generic,0,False,class_025
train_000054,train/images.npz,54,domain_12,xray,blur,generic,2,False,class_090
train_000055,train/images.npz,55,domain_09,3d_projection,brightness,generic,2,False,class_063
train_000056,train/images.npz,56,domain_08,ct,none,generic,0,False,class_054
train_000057,train/images.npz,57,domain_09,3d_projection,blur,generic,2,False,class_067
train_000058,train/images.npz,58,domain_01,microscopy,none,generic,0,False,class_009
train_000059,train/images.npz,59,domain_09,3d_projection,brightness,generic,1,False,class_059
train_000060,train/images.npz,60,domain_08,ct,noise,generic,1,False,class_049
train_000061,train/images.npz,61,domain_08,ct,none,generic,0,False,class_048
train_000062,train/images.npz,62,domain_15,microscopy,contrast,generic,1,False,class_100
train_000063,train/images.npz,63,domain_11,microscopy,none,generic,0,False,class_085
train_000064,train/images.npz,64,domain_01,microscopy,none,generic,0,False,class_004
train_000065,train/images.npz,65,domain_07,ct,noise,generic,2,False,class_040
train_000066,train/images.npz,66,domain_05,3d_projection,none,generic,0,False,class_031
train_000067,train/images.npz,67,domain_09,3d_projection,none,generic,0,False,class_058
train_000068,train/images.npz,68,domain_07,ct,none,generic,0,False,class_046
train_000069,train/images.npz,69,domain_08,ct,none,generic,0,False,class_055
train_000070,train/images.npz,70,domain_03,xray,none,generic,0,False,class_026
train_000071,train/images.npz,71,domain_13,retinal,blur,generic,1,False,class_093
train_000072,train/images.npz,72,domain_07,ct,none,generic,0,False,class_036
train_000073,train/images.npz,73,domain_07,ct,none,generic,0,False,class_042
train_000074,train/images.npz,74,domain_07,ct,contrast,generic,1,False,class_037
train_000075,train/images.npz,75,domain_15,microscopy,brightness,generic,2,False,class_105
train_000076,train/images.npz,76,domain_03,xray,contrast,generic,1,False,class_017
train_000077,train/images.npz,77,domain_13,retinal,noise,generic,2,False,class_094
train_000078,train/images.npz,78,domain_03,xray,noise,generic,1,False,class_014
train_000079,train/images.npz,79,domain_07,ct,none,generic,0,False,class_046
train_000080,train/images.npz,80,domain_08,ct,noise,generic,2,False,class_053
train_000081,train/images.npz,81,domain_13,retinal,none,generic,0,False,class_093
train_000082,train/images.npz,82,domain_11,microscopy,contrast,generic,2,False,class_086
train_000083,train/images.npz,83,domain_13,retinal,contrast,generic,1,False,class_094
train_000084,train/images.npz,84,domain_03,xray,none,generic,0,False,class_014
train_000085,train/images.npz,85,domain_15,microscopy,contrast,generic,1,False,class_101
train_000086,train/images.npz,86,domain_03,xray,noise,generic,1,False,class_019
train_000087,train/images.npz,87,domain_06,retinal,none,generic,0,False,class_034
train_000088,train/images.npz,88,domain_01,microscopy,none,generic,0,False,class_009
train_000089,train/images.npz,89,domain_13,retinal,none,generic,0,False,class_092
train_000090,train/images.npz,90,domain_16,3d_projection,none,generic,0,False,class_106
train_000091,train/images.npz,91,domain_03,xray,noise,generic,1,False,class_015
train_000092,train/images.npz,92,domain_10,ct,noise,generic,1,False,class_079
train_000093,train/images.npz,93,domain_06,retinal,blur,generic,2,False,class_034
train_000094,train/images.npz,94,domain_08,ct,none,generic,0,False,class_054
train_000095,train/images.npz,95,domain_01,microscopy,none,generic,0,False,class_009
train_000096,train/images.npz,96,domain_08,ct,contrast,generic,1,False,class_051
train_000097,train/images.npz,97,domain_08,ct,none,generic,0,False,class_047
train_000098,train/images.npz,98,domain_03,xray,blur,generic,1,False,class_022
train_000099,train/images.npz,99,domain_11,microscopy,none,generic,0,False,class_085
train_000100,train/images.npz,100,domain_06,retinal,none,generic,0,False,class_032
train_000101,train/images.npz,101,domain_01,microscopy,none,generic,0,False,class_004
train_000102,train/images.npz,102,domain_11,microscopy,none,generic,0,False,class_083
train_000103,train/images.npz,103,domain_03,xray,none,generic,0,False,class_023
train_000104,train/images.npz,104,domain_03,xray,none,generic,0,False,class_012
train_000105,train/images.npz,105,domain_03,xray,none,generic,0,False,class_015
train_000106,train/images.npz,106,domain_07,ct,noise,generic,1,False,class_042
train_000107,train/images.npz,107,domain_14,3d_projection,none,generic,0,False,class_097
train_000108,train/images.npz,108,domain_11,microscopy,none,generic,0,False,class_080
train_000109,train/images.npz,109,domain_01,microscopy,brightness,generic,1,False,class_002
train_000110,train/images.npz,110,domain_10,ct,contrast,generic,1,False,class_079
train_000111,train/images.npz,111,domain_06,retinal,none,generic,0,False,class_035
train_000112,train/images.npz,112,domain_00,3d_projection,none,generic,0,False,class_000
train_000113,train/images.npz,113,domain_08,ct,none,generic,0,False,class_049
train_000114,train/images.npz,114,domain_03,xray,noise,generic,1,False,class_019
train_000115,train/images.npz,115,domain_13,retinal,none,generic,0,False,class_095
train_000116,train/images.npz,116,domain_03,xray,none,generic,0,False,class_018
train_000117,train/images.npz,117,domain_07,ct,none,generic,0,False,class_038
train_000118,train/images.npz,118,domain_07,ct,blur,generic,1,False,class_038
train_000119,train/images.npz,119,domain_08,ct,none,generic,0,False,class_053
train_000120,train/images.npz,120,domain_07,ct,noise,generic,1,False,class_042
train_000121,train/images.npz,121,domain_08,ct,blur,generic,1,False,class_052
train_000122,train/images.npz,122,domain_08,ct,none,generic,0,False,class_048
train_000123,train/images.npz,123,domain_03,xray,contrast,generic,1,False,class_024
train_000124,train/images.npz,124,domain_08,ct,brightness,generic,2,False,class_057
train_000125,train/images.npz,125,domain_07,ct,contrast,generic,2,False,class_043
train_000126,train/images.npz,126,domain_15,microscopy,contrast,generic,1,False,class_100
train_000127,train/images.npz,127,domain_07,ct,blur,generic,1,False,class_039
train_000128,train/images.npz,128,domain_09,3d_projection,brightness,generic,2,False,class_063
train_000129,train/images.npz,129,domain_01,microscopy,contrast,generic,1,False,class_007
train_000130,train/images.npz,130,domain_11,microscopy,none,generic,0,False,class_082
train_000131,train/images.npz,131,domain_13,retinal,noise,generic,2,False,class_091
train_000132,train/images.npz,132,domain_08,ct,contrast,generic,2,False,class_052
train_000133,train/images.npz,133,domain_12,xray,none,generic,0,False,class_090
train_000134,train/images.npz,134,domain_15,microscopy,none,generic,0,False,class_103
train_000135,train/images.npz,135,domain_08,ct,noise,generic,1,False,class_053
train_000136,train/images.npz,136,domain_10,ct,none,generic,0,False,class_078
train_000137,train/images.npz,137,domain_01,microscopy,none,generic,0,False,class_002
train_000138,train/images.npz,138,domain_09,3d_projection,brightness,generic,1,False,class_066
train_000139,train/images.npz,139,domain_15,microscopy,none,generic,0,False,class_100
train_000140,train/images.npz,140,domain_03,xray,none,generic,0,False,class_016
train_000141,train/images.npz,141,domain_07,ct,none,generic,0,False,class_044
train_000142,train/images.npz,142,domain_13,retinal,none,generic,0,False,class_091
train_000143,train/images.npz,143,domain_01,microscopy,brightness,generic,1,False,class_005
train_000144,train/images.npz,144,domain_15,microscopy,blur,generic,1,False,class_102
train_000145,train/images.npz,145,domain_06,retinal,none,generic,0,False,class_032
train_000146,train/images.npz,146,domain_01,microscopy,noise,generic,2,False,class_003
train_000147,train/images.npz,147,domain_03,xray,blur,generic,2,False,class_020
train_000148,train/images.npz,148,domain_08,ct,none,generic,0,False,class_049
train_000149,train/images.npz,149,domain_08,ct,noise,generic,1,False,class_052
train_000150,train/images.npz,150,domain_14,3d_projection,contrast,generic,1,False,class_096
train_000151,train/images.npz,151,domain_13,retinal,contrast,generic,1,False,class_094
train_000152,train/images.npz,152,domain_15,microscopy,none,generic,0,False,class_100
train_000153,train/images.npz,153,domain_14,3d_projection,contrast,generic,1,False,class_096
train_000154,train/images.npz,154,domain_10,ct,none,generic,0,False,class_069
train_000155,train/images.npz,155,domain_07,ct,none,generic,0,False,class_044
train_000156,train/images.npz,156,domain_07,ct,contrast,generic,1,False,class_042
train_000157,train/images.npz,157,domain_15,microscopy,blur,generic,1,False,class_101
train_000158,train/images.npz,158,domain_07,ct,none,generic,0,False,class_036
train_000159,train/images.npz,159,domain_10,ct,contrast,generic,1,False,class_072
train_000160,train/images.npz,160,domain_09,3d_projection,none,generic,0,False,class_064
train_000161,train/images.npz,161,domain_12,xray,none,generic,0,False,class_089
train_000162,train/images.npz,162,domain_07,ct,brightness,generic,1,False,class_044
train_000163,train/images.npz,163,domain_10,ct,noise,generic,1,False,class_076
train_000164,train/images.npz,164,domain_03,xray,none,generic,0,False,class_014
train_000165,train/images.npz,165,domain_15,microscopy,none,generic,0,False,class_104
train_000166,train/images.npz,166,domain_08,ct,none,generic,0,False,class_050
train_000167,train/images.npz,167,domain_08,ct,none,generic,0,False,class_053
train_000168,train/images.npz,168,domain_03,xray,none,generic,0,False,class_019
train_000169,train/images.npz,169,domain_11,microscopy,none,generic,0,False,class_083
train_000170,train/images.npz,170,domain_08,ct,none,generic,0,False,class_049
train_000171,train/images.npz,171,domain_08,ct,contrast,generic,2,False,class_049
train_000172,train/images.npz,172,domain_11,microscopy,noise,generic,2,False,class_084
train_000173,train/images.npz,173,domain_10,ct,none,generic,0,False,class_075
train_000174,train/images.npz,174,domain_10,ct,none,generic,0,False,class_070
train_000175,train/images.npz,175,domain_07,ct,none,generic,0,False,class_046
train_000176,train/images.npz,176,domain_03,xray,contrast,generic,1,False,class_019
train_000177,train/images.npz,177,domain_07,ct,contrast,generic,1,False,class_037
train_000178,train/images.npz,178,domain_00,3d_projection,none,generic,0,False,class_000
train_000179,train/images.npz,179,domain_09,3d_projection,noise,generic,1,False,class_058
train_000180,train/images.npz,180,domain_07,ct,contrast,generic,1,False,class_043
train_000181,train/images.npz,181,domain_11,microscopy,blur,generic,2,False,class_083
train_000182,train/images.npz,182,domain_11,microscopy,none,generic,0,False,class_085
train_000183,train/images.npz,183,domain_15,microscopy,contrast,generic,1,False,class_102
train_000184,train/images.npz,184,domain_05,3d_projection,none,generic,0,False,class_030
train_000185,train/images.npz,185,domain_01,microscopy,contrast,generic,1,False,class_002
train_000186,train/images.npz,186,domain_07,ct,contrast,generic,2,False,class_040
train_000187,train/images.npz,187,domain_11,microscopy,blur,generic,1,False,class_085
train_000188,train/images.npz,188,domain_11,microscopy,none,generic,0,False,class_088
train_000189,train/images.npz,189,domain_08,ct,brightness,generic,1,False,class_056
train_000190,train/images.npz,190,domain_13,retinal,none,generic,0,False,class_092
train_000191,train/images.npz,191,domain_07,ct,none,generic,0,False,class_036
train_000192,train/images.npz,192,domain_03,xray,noise,generic,1,False,class_025
train_000193,train/images.npz,193,domain_07,ct,brightness,generic,1,False,class_043
train_000194,train/images.npz,194,domain_01,microscopy,blur,generic,2,False,class_009
train_000195,train/images.npz,195,domain_03,xray,brightness,generic,1,False,class_017
train_000196,train/images.npz,196,domain_09,3d_projection,brightness,generic,2,False,class_058
train_000197,train/images.npz,197,domain_11,microscopy,none,generic,0,False,class_080
train_000198,train/images.npz,198,domain_11,microscopy,none,generic,0,False,class_087
train_000199,train/images.npz,199,domain_01,microscopy,noise,generic,1,False,class_009
train_000200,train/images.npz,200,domain_07,ct,none,generic,0,False,class_036
train_000201,train/images.npz,201,domain_06,retinal,noise,generic,1,False,class_034
train_000202,train/images.npz,202,domain_09,3d_projection,brightness,generic,1,False,class_063
train_000203,train/images.npz,203,domain_01,microscopy,contrast,generic,1,False,class_008
train_000204,train/images.npz,204,domain_03,xray,none,generic,0,False,class_023
train_000205,train/images.npz,205,domain_09,3d_projection,blur,generic,1,False,class_064
train_000206,train/images.npz,206,domain_15,microscopy,brightness,generic,1,False,class_098
train_000207,train/images.npz,207,domain_07,ct,contrast,generic,1,False,class_040
train_000208,train/images.npz,208,domain_11,microscopy,none,generic,0,False,class_087
train_000209,train/images.npz,209,domain_09,3d_projection,none,generic,0,False,class_062
train_000210,train/images.npz,210,domain_01,microscopy,none,generic,0,False,class_006
train_000211,train/images.npz,211,domain_10,ct,none,generic,0,False,class_071
train_000212,train/images.npz,212,domain_06,retinal,brightness,generic,1,False,class_034
train_000213,train/images.npz,213,domain_10,ct,none,generic,0,False,class_073
train_000214,train/images.npz,214,domain_09,3d_projection,none,generic,0,False,class_059
train_000215,train/images.npz,215,domain_13,retinal,none,generic,0,False,class_093
train_000216,train/images.npz,216,domain_10,ct,none,generic,0,False,class_078
train_000217,train/images.npz,217,domain_02,ultrasound,brightness,generic,1,False,class_011
train_000218,train/images.npz,218,domain_13,retinal,none,generic,0,False,class_095
train_000219,train/images.npz,219,domain_07,ct,brightness,generic,1,False,class_038
train_000220,train/images.npz,220,domain_03,xray,contrast,generic,1,False,class_016
train_000221,train/images.npz,221,domain_08,ct,brightness,generic,2,False,class_052
train_000222,train/images.npz,222,domain_09,3d_projection,none,generic,0,False,class_059
train_000223,train/images.npz,223,domain_01,microscopy,brightness,generic,1,False,class_008
train_000224,train/images.npz,224,domain_11,microscopy,none,generic,0,False,class_081
train_000225,train/images.npz,225,domain_05,3d_projection,none,generic,0,False,class_031
train_000226,train/images.npz,226,domain_12,xray,noise,generic,1,False,class_089
train_000227,train/images.npz,227,domain_04,3d_projection,blur,generic,1,False,class_028
train_000228,train/images.npz,228,domain_09,3d_projection,none,generic,0,False,class_063
train_000229,train/images.npz,229,domain_11,microscopy,contrast,generic,1,False,class_081
train_000230,train/images.npz,230,domain_01,microscopy,noise,generic,2,False,class_004
train_000231,train/images.npz,231,domain_05,3d_projection,none,generic,0,False,class_031
train_000232,train/images.npz,232,domain_01,microscopy,none,generic,0,False,class_009
train_000233,train/images.npz,233,domain_10,ct,blur,generic,1,False,class_074
train_000234,train/images.npz,234,domain_07,ct,contrast,generic,1,False,class_036
train_000235,train/images.npz,235,domain_16,3d_projection,none,generic,0,False,class_106
train_000236,train/images.npz,236,domain_08,ct,none,generic,0,False,class_054
train_000237,train/images.npz,237,domain_04,3d_projection,noise,generic,1,False,class_029
train_000238,train/images.npz,238,domain_03,xray,contrast,generic,1,False,class_019
train_000239,train/images.npz,239,domain_03,xray,brightness,generic,1,False,class_023
train_000240,train/images.npz,240,domain_12,xray,contrast,generic,1,False,class_089
train_000241,train/images.npz,241,domain_01,microscopy,blur,generic,1,False,class_002
train_000242,train/images.npz,242,domain_16,3d_projection,blur,generic,1,False,class_106
train_000243,train/images.npz,243,domain_16,3d_projection,none,generic,0,False,class_106
train_000244,train/images.npz,244,domain_12,xray,none,generic,0,False,class_089
train_000245,train/images.npz,245,domain_10,ct,none,generic,0,False,class_069
train_000246,train/images.npz,246,domain_12,xray,none,generic,0,False,class_090
train_000247,train/images.npz,247,domain_11,microscopy,contrast,generic,2,False,class_082
train_000248,train/images.npz,248,domain_10,ct,none,generic,0,False,class_071
train_000249,train/images.npz,249,domain_11,microscopy,blur,generic,2,False,class_085
train_000250,train/images.npz,250,domain_08,ct,none,generic,0,False,class_050
train_000251,train/images.npz,251,domain_13,retinal,none,generic,0,False,class_093
train_000252,train/images.npz,252,domain_11,microscopy,brightness,generic,2,False,class_081
train_000253,train/images.npz,253,domain_12,xray,contrast,generic,1,False,class_090
train_000254,train/images.npz,254,domain_07,ct,none,generic,0,False,class_044
train_000255,train/images.npz,255,domain_07,ct,noise,generic,1,False,class_041
train_000256,train/images.npz,256,domain_10,ct,none,generic,0,False,class_074
train_000257,train/images.npz,257,domain_06,retinal,none,generic,0,False,class_034
train_000258,train/images.npz,258,domain_06,retinal,none,generic,0,False,class_032
train_000259,train/images.npz,259,domain_13,retinal,contrast,generic,2,False,class_092
train_000260,train/images.npz,260,domain_06,retinal,brightness,generic,1,False,class_032
train_000261,train/images.npz,261,domain_08,ct,none,generic,0,False,class_048
train_000262,train/images.npz,262,domain_11,microscopy,none,generic,0,False,class_082
train_000263,train/images.npz,263,domain_14,3d_projection,none,generic,0,False,class_097
train_000264,train/images.npz,264,domain_03,xray,none,generic,0,False,class_020
train_000265,train/images.npz,265,domain_04,3d_projection,brightness,generic,1,False,class_027
train_000266,train/images.npz,266,domain_03,xray,none,generic,0,False,class_012
train_000267,train/images.npz,267,domain_15,microscopy,none,generic,0,False,class_099
train_000268,train/images.npz,268,domain_11,microscopy,blur,generic,1,False,class_081
train_000269,train/images.npz,269,domain_11,microscopy,brightness,generic,1,False,class_084
train_000270,train/images.npz,270,domain_08,ct,none,generic,0,False,class_051
train_000271,train/images.npz,271,domain_07,ct,none,generic,0,False,class_041
train_000272,train/images.npz,272,domain_07,ct,none,generic,0,False,class_046
train_000273,train/images.npz,273,domain_12,xray,brightness,generic,1,False,class_090
train_000274,train/images.npz,274,domain_15,microscopy,brightness,generic,1,False,class_099
train_000275,train/images.npz,275,domain_08,ct,noise,generic,1,False,class_057
train_000276,train/images.npz,276,domain_11,microscopy,blur,generic,2,False,class_083
train_000277,train/images.npz,277,domain_08,ct,brightness,generic,1,False,class_055
train_000278,train/images.npz,278,domain_15,microscopy,none,generic,0,False,class_098
train_000279,train/images.npz,279,domain_03,xray,none,generic,0,False,class_013
train_000280,train/images.npz,280,domain_13,retinal,none,generic,0,False,class_094
train_000281,train/images.npz,281,domain_15,microscopy,blur,generic,1,False,class_102
train_000282,train/images.npz,282,domain_10,ct,noise,generic,1,False,class_077
train_000283,train/images.npz,283,domain_10,ct,contrast,generic,1,False,class_073
train_000284,train/images.npz,284,domain_03,xray,brightness,generic,1,False,class_018
train_000285,train/images.npz,285,domain_09,3d_projection,contrast,generic,2,False,class_061
train_000286,train/images.npz,286,domain_08,ct,brightness,generic,2,False,class_049
train_000287,train/images.npz,287,domain_06,retinal,noise,generic,2,False,class_033
train_000288,train/images.npz,288,domain_09,3d_projection,none,generic,0,False,class_064
train_000289,train/images.npz,289,domain_11,microscopy,none,generic,0,False,class_082
train_000290,train/images.npz,290,domain_00,3d_projection,none,generic,0,False,class_001
train_000291,train/images.npz,291,domain_15,microscopy,none,generic,0,False,class_105
train_000292,train/images.npz,292,domain_06,retinal,noise,generic,1,False,class_033
train_000293,train/images.npz,293,domain_01,microscopy,noise,generic,2,False,class_005
train_000294,train/images.npz,294,domain_09,3d_projection,none,generic,0,False,class_062
train_000295,train/images.npz,295,domain_01,microscopy,contrast,generic,1,False,class_006
train_000296,train/images.npz,296,domain_11,microscopy,brightness,generic,1,False,class_087
train_000297,train/images.npz,297,domain_03,xray,contrast,generic,1,False,class_018
train_000298,train/images.npz,298,domain_09,3d_projection,contrast,generic,1,False,class_063
train_000299,train/images.npz,299,domain_09,3d_projection,contrast,generic,1,False,class_063
train_000300,train/images.npz,300,domain_08,ct,contrast,generic,2,False,class_056
train_000301,train/images.npz,301,domain_01,microscopy,none,generic,0,False,class_004
train_000302,train/images.npz,302,domain_11,microscopy,none,generic,0,False,class_083
train_000303,train/images.npz,303,domain_03,xray,contrast,generic,1,False,class_018
train_000304,train/images.npz,304,domain_07,ct,noise,generic,1,False,class_040
train_000305,train/images.npz,305,domain_07,ct,contrast,generic,1,False,class_036
train_000306,train/images.npz,306,domain_03,xray,none,generic,0,False,class_013
train_000307,train/images.npz,307,domain_03,xray,none,generic,0,False,class_020
train_000308,train/images.npz,308,domain_04,3d_projection,none,generic,0,False,class_027
train_000309,train/images.npz,309,domain_09,3d_projection,none,generic,0,False,class_061
train_000310,train/images.npz,310,domain_09,3d_projection,none,generic,0,False,class_068
train_000311,train/images.npz,311,domain_06,retinal,none,generic,0,False,class_033
train_000312,train/images.npz,312,domain_07,ct,noise,generic,1,False,class_037
train_000313,train/images.npz,313,domain_09,3d_projection,noise,generic,1,False,class_058
train_000314,train/images.npz,314,domain_10,ct,contrast,generic,2,False,class_074
train_000315,train/images.npz,315,domain_13,retinal,blur,generic,1,False,class_094
train_000316,train/images.npz,316,domain_15,microscopy,none,generic,0,False,class_098
train_000317,train/images.npz,317,domain_04,3d_projection,contrast,generic,2,False,class_029
train_000318,train/images.npz,318,domain_03,xray,blur,generic,1,False,class_012
train_000319,train/images.npz,319,domain_10,ct,none,generic,0,False,class_074
train_000320,train/images.npz,320,domain_15,microscopy,none,generic,0,False,class_103
train_000321,train/images.npz,321,domain_07,ct,blur,generic,2,False,class_046
train_000322,train/images.npz,322,domain_15,microscopy,none,generic,0,False,class_099
train_000323,train/images.npz,323,domain_15,microscopy,contrast,generic,1,False,class_100
train_000324,train/images.npz,324,domain_06,retinal,noise,generic,2,False,class_032
train_000325,train/images.npz,325,domain_01,microscopy,blur,generic,2,False,class_002
train_000326,train/images.npz,326,domain_04,3d_projection,brightness,generic,1,False,class_029
train_000327,train/images.npz,327,domain_03,xray,blur,generic,2,False,class_019
train_000328,train/images.npz,328,domain_07,ct,none,generic,0,False,class_040
train_000329,train/images.npz,329,domain_09,3d_projection,brightness,generic,1,False,class_058
train_000330,train/images.npz,330,domain_11,microscopy,none,generic,0,False,class_085
train_000331,train/images.npz,331,domain_11,microscopy,none,generic,0,False,class_083
train_000332,train/images.npz,332,domain_11,microscopy,brightness,generic,2,False,class_083
train_000333,train/images.npz,333,domain_07,ct,brightness,generic,1,False,class_046
train_000334,train/images.npz,334,domain_01,microscopy,noise,generic,1,False,class_004
train_000335,train/images.npz,335,domain_03,xray,brightness,generic,2,False,class_020
train_000336,train/images.npz,336,domain_14,3d_projection,noise,generic,1,False,class_097
train_000337,train/images.npz,337,domain_02,ultrasound,none,generic,0,False,class_010
train_000338,train/images.npz,338,domain_11,microscopy,none,generic,0,False,class_086
train_000339,train/images.npz,339,domain_04,3d_projection,noise,generic,1,False,class_029
train_000340,train/images.npz,340,domain_03,xray,brightness,generic,2,False,class_021
train_000341,train/images.npz,341,domain_10,ct,none,generic,0,False,class_076
train_000342,train/images.npz,342,domain_11,microscopy,none,generic,0,False,class_084
train_000343,train/images.npz,343,domain_11,microscopy,none,generic,0,False,class_083
train_000344,train/images.npz,344,domain_01,microscopy,none,generic,0,False,class_008
train_000345,train/images.npz,345,domain_01,microscopy,none,generic,0,False,class_006
train_000346,train/images.npz,346,domain_09,3d_projection,contrast,generic,2,False,class_068
train_000347,train/images.npz,347,domain_06,retinal,contrast,generic,1,False,class_033
train_000348,train/images.npz,348,domain_04,3d_projection,noise,generic,1,False,class_027
train_000349,train/images.npz,349,domain_07,ct,none,generic,0,False,class_046
train_000350,train/images.npz,350,domain_03,xray,contrast,generic,1,False,class_014
train_000351,train/images.npz,351,domain_08,ct,none,generic,0,False,class_051
train_000352,train/images.npz,352,domain_03,xray,none,generic,0,False,class_015
train_000353,train/images.npz,353,domain_01,microscopy,blur,generic,1,False,class_005
train_000354,train/images.npz,354,domain_08,ct,none,generic,0,False,class_055
train_000355,train/images.npz,355,domain_15,microscopy,none,generic,0,False,class_105
train_000356,train/images.npz,356,domain_07,ct,noise,generic,1,False,class_040
train_000357,train/images.npz,357,domain_13,retinal,none,generic,0,False,class_093
train_000358,train/images.npz,358,domain_01,microscopy,noise,generic,1,False,class_008
train_000359,train/images.npz,359,domain_08,ct,contrast,generic,1,False,class_050
train_000360,train/images.npz,360,domain_09,3d_projection,contrast,generic,1,False,class_067
train_000361,train/images.npz,361,domain_09,3d_projection,contrast,generic,1,False,class_058
train_000362,train/images.npz,362,domain_09,3d_projection,brightness,generic,1,False,class_061
train_000363,train/images.npz,363,domain_07,ct,contrast,generic,1,False,class_041
train_000364,train/images.npz,364,domain_03,xray,none,generic,0,False,class_012
train_000365,train/images.npz,365,domain_09,3d_projection,none,generic,0,False,class_068
train_000366,train/images.npz,366,domain_15,microscopy,none,generic,0,False,class_102
train_000367,train/images.npz,367,domain_11,microscopy,contrast,generic,1,False,class_082
train_000368,train/images.npz,368,domain_07,ct,none,generic,0,False,class_041
train_000369,train/images.npz,369,domain_01,microscopy,none,generic,0,False,class_003
train_000370,train/images.npz,370,domain_11,microscopy,noise,generic,1,False,class_088
train_000371,train/images.npz,371,domain_12,xray,none,generic,0,False,class_090
train_000372,train/images.npz,372,domain_06,retinal,contrast,generic,1,False,class_035
train_000373,train/images.npz,373,domain_06,retinal,none,generic,0,False,class_034
train_000374,train/images.npz,374,domain_01,microscopy,none,generic,0,False,class_003
train_000375,train/images.npz,375,domain_07,ct,blur,generic,1,False,class_044
train_000376,train/images.npz,376,domain_06,retinal,noise,generic,1,False,class_033
train_000377,train/images.npz,377,domain_10,ct,none,generic,0,False,class_076
train_000378,train/images.npz,378,domain_15,microscopy,brightness,generic,1,False,class_105
train_000379,train/images.npz,379,domain_09,3d_projection,brightness,generic,1,False,class_063
train_000380,train/images.npz,380,domain_01,microscopy,none,generic,0,False,class_009
train_000381,train/images.npz,381,domain_15,microscopy,none,generic,0,False,class_099
train_000382,train/images.npz,382,domain_06,retinal,noise,generic,1,False,class_032
train_000383,train/images.npz,383,domain_10,ct,blur,generic,1,False,class_074
train_000384,train/images.npz,384,domain_10,ct,contrast,generic,1,False,class_073
train_000385,train/images.npz,385,domain_09,3d_projection,noise,generic,1,False,class_062
train_000386,train/images.npz,386,domain_04,3d_projection,noise,generic,1,False,class_027
train_000387,train/images.npz,387,domain_11,microscopy,noise,generic,1,False,class_080
train_000388,train/images.npz,388,domain_10,ct,none,generic,0,False,class_077
train_000389,train/images.npz,389,domain_03,xray,brightness,generic,1,False,class_022
train_000390,train/images.npz,390,domain_11,microscopy,none,generic,0,False,class_081
train_000391,train/images.npz,391,domain_00,3d_projection,none,generic,0,False,class_001
train_000392,train/images.npz,392,domain_08,ct,noise,generic,1,False,class_056
train_000393,train/images.npz,393,domain_05,3d_projection,contrast,generic,1,False,class_030
train_000394,train/images.npz,394,domain_08,ct,none,generic,0,False,class_055
train_000395,train/images.npz,395,domain_13,retinal,blur,generic,1,False,class_095
train_000396,train/images.npz,396,domain_07,ct,noise,generic,1,False,class_036
train_000397,train/images.npz,397,domain_00,3d_projection,none,generic,0,False,class_001
train_000398,train/images.npz,398,domain_15,microscopy,none,generic,0,False,class_105
train_000399,train/images.npz,399,domain_01,microscopy,contrast,generic,1,False,class_008
train_000400,train/images.npz,400,domain_07,ct,none,generic,0,False,class_038
train_000401,train/images.npz,401,domain_15,microscopy,none,generic,0,False,class_104
train_000402,train/images.npz,402,domain_07,ct,none,generic,0,False,class_042
train_000403,train/images.npz,403,domain_09,3d_projection,noise,generic,1,False,class_063
train_000404,train/images.npz,404,domain_10,ct,contrast,generic,1,False,class_073
train_000405,train/images.npz,405,domain_01,microscopy,noise,generic,1,False,class_008
train_000406,train/images.npz,406,domain_09,3d_projection,noise,generic,2,False,class_065
train_000407,train/images.npz,407,domain_08,ct,contrast,generic,1,False,class_054
train_000408,train/images.npz,408,domain_11,microscopy,none,generic,0,False,class_085
train_000409,train/images.npz,409,domain_10,ct,none,generic,0,False,class_075
train_000410,train/images.npz,410,domain_01,microscopy,noise,generic,1,False,class_005
train_000411,train/images.npz,411,domain_03,xray,none,generic,0,False,class_022
train_000412,train/images.npz,412,domain_07,ct,contrast,generic,1,False,class_039
train_000413,train/images.npz,413,domain_03,xray,none,generic,0,False,class_017
train_000414,train/images.npz,414,domain_14,3d_projection,contrast,generic,1,False,class_097
train_000415,train/images.npz,415,domain_03,xray,noise,generic,1,False,class_023
train_000416,train/images.npz,416,domain_09,3d_projection,noise,generic,1,False,class_061
train_000417,train/images.npz,417,domain_08,ct,brightness,generic,1,False,class_056
train_000418,train/images.npz,418,domain_01,microscopy,brightness,generic,2,False,class_004
train_000419,train/images.npz,419,domain_07,ct,contrast,generic,1,False,class_037
train_000420,train/images.npz,420,domain_11,microscopy,contrast,generic,2,False,class_084
train_000421,train/images.npz,421,domain_15,microscopy,none,generic,0,False,class_100
train_000422,train/images.npz,422,domain_04,3d_projection,none,generic,0,False,class_028
train_000423,train/images.npz,423,domain_06,retinal,noise,generic,2,False,class_033
train_000424,train/images.npz,424,domain_07,ct,none,generic,0,False,class_036
train_000425,train/images.npz,425,domain_14,3d_projection,none,generic,0,False,class_096
train_000426,train/images.npz,426,domain_08,ct,contrast,generic,1,False,class_051
train_000427,train/images.npz,427,domain_15,microscopy,contrast,generic,1,False,class_104
train_000428,train/images.npz,428,domain_01,microscopy,contrast,generic,1,False,class_007
train_000429,train/images.npz,429,domain_09,3d_projection,brightness,generic,1,False,class_066
train_000430,train/images.npz,430,domain_05,3d_projection,noise,generic,1,False,class_030
train_000431,train/images.npz,431,domain_04,3d_projection,contrast,generic,1,False,class_029
train_000432,train/images.npz,432,domain_03,xray,contrast,generic,2,False,class_023
train_000433,train/images.npz,433,domain_11,microscopy,blur,generic,2,False,class_081
train_000434,train/images.npz,434,domain_07,ct,noise,generic,1,False,class_037
train_000435,train/images.npz,435,domain_08,ct,noise,generic,1,False,class_053
train_000436,train/images.npz,436,domain_15,microscopy,none,generic,0,False,class_100
train_000437,train/images.npz,437,domain_09,3d_projection,none,generic,0,False,class_058
train_000438,train/images.npz,438,domain_10,ct,blur,generic,1,False,class_072
train_000439,train/images.npz,439,domain_06,retinal,blur,generic,1,False,class_032
train_000440,train/images.npz,440,domain_10,ct,blur,generic,1,False,class_079
train_000441,train/images.npz,441,domain_03,xray,contrast,generic,1,False,class_019
train_000442,train/images.npz,442,domain_10,ct,none,generic,0,False,class_075
train_000443,train/images.npz,443,domain_14,3d_projection,none,generic,0,False,class_096
train_000444,train/images.npz,444,domain_15,microscopy,none,generic,0,False,class_103
train_000445,train/images.npz,445,domain_01,microscopy,brightness,generic,1,False,class_003
train_000446,train/images.npz,446,domain_02,ultrasound,none,generic,0,False,class_011
train_000447,train/images.npz,447,domain_01,microscopy,blur,generic,1,False,class_005
train_000448,train/images.npz,448,domain_09,3d_projection,contrast,generic,1,False,class_062
train_000449,train/images.npz,449,domain_15,microscopy,blur,generic,1,False,class_099
train_000450,train/images.npz,450,domain_13,retinal,contrast,generic,2,False,class_095
train_000451,train/images.npz,451,domain_07,ct,noise,generic,1,False,class_038
train_000452,train/images.npz,452,domain_03,xray,contrast,generic,1,False,class_026
train_000453,train/images.npz,453,domain_10,ct,none,generic,0,False,class_078
train_000454,train/images.npz,454,domain_10,ct,none,generic,0,False,class_076
train_000455,train/images.npz,455,domain_03,xray,noise,generic,1,False,class_015
train_000456,train/images.npz,456,domain_00,3d_projection,brightness,generic,2,False,class_001
train_000457,train/images.npz,457,domain_09,3d_projection,noise,generic,1,False,class_059
train_000458,train/images.npz,458,domain_06,retinal,none,generic,0,False,class_034
train_000459,train/images.npz,459,domain_07,ct,noise,generic,1,False,class_039
train_000460,train/images.npz,460,domain_15,microscopy,contrast,generic,1,False,class_101
train_000461,train/images.npz,461,domain_10,ct,none,generic,0,False,class_078
train_000462,train/images.npz,462,domain_05,3d_projection,blur,generic,2,False,class_030
train_000463,train/images.npz,463,domain_01,microscopy,noise,generic,2,False,class_009
train_000464,train/images.npz,464,domain_08,ct,blur,generic,1,False,class_047
train_000465,train/images.npz,465,domain_10,ct,none,generic,0,False,class_079
train_000466,train/images.npz,466,domain_02,ultrasound,none,generic,0,False,class_011
train_000467,train/images.npz,467,domain_08,ct,brightness,generic,1,False,class_050
train_000468,train/images.npz,468,domain_15,microscopy,noise,generic,2,False,class_098
train_000469,train/images.npz,469,domain_10,ct,none,generic,0,False,class_073
train_000470,train/images.npz,470,domain_09,3d_projection,noise,generic,1,False,class_066
train_000471,train/images.npz,471,domain_15,microscopy,none,generic,0,False,class_100
train_000472,train/images.npz,472,domain_07,ct,brightness,generic,1,False,class_040
train_000473,train/images.npz,473,domain_07,ct,noise,generic,1,False,class_041
train_000474,train/images.npz,474,domain_09,3d_projection,blur,generic,1,False,class_059
train_000475,train/images.npz,475,domain_10,ct,noise,generic,1,False,class_075
train_000476,train/images.npz,476,domain_10,ct,contrast,generic,1,False,class_074
train_000477,train/images.npz,477,domain_15,microscopy,none,generic,0,False,class_102
train_000478,train/images.npz,478,domain_13,retinal,contrast,generic,1,False,class_093
train_000479,train/images.npz,479,domain_15,microscopy,contrast,generic,1,False,class_103
train_000480,train/images.npz,480,domain_01,microscopy,none,generic,0,False,class_004
train_000481,train/images.npz,481,domain_03,xray,contrast,generic,1,False,class_017
train_000482,train/images.npz,482,domain_15,microscopy,noise,generic,1,False,class_103
train_000483,train/images.npz,483,domain_07,ct,blur,generic,2,False,class_037
train_000484,train/images.npz,484,domain_08,ct,noise,generic,1,False,class_057
train_000485,train/images.npz,485,domain_16,3d_projection,none,generic,0,False,class_107
train_000486,train/images.npz,486,domain_08,ct,contrast,generic,1,False,class_054
train_000487,train/images.npz,487,domain_03,xray,none,generic,0,False,class_020
train_000488,train/images.npz,488,domain_06,retinal,contrast,generic,1,False,class_032
train_000489,train/images.npz,489,domain_03,xray,noise,generic,1,False,class_012
train_000490,train/images.npz,490,domain_06,retinal,none,generic,0,False,class_035
train_000491,train/images.npz,491,domain_11,microscopy,none,generic,0,False,class_082
train_000492,train/images.npz,492,domain_03,xray,brightness,generic,1,False,class_012
train_000493,train/images.npz,493,domain_09,3d_projection,contrast,generic,2,False,class_059
train_000494,train/images.npz,494,domain_08,ct,none,generic,0,False,class_054
train_000495,train/images.npz,495,domain_03,xray,none,generic,0,False,class_015
train_000496,train/images.npz,496,domain_12,xray,blur,generic,1,False,class_089
train_000497,train/images.npz,497,domain_03,xray,noise,generic,1,False,class_023
train_000498,train/images.npz,498,domain_16,3d_projection,noise,generic,1,False,class_107
train_000499,train/images.npz,499,domain_07,ct,noise,generic,1,False,class_046
train_000500,train/images.npz,500,domain_01,microscopy,noise,generic,1,False,class_008
train_000501,train/images.npz,501,domain_11,microscopy,noise,generic,1,False,class_084
train_000502,train/images.npz,502,domain_03,xray,none,generic,0,False,class_025
train_000503,train/images.npz,503,domain_08,ct,none,generic,0,False,class_057
train_000504,train/images.npz,504,domain_07,ct,contrast,generic,1,False,class_045
train_000505,train/images.npz,505,domain_07,ct,contrast,generic,1,False,class_039
train_000506,train/images.npz,506,domain_04,3d_projection,contrast,generic,1,False,class_027
train_000507,train/images.npz,507,domain_00,3d_projection,contrast,generic,1,False,class_001
train_000508,train/images.npz,508,domain_15,microscopy,none,generic,0,False,class_103
train_000509,train/images.npz,509,domain_07,ct,none,generic,0,False,class_043
train_000510,train/images.npz,510,domain_11,microscopy,contrast,generic,2,False,class_083
train_000511,train/images.npz,511,domain_03,xray,noise,generic,1,False,class_024
train_000512,train/images.npz,512,domain_15,microscopy,none,generic,0,False,class_104
train_000513,train/images.npz,513,domain_03,xray,none,generic,0,False,class_012
train_000514,train/images.npz,514,domain_15,microscopy,brightness,generic,1,False,class_105
train_000515,train/images.npz,515,domain_10,ct,none,generic,0,False,class_069
train_000516,train/images.npz,516,domain_13,retinal,contrast,generic,1,False,class_093
train_000517,train/images.npz,517,domain_03,xray,blur,generic,1,False,class_026
train_000518,train/images.npz,518,domain_03,xray,brightness,generic,1,False,class_026
train_000519,train/images.npz,519,domain_07,ct,none,generic,0,False,class_045
train_000520,train/images.npz,520,domain_13,retinal,noise,generic,1,False,class_094
train_000521,train/images.npz,521,domain_10,ct,contrast,generic,1,False,class_072
train_000522,train/images.npz,522,domain_11,microscopy,brightness,generic,2,False,class_088
train_000523,train/images.npz,523,domain_15,microscopy,blur,generic,1,False,class_101
train_000524,train/images.npz,524,domain_11,microscopy,contrast,generic,2,False,class_080
train_000525,train/images.npz,525,domain_05,3d_projection,brightness,generic,1,False,class_031
train_000526,train/images.npz,526,domain_10,ct,none,generic,0,False,class_074
train_000527,train/images.npz,527,domain_07,ct,none,generic,0,False,class_043
train_000528,train/images.npz,528,domain_11,microscopy,none,generic,0,False,class_082
train_000529,train/images.npz,529,domain_07,ct,none,generic,0,False,class_041
train_000530,train/images.npz,530,domain_03,xray,contrast,generic,1,False,class_013
train_000531,train/images.npz,531,domain_03,xray,noise,generic,1,False,class_015
train_000532,train/images.npz,532,domain_09,3d_projection,none,generic,0,False,class_060
train_000533,train/images.npz,533,domain_13,retinal,none,generic,0,False,class_092
train_000534,train/images.npz,534,domain_10,ct,brightness,generic,2,False,class_069
train_000535,train/images.npz,535,domain_01,microscopy,brightness,generic,1,False,class_007
train_000536,train/images.npz,536,domain_07,ct,none,generic,0,False,class_040
train_000537,train/images.npz,537,domain_11,microscopy,blur,generic,1,False,class_088
train_000538,train/images.npz,538,domain_10,ct,none,generic,0,False,class_071
train_000539,train/images.npz,539,domain_11,microscopy,brightness,generic,1,False,class_086
train_000540,train/images.npz,540,domain_08,ct,blur,generic,2,False,class_057
train_000541,train/images.npz,541,domain_05,3d_projection,none,generic,0,False,class_031
train_000542,train/images.npz,542,domain_06,retinal,none,generic,0,False,class_033
train_000543,train/images.npz,543,domain_01,microscopy,brightness,generic,1,False,class_007
train_000544,train/images.npz,544,domain_08,ct,blur,generic,1,False,class_057
train_000545,train/images.npz,545,domain_09,3d_projection,blur,generic,1,False,class_066
train_000546,train/images.npz,546,domain_09,3d_projection,noise,generic,1,False,class_063
train_000547,train/images.npz,547,domain_07,ct,noise,generic,2,False,class_043
train_000548,train/images.npz,548,domain_13,retinal,noise,generic,2,False,class_091
train_000549,train/images.npz,549,domain_15,microscopy,none,generic,0,False,class_105
train_000550,train/images.npz,550,domain_06,retinal,contrast,generic,2,False,class_033
train_000551,train/images.npz,551,domain_13,retinal,noise,generic,2,False,class_094
train_000552,train/images.npz,552,domain_03,xray,contrast,generic,1,False,class_024
train_000553,train/images.npz,553,domain_06,retinal,noise,generic,1,False,class_034
train_000554,train/images.npz,554,domain_04,3d_projection,noise,generic,1,False,class_028
train_000555,train/images.npz,555,domain_03,xray,none,generic,0,False,class_021
train_000556,train/images.npz,556,domain_01,microscopy,none,generic,0,False,class_004
train_000557,train/images.npz,557,domain_09,3d_projection,noise,generic,1,False,class_058
train_000558,train/images.npz,558,domain_15,microscopy,contrast,generic,1,False,class_104
train_000559,train/images.npz,559,domain_11,microscopy,none,generic,0,False,class_087
train_000560,train/images.npz,560,domain_06,retinal,blur,generic,1,False,class_034
train_000561,train/images.npz,561,domain_12,xray,none,generic,0,False,class_090
train_000562,train/images.npz,562,domain_16,3d_projection,noise,generic,1,False,class_106
train_000563,train/images.npz,563,domain_03,xray,noise,generic,1,False,class_018
train_000564,train/images.npz,564,domain_06,retinal,none,generic,0,False,class_034
train_000565,train/images.npz,565,domain_08,ct,none,generic,0,False,class_057
train_000566,train/images.npz,566,domain_09,3d_projection,none,generic,0,False,class_067
train_000567,train/images.npz,567,domain_14,3d_projection,none,generic,0,False,class_097
train_000568,train/images.npz,568,domain_09,3d_projection,noise,generic,1,False,class_063
train_000569,train/images.npz,569,domain_12,xray,blur,generic,2,False,class_089
train_000570,train/images.npz,570,domain_06,retinal,none,generic,0,False,class_035
train_000571,train/images.npz,571,domain_04,3d_projection,blur,generic,2,False,class_029
train_000572,train/images.npz,572,domain_11,microscopy,none,generic,0,False,class_087
train_000573,train/images.npz,573,domain_01,microscopy,none,generic,0,False,class_006
train_000574,train/images.npz,574,domain_15,microscopy,none,generic,0,False,class_101
train_000575,train/images.npz,575,domain_04,3d_projection,none,generic,0,False,class_028
train_000576,train/images.npz,576,domain_09,3d_projection,contrast,generic,2,False,class_058
train_000577,train/images.npz,577,domain_01,microscopy,contrast,generic,2,False,class_004
train_000578,train/images.npz,578,domain_07,ct,none,generic,0,False,class_042
train_000579,train/images.npz,579,domain_08,ct,blur,generic,1,False,class_051
train_000580,train/images.npz,580,domain_09,3d_projection,blur,generic,1,False,class_062
train_000581,train/images.npz,581,domain_03,xray,none,generic,0,False,class_015
train_000582,train/images.npz,582,domain_10,ct,contrast,generic,1,False,class_076
train_000583,train/images.npz,583,domain_07,ct,contrast,generic,1,False,class_036
train_000584,train/images.npz,584,domain_03,xray,none,generic,0,False,class_013
train_000585,train/images.npz,585,domain_10,ct,none,generic,0,False,class_070
train_000586,train/images.npz,586,domain_00,3d_projection,none,generic,0,False,class_000
train_000587,train/images.npz,587,domain_11,microscopy,brightness,generic,1,False,class_080
train_000588,train/images.npz,588,domain_01,microscopy,contrast,generic,1,False,class_009
train_000589,train/images.npz,589,domain_11,microscopy,none,generic,0,False,class_087
train_000590,train/images.npz,590,domain_03,xray,brightness,generic,1,False,class_019
train_000591,train/images.npz,591,domain_11,microscopy,noise,generic,2,False,class_082
train_000592,train/images.npz,592,domain_04,3d_projection,noise,generic,1,False,class_027
train_000593,train/images.npz,593,domain_02,ultrasound,none,generic,0,False,class_010
train_000594,train/images.npz,594,domain_03,xray,blur,generic,2,False,class_017
train_000595,train/images.npz,595,domain_06,retinal,none,generic,0,False,class_035
train_000596,train/images.npz,596,domain_15,microscopy,contrast,generic,1,False,class_099
train_000597,train/images.npz,597,domain_02,ultrasound,blur,generic,1,False,class_011
train_000598,train/images.npz,598,domain_01,microscopy,brightness,generic,1,False,class_003
train_000599,train/images.npz,599,domain_07,ct,contrast,generic,1,False,class_043
train_000600,train/images.npz,600,domain_07,ct,none,generic,0,False,class_046
train_000601,train/images.npz,601,domain_11,microscopy,brightness,generic,1,False,class_088
train_000602,train/images.npz,602,domain_06,retinal,none,generic,0,False,class_035
train_000603,train/images.npz,603,domain_10,ct,brightness,generic,1,False,class_071
train_000604,train/images.npz,604,domain_08,ct,none,generic,0,False,class_057
train_000605,train/images.npz,605,domain_08,ct,contrast,generic,2,False,class_051
train_000606,train/images.npz,606,domain_03,xray,noise,generic,2,False,class_013
train_000607,train/images.npz,607,domain_06,retinal,none,generic,0,False,class_035
train_000608,train/images.npz,608,domain_12,xray,none,generic,0,False,class_089
train_000609,train/images.npz,609,domain_07,ct,none,generic,0,False,class_043
train_000610,train/images.npz,610,domain_15,microscopy,none,generic,0,False,class_103
train_000611,train/images.npz,611,domain_13,retinal,blur,generic,1,False,class_095
train_000612,train/images.npz,612,domain_11,microscopy,none,generic,0,False,class_083
train_000613,train/images.npz,613,domain_00,3d_projection,brightness,generic,2,False,class_000
train_000614,train/images.npz,614,domain_08,ct,none,generic,0,False,class_057
train_000615,train/images.npz,615,domain_02,ultrasound,contrast,generic,2,False,class_010
train_000616,train/images.npz,616,domain_11,microscopy,noise,generic,1,False,class_084
train_000617,train/images.npz,617,domain_07,ct,contrast,generic,1,False,class_045
train_000618,train/images.npz,618,domain_09,3d_projection,none,generic,0,False,class_066
train_000619,train/images.npz,619,domain_11,microscopy,none,generic,0,False,class_088
train_000620,train/images.npz,620,domain_07,ct,noise,generic,1,False,class_036
train_000621,train/images.npz,621,domain_13,retinal,noise,generic,1,False,class_094
train_000622,train/images.npz,622,domain_07,ct,noise,generic,1,False,class_043
train_000623,train/images.npz,623,domain_10,ct,noise,generic,1,False,class_073
train_000624,train/images.npz,624,domain_15,microscopy,none,generic,0,False,class_099
train_000625,train/images.npz,625,domain_09,3d_projection,none,generic,0,False,class_068
train_000626,train/images.npz,626,domain_07,ct,none,generic,0,False,class_037
train_000627,train/images.npz,627,domain_09,3d_projection,none,generic,0,False,class_059
train_000628,train/images.npz,628,domain_11,microscopy,brightness,generic,1,False,class_083
train_000629,train/images.npz,629,domain_10,ct,blur,generic,1,False,class_077
train_000630,train/images.npz,630,domain_07,ct,noise,generic,1,False,class_039
train_000631,train/images.npz,631,domain_03,xray,noise,generic,1,False,class_023
train_000632,train/images.npz,632,domain_06,retinal,contrast,generic,1,False,class_034
train_000633,train/images.npz,633,domain_08,ct,blur,generic,1,False,class_053
train_000634,train/images.npz,634,domain_09,3d_projection,noise,generic,2,False,class_064
train_000635,train/images.npz,635,domain_03,xray,none,generic,0,False,class_018
train_000636,train/images.npz,636,domain_07,ct,none,generic,0,False,class_042
train_000637,train/images.npz,637,domain_08,ct,none,generic,0,False,class_055
train_000638,train/images.npz,638,domain_07,ct,none,generic,0,False,class_044
train_000639,train/images.npz,639,domain_06,retinal,contrast,generic,1,False,class_035
train_000640,train/images.npz,640,domain_03,xray,contrast,generic,1,False,class_019
train_000641,train/images.npz,641,domain_10,ct,none,generic,0,False,class_072
train_000642,train/images.npz,642,domain_07,ct,blur,generic,1,False,class_046
train_000643,train/images.npz,643,domain_01,microscopy,none,generic,0,False,class_003
train_000644,train/images.npz,644,domain_08,ct,blur,generic,2,False,class_050
train_000645,train/images.npz,645,domain_01,microscopy,none,generic,0,False,class_007
train_000646,train/images.npz,646,domain_02,ultrasound,brightness,generic,1,False,class_011
train_000647,train/images.npz,647,domain_01,microscopy,none,generic,0,False,class_003
train_000648,train/images.npz,648,domain_03,xray,none,generic,0,False,class_025
train_000649,train/images.npz,649,domain_12,xray,contrast,generic,1,False,class_089
train_000650,train/images.npz,650,domain_13,retinal,brightness,generic,2,False,class_091
train_000651,train/images.npz,651,domain_15,microscopy,none,generic,0,False,class_098
train_000652,train/images.npz,652,domain_09,3d_projection,none,generic,0,False,class_063
train_000653,train/images.npz,653,domain_06,retinal,none,generic,0,False,class_035
train_000654,train/images.npz,654,domain_14,3d_projection,brightness,generic,2,False,class_096
train_000655,train/images.npz,655,domain_11,microscopy,none,generic,0,False,class_084
train_000656,train/images.npz,656,domain_15,microscopy,blur,generic,2,False,class_101
train_000657,train/images.npz,657,domain_03,xray,contrast,generic,1,False,class_026
train_000658,train/images.npz,658,domain_10,ct,none,generic,0,False,class_069
train_000659,train/images.npz,659,domain_10,ct,contrast,generic,1,False,class_070
train_000660,train/images.npz,660,domain_07,ct,none,generic,0,False,class_042
train_000661,train/images.npz,661,domain_03,xray,contrast,generic,1,False,class_013
train_000662,train/images.npz,662,domain_03,xray,none,generic,0,False,class_020
train_000663,train/images.npz,663,domain_14,3d_projection,none,generic,0,False,class_097
train_000664,train/images.npz,664,domain_07,ct,none,generic,0,False,class_040
train_000665,train/images.npz,665,domain_03,xray,contrast,generic,1,False,class_016
train_000666,train/images.npz,666,domain_05,3d_projection,noise,generic,1,False,class_030
train_000667,train/images.npz,667,domain_09,3d_projection,noise,generic,2,False,class_067
train_000668,train/images.npz,668,domain_15,microscopy,brightness,generic,2,False,class_103
train_000669,train/images.npz,669,domain_11,microscopy,none,generic,0,False,class_084
train_000670,train/images.npz,670,domain_03,xray,blur,generic,2,False,class_017
train_000671,train/images.npz,671,domain_12,xray,contrast,generic,1,False,class_089
train_000672,train/images.npz,672,domain_10,ct,none,generic,0,False,class_078
train_000673,train/images.npz,673,domain_03,xray,none,generic,0,False,class_015
train_000674,train/images.npz,674,domain_10,ct,brightness,generic,1,False,class_078
train_000675,train/images.npz,675,domain_15,microscopy,noise,generic,1,False,class_103
train_000676,train/images.npz,676,domain_11,microscopy,noise,generic,1,False,class_081
train_000677,train/images.npz,677,domain_13,retinal,blur,generic,2,False,class_092
train_000678,train/images.npz,678,domain_15,microscopy,noise,generic,2,False,class_102
train_000679,train/images.npz,679,domain_08,ct,none,generic,0,False,class_048
train_000680,train/images.npz,680,domain_08,ct,none,generic,0,False,class_049
train_000681,train/images.npz,681,domain_03,xray,noise,generic,1,False,class_026
train_000682,train/images.npz,682,domain_06,retinal,none,generic,0,False,class_035
train_000683,train/images.npz,683,domain_08,ct,blur,generic,2,False,class_050
train_000684,train/images.npz,684,domain_01,microscopy,brightness,generic,2,False,class_006
train_000685,train/images.npz,685,domain_08,ct,brightness,generic,2,False,class_050
train_000686,train/images.npz,686,domain_08,ct,contrast,generic,1,False,class_048
train_000687,train/images.npz,687,domain_10,ct,none,generic,0,False,class_073
train_000688,train/images.npz,688,domain_12,xray,contrast,generic,2,False,class_089
train_000689,train/images.npz,689,domain_00,3d_projection,none,generic,0,False,class_000
train_000690,train/images.npz,690,domain_06,retinal,none,generic,0,False,class_032
train_000691,train/images.npz,691,domain_06,retinal,brightness,generic,2,False,class_034
train_000692,train/images.npz,692,domain_13,retinal,noise,generic,1,False,class_091
train_000693,train/images.npz,693,domain_01,microscopy,noise,generic,2,False,class_004
train_000694,train/images.npz,694,domain_07,ct,noise,generic,2,False,class_039
train_000695,train/images.npz,695,domain_01,microscopy,brightness,generic,1,False,class_006
train_000696,train/images.npz,696,domain_15,microscopy,noise,generic,1,False,class_103
train_000697,train/images.npz,697,domain_03,xray,noise,generic,1,False,class_018
train_000698,train/images.npz,698,domain_06,retinal,none,generic,0,False,class_035
train_000699,train/images.npz,699,domain_03,xray,none,generic,0,False,class_013
train_000700,train/images.npz,700,domain_11,microscopy,none,generic,0,False,class_088
train_000701,train/images.npz,701,domain_10,ct,contrast,generic,1,False,class_074
train_000702,train/images.npz,702,domain_15,microscopy,none,generic,0,False,class_102
train_000703,train/images.npz,703,domain_09,3d_projection,blur,generic,1,False,class_065
train_000704,train/images.npz,704,domain_07,ct,none,generic,0,False,class_045
train_000705,train/images.npz,705,domain_01,microscopy,noise,generic,1,False,class_003
train_000706,train/images.npz,706,domain_02,ultrasound,brightness,generic,1,False,class_010
train_000707,train/images.npz,707,domain_01,microscopy,none,generic,0,False,class_005
train_000708,train/images.npz,708,domain_08,ct,none,generic,0,False,class_056
train_000709,train/images.npz,709,domain_09,3d_projection,noise,generic,1,False,class_067
train_000710,train/images.npz,710,domain_09,3d_projection,none,generic,0,False,class_060
train_000711,train/images.npz,711,domain_07,ct,none,generic,0,False,class_036
train_000712,train/images.npz,712,domain_09,3d_projection,none,generic,0,False,class_063
train_000713,train/images.npz,713,domain_01,microscopy,brightness,generic,1,False,class_008
train_000714,train/images.npz,714,domain_11,microscopy,contrast,generic,1,False,class_084
train_000715,train/images.npz,715,domain_16,3d_projection,none,generic,0,False,class_106
train_000716,train/images.npz,716,domain_11,microscopy,none,generic,0,False,class_087
train_000717,train/images.npz,717,domain_07,ct,none,generic,0,False,class_046
train_000718,train/images.npz,718,domain_01,microscopy,blur,generic,2,False,class_006
train_000719,train/images.npz,719,domain_13,retinal,noise,generic,1,False,class_093
train_000720,train/images.npz,720,domain_04,3d_projection,contrast,generic,1,False,class_029
train_000721,train/images.npz,721,domain_10,ct,none,generic,0,False,class_073
train_000722,train/images.npz,722,domain_02,ultrasound,none,generic,0,False,class_010
train_000723,train/images.npz,723,domain_07,ct,none,generic,0,False,class_044
train_000724,train/images.npz,724,domain_09,3d_projection,brightness,generic,1,False,class_058
train_000725,train/images.npz,725,domain_09,3d_projection,blur,generic,2,False,class_067
train_000726,train/images.npz,726,domain_09,3d_projection,none,generic,0,False,class_063
train_000727,train/images.npz,727,domain_15,microscopy,none,generic,0,False,class_098
train_000728,train/images.npz,728,domain_15,microscopy,brightness,generic,1,False,class_105
train_000729,train/images.npz,729,domain_08,ct,none,generic,0,False,class_048
train_000730,train/images.npz,730,domain_07,ct,noise,generic,2,False,class_046
train_000731,train/images.npz,731,domain_01,microscopy,contrast,generic,1,False,class_009
train_000732,train/images.npz,732,domain_08,ct,noise,generic,1,False,class_051
train_000733,train/images.npz,733,domain_03,xray,noise,generic,1,False,class_015
train_000734,train/images.npz,734,domain_15,microscopy,none,generic,0,False,class_103
train_000735,train/images.npz,735,domain_12,xray,none,generic,0,False,class_089
train_000736,train/images.npz,736,domain_01,microscopy,noise,generic,1,False,class_009
train_000737,train/images.npz,737,domain_03,xray,none,generic,0,False,class_026
train_000738,train/images.npz,738,domain_08,ct,brightness,generic,2,False,class_053
train_000739,train/images.npz,739,domain_03,xray,none,generic,0,False,class_025
train_000740,train/images.npz,740,domain_16,3d_projection,none,generic,0,False,class_106
train_000741,train/images.npz,741,domain_13,retinal,none,generic,0,False,class_094
train_000742,train/images.npz,742,domain_04,3d_projection,none,generic,0,False,class_028
train_000743,train/images.npz,743,domain_09,3d_projection,contrast,generic,1,False,class_064
train_000744,train/images.npz,744,domain_06,retinal,none,generic,0,False,class_032
train_000745,train/images.npz,745,domain_10,ct,none,generic,0,False,class_077
train_000746,train/images.npz,746,domain_03,xray,none,generic,0,False,class_021
train_000747,train/images.npz,747,domain_07,ct,blur,generic,1,False,class_040
train_000748,train/images.npz,748,domain_06,retinal,none,generic,0,False,class_033
train_000749,train/images.npz,749,domain_13,retinal,none,generic,0,False,class_091
train_000750,train/images.npz,750,domain_09,3d_projection,contrast,generic,1,False,class_062
train_000751,train/images.npz,751,domain_09,3d_projection,blur,generic,2,False,class_059
train_000752,train/images.npz,752,domain_10,ct,noise,generic,2,False,class_072
train_000753,train/images.npz,753,domain_06,retinal,noise,generic,1,False,class_035
train_000754,train/images.npz,754,domain_07,ct,none,generic,0,False,class_037
train_000755,train/images.npz,755,domain_07,ct,contrast,generic,1,False,class_039
train_000756,train/images.npz,756,domain_15,microscopy,noise,generic,1,False,class_098
train_000757,train/images.npz,757,domain_07,ct,brightness,generic,1,False,class_041
train_000758,train/images.npz,758,domain_04,3d_projection,brightness,generic,1,False,class_028
train_000759,train/images.npz,759,domain_03,xray,none,generic,0,False,class_020
train_000760,train/images.npz,760,domain_10,ct,none,generic,0,False,class_078
train_000761,train/images.npz,761,domain_01,microscopy,brightness,generic,1,False,class_003
train_000762,train/images.npz,762,domain_15,microscopy,none,generic,0,False,class_103
train_000763,train/images.npz,763,domain_15,microscopy,none,generic,0,False,class_105
train_000764,train/images.npz,764,domain_11,microscopy,noise,generic,2,False,class_081
train_000765,train/images.npz,765,domain_10,ct,blur,generic,1,False,class_079
train_000766,train/images.npz,766,domain_15,microscopy,none,generic,0,False,class_105
train_000767,train/images.npz,767,domain_04,3d_projection,none,generic,0,False,class_028
train_000768,train/images.npz,768,domain_14,3d_projection,none,generic,0,False,class_097
train_000769,train/images.npz,769,domain_06,retinal,none,generic,0,False,class_034
train_000770,train/images.npz,770,domain_10,ct,noise,generic,2,False,class_071
train_000771,train/images.npz,771,domain_16,3d_projection,contrast,generic,2,False,class_106
train_000772,train/images.npz,772,domain_09,3d_projection,blur,generic,1,False,class_062
train_000773,train/images.npz,773,domain_10,ct,none,generic,0,False,class_079
train_000774,train/images.npz,774,domain_10,ct,contrast,generic,1,False,class_069
train_000775,train/images.npz,775,domain_00,3d_projection,none,generic,0,False,class_001
train_000776,train/images.npz,776,domain_15,microscopy,contrast,generic,2,False,class_101
train_000777,train/images.npz,777,domain_02,ultrasound,none,generic,0,False,class_011
train_000778,train/images.npz,778,domain_10,ct,contrast,generic,1,False,class_073
train_000779,train/images.npz,779,domain_03,xray,none,generic,0,False,class_015
train_000780,train/images.npz,780,domain_10,ct,none,generic,0,False,class_075
train_000781,train/images.npz,781,domain_01,microscopy,noise,generic,1,False,class_003
train_000782,train/images.npz,782,domain_15,microscopy,blur,generic,1,False,class_102
train_000783,train/images.npz,783,domain_04,3d_projection,none,generic,0,False,class_027
train_000784,train/images.npz,784,domain_02,ultrasound,none,generic,0,False,class_010
train_000785,train/images.npz,785,domain_16,3d_projection,blur,generic,1,False,class_106
train_000786,train/images.npz,786,domain_07,ct,none,generic,0,False,class_046
train_000787,train/images.npz,787,domain_03,xray,blur,generic,2,False,class_024
train_000788,train/images.npz,788,domain_01,microscopy,none,generic,0,False,class_006
train_000789,train/images.npz,789,domain_11,microscopy,none,generic,0,False,class_086
train_000790,train/images.npz,790,domain_11,microscopy,brightness,generic,1,False,class_084
train_000791,train/images.npz,791,domain_16,3d_projection,brightness,generic,2,False,class_107
train_000792,train/images.npz,792,domain_11,microscopy,noise,generic,1,False,class_088
train_000793,train/images.npz,793,domain_15,microscopy,contrast,generic,2,False,class_101
train_000794,train/images.npz,794,domain_08,ct,none,generic,0,False,class_050
train_000795,train/images.npz,795,domain_08,ct,noise,generic,1,False,class_047
train_000796,train/images.npz,796,domain_13,retinal,none,generic,0,False,class_091
train_000797,train/images.npz,797,domain_07,ct,none,generic,0,False,class_041
train_000798,train/images.npz,798,domain_04,3d_projection,contrast,generic,1,False,class_028
train_000799,train/images.npz,799,domain_03,xray,noise,generic,1,False,class_015
train_000800,train/images.npz,800,domain_08,ct,none,generic,0,False,class_050
train_000801,train/images.npz,801,domain_03,xray,none,generic,0,False,class_023
train_000802,train/images.npz,802,domain_09,3d_projection,none,generic,0,False,class_063
train_000803,train/images.npz,803,domain_11,microscopy,none,generic,0,False,class_083
train_000804,train/images.npz,804,domain_04,3d_projection,none,generic,0,False,class_029
train_000805,train/images.npz,805,domain_10,ct,none,generic,0,False,class_073
train_000806,train/images.npz,806,domain_05,3d_projection,none,generic,0,False,class_030
train_000807,train/images.npz,807,domain_07,ct,brightness,generic,2,False,class_038
train_000808,train/images.npz,808,domain_04,3d_projection,none,generic,0,False,class_027
train_000809,train/images.npz,809,domain_16,3d_projection,none,generic,0,False,class_107
train_000810,train/images.npz,810,domain_03,xray,brightness,generic,1,False,class_020
train_000811,train/images.npz,811,domain_01,microscopy,blur,generic,1,False,class_006
train_000812,train/images.npz,812,domain_01,microscopy,noise,generic,1,False,class_004
train_000813,train/images.npz,813,domain_08,ct,none,generic,0,False,class_057
train_000814,train/images.npz,814,domain_14,3d_projection,blur,generic,1,False,class_097
train_000815,train/images.npz,815,domain_01,microscopy,noise,generic,2,False,class_002
train_000816,train/images.npz,816,domain_03,xray,none,generic,0,False,class_017
train_000817,train/images.npz,817,domain_14,3d_projection,noise,generic,2,False,class_097
train_000818,train/images.npz,818,domain_08,ct,brightness,generic,2,False,class_055
train_000819,train/images.npz,819,domain_05,3d_projection,none,generic,0,False,class_030
train_000820,train/images.npz,820,domain_15,microscopy,none,generic,0,False,class_101
train_000821,train/images.npz,821,domain_04,3d_projection,none,generic,0,False,class_027
train_000822,train/images.npz,822,domain_10,ct,none,generic,0,False,class_071
train_000823,train/images.npz,823,domain_10,ct,blur,generic,1,False,class_078
train_000824,train/images.npz,824,domain_09,3d_projection,contrast,generic,2,False,class_058
train_000825,train/images.npz,825,domain_03,xray,none,generic,0,False,class_013
train_000826,train/images.npz,826,domain_13,retinal,noise,generic,1,False,class_094
train_000827,train/images.npz,827,domain_03,xray,brightness,generic,1,False,class_019
train_000828,train/images.npz,828,domain_10,ct,none,generic,0,False,class_079
train_000829,train/images.npz,829,domain_09,3d_projection,none,generic,0,False,class_067
train_000830,train/images.npz,830,domain_16,3d_projection,none,generic,0,False,class_106
train_000831,train/images.npz,831,domain_05,3d_projection,contrast,generic,1,False,class_030
train_000832,train/images.npz,832,domain_03,xray,none,generic,0,False,class_018
train_000833,train/images.npz,833,domain_04,3d_projection,none,generic,0,False,class_027
train_000834,train/images.npz,834,domain_01,microscopy,none,generic,0,False,class_004
train_000835,train/images.npz,835,domain_06,retinal,noise,generic,2,False,class_034
train_000836,train/images.npz,836,domain_13,retinal,none,generic,0,False,class_093
train_000837,train/images.npz,837,domain_03,xray,noise,generic,1,False,class_012
train_000838,train/images.npz,838,domain_01,microscopy,none,generic,0,False,class_004
train_000839,train/images.npz,839,domain_03,xray,brightness,generic,2,False,class_016
train_000840,train/images.npz,840,domain_07,ct,none,generic,0,False,class_038
train_000841,train/images.npz,841,domain_08,ct,brightness,generic,2,False,class_048
train_000842,train/images.npz,842,domain_01,microscopy,none,generic,0,False,class_005
train_000843,train/images.npz,843,domain_03,xray,none,generic,0,False,class_016
train_000844,train/images.npz,844,domain_08,ct,contrast,generic,1,False,class_054
train_000845,train/images.npz,845,domain_08,ct,brightness,generic,2,False,class_049
train_000846,train/images.npz,846,domain_08,ct,contrast,generic,1,False,class_055
train_000847,train/images.npz,847,domain_13,retinal,none,generic,0,False,class_091
train_000848,train/images.npz,848,domain_07,ct,none,generic,0,False,class_043
train_000849,train/images.npz,849,domain_13,retinal,brightness,generic,1,False,class_092
train_000850,train/images.npz,850,domain_15,microscopy,none,generic,0,False,class_105
train_000851,train/images.npz,851,domain_09,3d_projection,contrast,generic,1,False,class_061
train_000852,train/images.npz,852,domain_03,xray,none,generic,0,False,class_023
train_000853,train/images.npz,853,domain_10,ct,blur,generic,2,False,class_069
train_000854,train/images.npz,854,domain_07,ct,none,generic,0,False,class_039
train_000855,train/images.npz,855,domain_00,3d_projection,contrast,generic,1,False,class_001
train_000856,train/images.npz,856,domain_01,microscopy,none,generic,0,False,class_009
train_000857,train/images.npz,857,domain_03,xray,contrast,generic,1,False,class_012
train_000858,train/images.npz,858,domain_15,microscopy,contrast,generic,1,False,class_104
train_000859,train/images.npz,859,domain_09,3d_projection,none,generic,0,False,class_066
train_000860,train/images.npz,860,domain_09,3d_projection,none,generic,0,False,class_062
train_000861,train/images.npz,861,domain_08,ct,contrast,generic,1,False,class_057
train_000862,train/images.npz,862,domain_10,ct,contrast,generic,1,False,class_070
train_000863,train/images.npz,863,domain_09,3d_projection,noise,generic,1,False,class_058
train_000864,train/images.npz,864,domain_00,3d_projection,none,generic,0,False,class_000
train_000865,train/images.npz,865,domain_10,ct,noise,generic,2,False,class_077
train_000866,train/images.npz,866,domain_08,ct,none,generic,0,False,class_049
train_000867,train/images.npz,867,domain_11,microscopy,none,generic,0,False,class_083
train_000868,train/images.npz,868,domain_08,ct,contrast,generic,2,False,class_048
train_000869,train/images.npz,869,domain_08,ct,none,generic,0,False,class_053
train_000870,train/images.npz,870,domain_06,retinal,contrast,generic,2,False,class_032
train_000871,train/images.npz,871,domain_04,3d_projection,noise,generic,2,False,class_029
train_000872,train/images.npz,872,domain_09,3d_projection,brightness,generic,1,False,class_065
train_000873,train/images.npz,873,domain_11,microscopy,none,generic,0,False,class_084
train_000874,train/images.npz,874,domain_13,retinal,none,generic,0,False,class_095
train_000875,train/images.npz,875,domain_09,3d_projection,none,generic,0,False,class_059
train_000876,train/images.npz,876,domain_03,xray,contrast,generic,1,False,class_022
train_000877,train/images.npz,877,domain_10,ct,none,generic,0,False,class_078
train_000878,train/images.npz,878,domain_09,3d_projection,contrast,generic,1,False,class_061
train_000879,train/images.npz,879,domain_10,ct,none,generic,0,False,class_072
train_000880,train/images.npz,880,domain_05,3d_projection,noise,generic,1,False,class_031
train_000881,train/images.npz,881,domain_15,microscopy,noise,generic,2,False,class_102
train_000882,train/images.npz,882,domain_13,retinal,contrast,generic,1,False,class_091
train_000883,train/images.npz,883,domain_01,microscopy,blur,generic,1,False,class_005
train_000884,train/images.npz,884,domain_13,retinal,contrast,generic,1,False,class_095
train_000885,train/images.npz,885,domain_15,microscopy,contrast,generic,1,False,class_103
train_000886,train/images.npz,886,domain_07,ct,none,generic,0,False,class_040
train_000887,train/images.npz,887,domain_07,ct,noise,generic,1,False,class_037
train_000888,train/images.npz,888,domain_10,ct,none,generic,0,False,class_079
train_000889,train/images.npz,889,domain_06,retinal,noise,generic,1,False,class_033
train_000890,train/images.npz,890,domain_07,ct,none,generic,0,False,class_046
train_000891,train/images.npz,891,domain_03,xray,none,generic,0,False,class_020
train_000892,train/images.npz,892,domain_10,ct,noise,generic,1,False,class_070
train_000893,train/images.npz,893,domain_04,3d_projection,none,generic,0,False,class_029
train_000894,train/images.npz,894,domain_03,xray,none,generic,0,False,class_021
train_000895,train/images.npz,895,domain_10,ct,none,generic,0,False,class_074
train_000896,train/images.npz,896,domain_03,xray,contrast,generic,1,False,class_017
train_000897,train/images.npz,897,domain_07,ct,none,generic,0,False,class_044
train_000898,train/images.npz,898,domain_14,3d_projection,brightness,generic,2,False,class_097
train_000899,train/images.npz,899,domain_09,3d_projection,contrast,generic,1,False,class_063
train_000900,train/images.npz,900,domain_11,microscopy,blur,generic,1,False,class_083
train_000901,train/images.npz,901,domain_03,xray,contrast,generic,1,False,class_021
train_000902,train/images.npz,902,domain_15,microscopy,contrast,generic,2,False,class_099
train_000903,train/images.npz,903,domain_15,microscopy,blur,generic,1,False,class_101
train_000904,train/images.npz,904,domain_08,ct,none,generic,0,False,class_051
train_000905,train/images.npz,905,domain_10,ct,noise,generic,1,False,class_073
train_000906,train/images.npz,906,domain_03,xray,blur,generic,1,False,class_023
train_000907,train/images.npz,907,domain_16,3d_projection,none,generic,0,False,class_106
train_000908,train/images.npz,908,domain_13,retinal,contrast,generic,1,False,class_093
train_000909,train/images.npz,909,domain_11,microscopy,none,generic,0,False,class_082
train_000910,train/images.npz,910,domain_10,ct,none,generic,0,False,class_076
train_000911,train/images.npz,911,domain_08,ct,noise,generic,1,False,class_049
train_000912,train/images.npz,912,domain_07,ct,contrast,generic,1,False,class_041
train_000913,train/images.npz,913,domain_03,xray,none,generic,0,False,class_013
train_000914,train/images.npz,914,domain_00,3d_projection,none,generic,0,False,class_001
train_000915,train/images.npz,915,domain_04,3d_projection,noise,generic,1,False,class_028
train_000916,train/images.npz,916,domain_15,microscopy,contrast,generic,1,False,class_103
train_000917,train/images.npz,917,domain_09,3d_projection,contrast,generic,1,False,class_067
train_000918,train/images.npz,918,domain_01,microscopy,contrast,generic,1,False,class_006
train_000919,train/images.npz,919,domain_01,microscopy,none,generic,0,False,class_007
train_000920,train/images.npz,920,domain_01,microscopy,brightness,generic,1,False,class_002
train_000921,train/images.npz,921,domain_08,ct,none,generic,0,False,class_057
train_000922,train/images.npz,922,domain_09,3d_projection,none,generic,0,False,class_058
train_000923,train/images.npz,923,domain_03,xray,brightness,generic,1,False,class_018
train_000924,train/images.npz,924,domain_00,3d_projection,contrast,generic,2,False,class_000
train_000925,train/images.npz,925,domain_15,microscopy,contrast,generic,1,False,class_102
train_000926,train/images.npz,926,domain_14,3d_projection,noise,generic,1,False,class_097
train_000927,train/images.npz,927,domain_04,3d_projection,contrast,generic,2,False,class_028
train_000928,train/images.npz,928,domain_10,ct,brightness,generic,1,False,class_073
train_000929,train/images.npz,929,domain_06,retinal,noise,generic,1,False,class_033
train_000930,train/images.npz,930,domain_06,retinal,noise,generic,1,False,class_032
train_000931,train/images.npz,931,domain_03,xray,blur,generic,1,False,class_014
train_000932,train/images.npz,932,domain_11,microscopy,none,generic,0,False,class_080
train_000933,train/images.npz,933,domain_10,ct,blur,generic,1,False,class_069
train_000934,train/images.npz,934,domain_11,microscopy,none,generic,0,False,class_082
train_000935,train/images.npz,935,domain_15,microscopy,contrast,generic,1,False,class_100
train_000936,train/images.npz,936,domain_05,3d_projection,none,generic,0,False,class_031
train_000937,train/images.npz,937,domain_01,microscopy,blur,generic,1,False,class_003
train_000938,train/images.npz,938,domain_03,xray,none,generic,0,False,class_026
train_000939,train/images.npz,939,domain_07,ct,none,generic,0,False,class_036
train_000940,train/images.npz,940,domain_10,ct,none,generic,0,False,class_069
train_000941,train/images.npz,941,domain_10,ct,brightness,generic,1,False,class_079
train_000942,train/images.npz,942,domain_10,ct,contrast,generic,1,False,class_071
train_000943,train/images.npz,943,domain_12,xray,noise,generic,1,False,class_090
train_000944,train/images.npz,944,domain_12,xray,contrast,generic,1,False,class_089
train_000945,train/images.npz,945,domain_08,ct,none,generic,0,False,class_047
train_000946,train/images.npz,946,domain_10,ct,none,generic,0,False,class_072
train_000947,train/images.npz,947,domain_16,3d_projection,none,generic,0,False,class_107
train_000948,train/images.npz,948,domain_07,ct,blur,generic,1,False,class_041
train_000949,train/images.npz,949,domain_15,microscopy,none,generic,0,False,class_099
train_000950,train/images.npz,950,domain_06,retinal,noise,generic,1,False,class_035
train_000951,train/images.npz,951,domain_03,xray,none,generic,0,False,class_026
train_000952,train/images.npz,952,domain_10,ct,contrast,generic,1,False,class_072
train_000953,train/images.npz,953,domain_11,microscopy,blur,generic,2,False,class_082
train_000954,train/images.npz,954,domain_09,3d_projection,brightness,generic,1,False,class_068
train_000955,train/images.npz,955,domain_10,ct,none,generic,0,False,class_070
train_000956,train/images.npz,956,domain_08,ct,none,generic,0,False,class_055
train_000957,train/images.npz,957,domain_15,microscopy,contrast,generic,1,False,class_102
train_000958,train/images.npz,958,domain_13,retinal,noise,generic,1,False,class_091
train_000959,train/images.npz,959,domain_09,3d_projection,noise,generic,1,False,class_062
train_000960,train/images.npz,960,domain_08,ct,contrast,generic,1,False,class_051
train_000961,train/images.npz,961,domain_10,ct,none,generic,0,False,class_077
train_000962,train/images.npz,962,domain_10,ct,none,generic,0,False,class_075
train_000963,train/images.npz,963,domain_11,microscopy,none,generic,0,False,class_084
train_000964,train/images.npz,964,domain_09,3d_projection,noise,generic,2,False,class_060
train_000965,train/images.npz,965,domain_01,microscopy,brightness,generic,1,False,class_002
train_000966,train/images.npz,966,domain_13,retinal,none,generic,0,False,class_092
train_000967,train/images.npz,967,domain_13,retinal,none,generic,0,False,class_095
train_000968,train/images.npz,968,domain_15,microscopy,blur,generic,1,False,class_104
train_000969,train/images.npz,969,domain_03,xray,brightness,generic,1,False,class_022
train_000970,train/images.npz,970,domain_08,ct,noise,generic,1,False,class_047
train_000971,train/images.npz,971,domain_07,ct,none,generic,0,False,class_045
train_000972,train/images.npz,972,domain_10,ct,contrast,generic,1,False,class_075
train_000973,train/images.npz,973,domain_01,microscopy,noise,generic,1,False,class_004
train_000974,train/images.npz,974,domain_09,3d_projection,contrast,generic,2,False,class_061
train_000975,train/images.npz,975,domain_07,ct,none,generic,0,False,class_045
train_000976,train/images.npz,976,domain_07,ct,contrast,generic,1,False,class_043
train_000977,train/images.npz,977,domain_08,ct,none,generic,0,False,class_048
train_000978,train/images.npz,978,domain_09,3d_projection,brightness,generic,1,False,class_063
train_000979,train/images.npz,979,domain_03,xray,contrast,generic,1,False,class_014
train_000980,train/images.npz,980,domain_07,ct,none,generic,0,False,class_041
train_000981,train/images.npz,981,domain_02,ultrasound,noise,generic,1,False,class_010
train_000982,train/images.npz,982,domain_10,ct,brightness,generic,1,False,class_070
train_000983,train/images.npz,983,domain_10,ct,brightness,generic,1,False,class_076
train_000984,train/images.npz,984,domain_08,ct,noise,generic,1,False,class_051
train_000985,train/images.npz,985,domain_05,3d_projection,blur,generic,1,False,class_030
train_000986,train/images.npz,986,domain_06,retinal,none,generic,0,False,class_035
train_000987,train/images.npz,987,domain_09,3d_projection,brightness,generic,2,False,class_060
train_000988,train/images.npz,988,domain_15,microscopy,blur,generic,1,False,class_098
train_000989,train/images.npz,989,domain_15,microscopy,none,generic,0,False,class_102
train_000990,train/images.npz,990,domain_11,microscopy,none,generic,0,False,class_086
train_000991,train/images.npz,991,domain_06,retinal,none,generic,0,False,class_034
train_000992,train/images.npz,992,domain_11,microscopy,none,generic,0,False,class_086
train_000993,train/images.npz,993,domain_09,3d_projection,blur,generic,1,False,class_068
train_000994,train/images.npz,994,domain_09,3d_projection,blur,generic,1,False,class_058
train_000995,train/images.npz,995,domain_11,microscopy,none,generic,0,False,class_085
train_000996,train/images.npz,996,domain_07,ct,none,generic,0,False,class_045
train_000997,train/images.npz,997,domain_15,microscopy,none,generic,0,False,class_100
train_000998,train/images.npz,998,domain_09,3d_projection,none,generic,0,False,class_058
train_000999,train/images.npz,999,domain_01,microscopy,none,generic,0,False,class_006
train_001000,train/images.npz,1000,domain_10,ct,noise,generic,1,False,class_073
train_001001,train/images.npz,1001,domain_11,microscopy,none,generic,0,False,class_081
train_001002,train/images.npz,1002,domain_03,xray,brightness,generic,1,False,class_018
train_001003,train/images.npz,1003,domain_09,3d_projection,contrast,generic,1,False,class_062
train_001004,train/images.npz,1004,domain_16,3d_projection,none,generic,0,False,class_106
train_001005,train/images.npz,1005,domain_09,3d_projection,contrast,generic,1,False,class_067
train_001006,train/images.npz,1006,domain_01,microscopy,blur,generic,1,False,class_007
train_001007,train/images.npz,1007,domain_01,microscopy,none,generic,0,False,class_009
train_001008,train/images.npz,1008,domain_01,microscopy,none,generic,0,False,class_008
train_001009,train/images.npz,1009,domain_13,retinal,none,generic,0,False,class_091
train_001010,train/images.npz,1010,domain_03,xray,blur,generic,1,False,class_016
train_001011,train/images.npz,1011,domain_09,3d_projection,noise,generic,1,False,class_059
train_001012,train/images.npz,1012,domain_12,xray,contrast,generic,1,False,class_089
train_001013,train/images.npz,1013,domain_08,ct,brightness,generic,1,False,class_047
train_001014,train/images.npz,1014,domain_03,xray,contrast,generic,1,False,class_025
train_001015,train/images.npz,1015,domain_03,xray,none,generic,0,False,class_012
train_001016,train/images.npz,1016,domain_00,3d_projection,none,generic,0,False,class_000
train_001017,train/images.npz,1017,domain_07,ct,blur,generic,1,False,class_040
train_001018,train/images.npz,1018,domain_10,ct,none,generic,0,False,class_073
train_001019,train/images.npz,1019,domain_10,ct,contrast,generic,1,False,class_075
train_001020,train/images.npz,1020,domain_03,xray,none,generic,0,False,class_017
train_001021,train/images.npz,1021,domain_10,ct,brightness,generic,1,False,class_073
train_001022,train/images.npz,1022,domain_03,xray,brightness,generic,1,False,class_019
train_001023,train/images.npz,1023,domain_01,microscopy,none,generic,0,False,class_006
train_001024,train/images.npz,1024,domain_03,xray,none,generic,0,False,class_019
train_001025,train/images.npz,1025,domain_08,ct,none,generic,0,False,class_049
train_001026,train/images.npz,1026,domain_03,xray,none,generic,0,False,class_024
train_001027,train/images.npz,1027,domain_03,xray,blur,generic,1,False,class_020
train_001028,train/images.npz,1028,domain_07,ct,blur,generic,2,False,class_046
train_001029,train/images.npz,1029,domain_08,ct,none,generic,0,False,class_047
train_001030,train/images.npz,1030,domain_01,microscopy,none,generic,0,False,class_005
train_001031,train/images.npz,1031,domain_06,retinal,blur,generic,1,False,class_034
train_001032,train/images.npz,1032,domain_06,retinal,none,generic,0,False,class_034
train_001033,train/images.npz,1033,domain_07,ct,brightness,generic,1,False,class_042
train_001034,train/images.npz,1034,domain_03,xray,contrast,generic,1,False,class_021
train_001035,train/images.npz,1035,domain_11,microscopy,contrast,generic,2,False,class_084
train_001036,train/images.npz,1036,domain_11,microscopy,none,generic,0,False,class_086
train_001037,train/images.npz,1037,domain_16,3d_projection,blur,generic,1,False,class_106
train_001038,train/images.npz,1038,domain_08,ct,none,generic,0,False,class_053
train_001039,train/images.npz,1039,domain_01,microscopy,none,generic,0,False,class_004
train_001040,train/images.npz,1040,domain_05,3d_projection,contrast,generic,1,False,class_030
train_001041,train/images.npz,1041,domain_10,ct,none,generic,0,False,class_072
train_001042,train/images.npz,1042,domain_09,3d_projection,noise,generic,1,False,class_060
train_001043,train/images.npz,1043,domain_11,microscopy,contrast,generic,1,False,class_085
train_001044,train/images.npz,1044,domain_03,xray,none,generic,0,False,class_014
train_001045,train/images.npz,1045,domain_07,ct,none,generic,0,False,class_040
train_001046,train/images.npz,1046,domain_16,3d_projection,none,generic,0,False,class_106
train_001047,train/images.npz,1047,domain_08,ct,noise,generic,2,False,class_048
train_001048,train/images.npz,1048,domain_06,retinal,contrast,generic,1,False,class_033
train_001049,train/images.npz,1049,domain_15,microscopy,none,generic,0,False,class_099
train_001050,train/images.npz,1050,domain_03,xray,noise,generic,1,False,class_016
train_001051,train/images.npz,1051,domain_09,3d_projection,none,generic,0,False,class_061
train_001052,train/images.npz,1052,domain_03,xray,noise,generic,1,False,class_015
train_001053,train/images.npz,1053,domain_13,retinal,brightness,generic,1,False,class_092
train_001054,train/images.npz,1054,domain_07,ct,none,generic,0,False,class_041
train_001055,train/images.npz,1055,domain_04,3d_projection,noise,generic,1,False,class_027
train_001056,train/images.npz,1056,domain_01,microscopy,none,generic,0,False,class_009
train_001057,train/images.npz,1057,domain_11,microscopy,none,generic,0,False,class_086
train_001058,train/images.npz,1058,domain_07,ct,brightness,generic,2,False,class_043
train_001059,train/images.npz,1059,domain_10,ct,blur,generic,1,False,class_077
train_001060,train/images.npz,1060,domain_07,ct,noise,generic,1,False,class_042
train_001061,train/images.npz,1061,domain_15,microscopy,none,generic,0,False,class_098
train_001062,train/images.npz,1062,domain_09,3d_projection,none,generic,0,False,class_058
train_001063,train/images.npz,1063,domain_01,microscopy,none,generic,0,False,class_009
train_001064,train/images.npz,1064,domain_10,ct,noise,generic,2,False,class_074
train_001065,train/images.npz,1065,domain_04,3d_projection,none,generic,0,False,class_028
train_001066,train/images.npz,1066,domain_11,microscopy,none,generic,0,False,class_080
train_001067,train/images.npz,1067,domain_07,ct,contrast,generic,1,False,class_038
train_001068,train/images.npz,1068,domain_01,microscopy,noise,generic,1,False,class_008
train_001069,train/images.npz,1069,domain_10,ct,none,generic,0,False,class_076
train_001070,train/images.npz,1070,domain_08,ct,noise,generic,2,False,class_052
train_001071,train/images.npz,1071,domain_04,3d_projection,none,generic,0,False,class_029
train_001072,train/images.npz,1072,domain_10,ct,contrast,generic,1,False,class_070
train_001073,train/images.npz,1073,domain_11,microscopy,contrast,generic,1,False,class_081
train_001074,train/images.npz,1074,domain_08,ct,noise,generic,2,False,class_056
train_001075,train/images.npz,1075,domain_06,retinal,none,generic,0,False,class_034
train_001076,train/images.npz,1076,domain_05,3d_projection,contrast,generic,1,False,class_030
train_001077,train/images.npz,1077,domain_08,ct,none,generic,0,False,class_049
train_001078,train/images.npz,1078,domain_08,ct,blur,generic,1,False,class_052
train_001079,train/images.npz,1079,domain_03,xray,none,generic,0,False,class_014
train_001080,train/images.npz,1080,domain_11,microscopy,noise,generic,1,False,class_085
train_001081,train/images.npz,1081,domain_12,xray,brightness,generic,1,False,class_090
train_001082,train/images.npz,1082,domain_03,xray,contrast,generic,1,False,class_016
train_001083,train/images.npz,1083,domain_11,microscopy,noise,generic,1,False,class_084
train_001084,train/images.npz,1084,domain_10,ct,contrast,generic,1,False,class_076
train_001085,train/images.npz,1085,domain_07,ct,none,generic,0,False,class_044
train_001086,train/images.npz,1086,domain_03,xray,blur,generic,2,False,class_023
train_001087,train/images.npz,1087,domain_07,ct,brightness,generic,1,False,class_040
train_001088,train/images.npz,1088,domain_08,ct,none,generic,0,False,class_052
train_001089,train/images.npz,1089,domain_02,ultrasound,brightness,generic,1,False,class_011
train_001090,train/images.npz,1090,domain_01,microscopy,none,generic,0,False,class_009
train_001091,train/images.npz,1091,domain_07,ct,blur,generic,2,False,class_046
train_001092,train/images.npz,1092,domain_15,microscopy,none,generic,0,False,class_100
train_001093,train/images.npz,1093,domain_03,xray,none,generic,0,False,class_020
train_001094,train/images.npz,1094,domain_09,3d_projection,noise,generic,1,False,class_060
train_001095,train/images.npz,1095,domain_08,ct,none,generic,0,False,class_051
train_001096,train/images.npz,1096,domain_00,3d_projection,blur,generic,1,False,class_000
train_001097,train/images.npz,1097,domain_06,retinal,noise,generic,2,False,class_035
train_001098,train/images.npz,1098,domain_03,xray,none,generic,0,False,class_026
train_001099,train/images.npz,1099,domain_01,microscopy,none,generic,0,False,class_007
train_001100,train/images.npz,1100,domain_08,ct,contrast,generic,1,False,class_051
train_001101,train/images.npz,1101,domain_07,ct,none,generic,0,False,class_046
train_001102,train/images.npz,1102,domain_09,3d_projection,noise,generic,2,False,class_068
train_001103,train/images.npz,1103,domain_06,retinal,contrast,generic,2,False,class_033
train_001104,train/images.npz,1104,domain_11,microscopy,none,generic,0,False,class_080
train_001105,train/images.npz,1105,domain_10,ct,blur,generic,2,False,class_075
train_001106,train/images.npz,1106,domain_07,ct,brightness,generic,2,False,class_046
train_001107,train/images.npz,1107,domain_15,microscopy,none,generic,0,False,class_102
train_001108,train/images.npz,1108,domain_06,retinal,blur,generic,1,False,class_033
train_001109,train/images.npz,1109,domain_06,retinal,none,generic,0,False,class_032
train_001110,train/images.npz,1110,domain_13,retinal,none,generic,0,False,class_095
train_001111,train/images.npz,1111,domain_09,3d_projection,none,generic,0,False,class_060
train_001112,train/images.npz,1112,domain_06,retinal,none,generic,0,False,class_032
train_001113,train/images.npz,1113,domain_03,xray,brightness,generic,1,False,class_025
train_001114,train/images.npz,1114,domain_09,3d_projection,brightness,generic,1,False,class_062
train_001115,train/images.npz,1115,domain_03,xray,none,generic,0,False,class_020
train_001116,train/images.npz,1116,domain_03,xray,none,generic,0,False,class_021
train_001117,train/images.npz,1117,domain_08,ct,none,generic,0,False,class_052
train_001118,train/images.npz,1118,domain_15,microscopy,blur,generic,2,False,class_101
train_001119,train/images.npz,1119,domain_03,xray,blur,generic,1,False,class_019
train_001120,train/images.npz,1120,domain_03,xray,none,generic,0,False,class_017
train_001121,train/images.npz,1121,domain_08,ct,blur,generic,1,False,class_053
train_001122,train/images.npz,1122,domain_10,ct,none,generic,0,False,class_079
train_001123,train/images.npz,1123,domain_08,ct,none,generic,0,False,class_052
train_001124,train/images.npz,1124,domain_03,xray,none,generic,0,False,class_016
train_001125,train/images.npz,1125,domain_07,ct,brightness,generic,1,False,class_046
train_001126,train/images.npz,1126,domain_11,microscopy,noise,generic,1,False,class_088
train_001127,train/images.npz,1127,domain_11,microscopy,noise,generic,1,False,class_082
train_001128,train/images.npz,1128,domain_03,xray,noise,generic,1,False,class_014
train_001129,train/images.npz,1129,domain_05,3d_projection,noise,generic,2,False,class_030
train_001130,train/images.npz,1130,domain_03,xray,contrast,generic,1,False,class_022
train_001131,train/images.npz,1131,domain_10,ct,none,generic,0,False,class_079
train_001132,train/images.npz,1132,domain_03,xray,noise,generic,1,False,class_025
train_001133,train/images.npz,1133,domain_01,microscopy,none,generic,0,False,class_006
train_001134,train/images.npz,1134,domain_03,xray,contrast,generic,2,False,class_021
train_001135,train/images.npz,1135,domain_06,retinal,none,generic,0,False,class_032
train_001136,train/images.npz,1136,domain_11,microscopy,noise,generic,1,False,class_083
train_001137,train/images.npz,1137,domain_07,ct,contrast,generic,1,False,class_039
train_001138,train/images.npz,1138,domain_13,retinal,none,generic,0,False,class_092
train_001139,train/images.npz,1139,domain_12,xray,none,generic,0,False,class_089
train_001140,train/images.npz,1140,domain_02,ultrasound,none,generic,0,False,class_010
train_001141,train/images.npz,1141,domain_03,xray,none,generic,0,False,class_015
train_001142,train/images.npz,1142,domain_08,ct,blur,generic,1,False,class_051
train_001143,train/images.npz,1143,domain_13,retinal,none,generic,0,False,class_093
train_001144,train/images.npz,1144,domain_15,microscopy,none,generic,0,False,class_099
train_001145,train/images.npz,1145,domain_08,ct,none,generic,0,False,class_050
train_001146,train/images.npz,1146,domain_09,3d_projection,none,generic,0,False,class_064
train_001147,train/images.npz,1147,domain_09,3d_projection,noise,generic,2,False,class_062
train_001148,train/images.npz,1148,domain_03,xray,noise,generic,2,False,class_021
train_001149,train/images.npz,1149,domain_11,microscopy,blur,generic,2,False,class_087
train_001150,train/images.npz,1150,domain_10,ct,contrast,generic,2,False,class_074
train_001151,train/images.npz,1151,domain_07,ct,contrast,generic,1,False,class_036
train_001152,train/images.npz,1152,domain_15,microscopy,none,generic,0,False,class_101
train_001153,train/images.npz,1153,domain_15,microscopy,none,generic,0,False,class_104
train_001154,train/images.npz,1154,domain_08,ct,blur,generic,1,False,class_051
train_001155,train/images.npz,1155,domain_09,3d_projection,none,generic,0,False,class_058
train_001156,train/images.npz,1156,domain_03,xray,none,generic,0,False,class_024
train_001157,train/images.npz,1157,domain_01,microscopy,brightness,generic,2,False,class_008
train_001158,train/images.npz,1158,domain_03,xray,noise,generic,2,False,class_016
train_001159,train/images.npz,1159,domain_10,ct,none,generic,0,False,class_076
train_001160,train/images.npz,1160,domain_07,ct,none,generic,0,False,class_039
train_001161,train/images.npz,1161,domain_13,retinal,contrast,generic,1,False,class_092
train_001162,train/images.npz,1162,domain_03,xray,none,generic,0,False,class_022
train_001163,train/images.npz,1163,domain_00,3d_projection,noise,generic,2,False,class_000
train_001164,train/images.npz,1164,domain_00,3d_projection,noise,generic,1,False,class_001
train_001165,train/images.npz,1165,domain_08,ct,brightness,generic,2,False,class_056
train_001166,train/images.npz,1166,domain_03,xray,none,generic,0,False,class_023
train_001167,train/images.npz,1167,domain_12,xray,blur,generic,1,False,class_089
train_001168,train/images.npz,1168,domain_08,ct,contrast,generic,2,False,class_048
train_001169,train/images.npz,1169,domain_03,xray,none,generic,0,False,class_025
train_001170,train/images.npz,1170,domain_13,retinal,none,generic,0,False,class_092
train_001171,train/images.npz,1171,domain_03,xray,none,generic,0,False,class_016
train_001172,train/images.npz,1172,domain_13,retinal,none,generic,0,False,class_093
train_001173,train/images.npz,1173,domain_10,ct,contrast,generic,1,False,class_077
train_001174,train/images.npz,1174,domain_11,microscopy,contrast,generic,1,False,class_083
train_001175,train/images.npz,1175,domain_01,microscopy,noise,generic,1,False,class_002
train_001176,train/images.npz,1176,domain_09,3d_projection,none,generic,0,False,class_063
train_001177,train/images.npz,1177,domain_15,microscopy,none,generic,0,False,class_099
train_001178,train/images.npz,1178,domain_03,xray,noise,generic,2,False,class_025
train_001179,train/images.npz,1179,domain_03,xray,none,generic,0,False,class_018
train_001180,train/images.npz,1180,domain_09,3d_projection,contrast,generic,2,False,class_066
train_001181,train/images.npz,1181,domain_09,3d_projection,none,generic,0,False,class_066
train_001182,train/images.npz,1182,domain_11,microscopy,noise,generic,1,False,class_083
train_001183,train/images.npz,1183,domain_03,xray,noise,generic,1,False,class_026
train_001184,train/images.npz,1184,domain_03,xray,none,generic,0,False,class_015
train_001185,train/images.npz,1185,domain_15,microscopy,contrast,generic,1,False,class_100
train_001186,train/images.npz,1186,domain_11,microscopy,none,generic,0,False,class_083
train_001187,train/images.npz,1187,domain_03,xray,none,generic,0,False,class_026
train_001188,train/images.npz,1188,domain_08,ct,none,generic,0,False,class_051
train_001189,train/images.npz,1189,domain_03,xray,contrast,generic,2,False,class_018
train_001190,train/images.npz,1190,domain_01,microscopy,blur,generic,2,False,class_009
train_001191,train/images.npz,1191,domain_10,ct,none,generic,0,False,class_075
train_001192,train/images.npz,1192,domain_01,microscopy,none,generic,0,False,class_009
train_001193,train/images.npz,1193,domain_03,xray,none,generic,0,False,class_013
train_001194,train/images.npz,1194,domain_09,3d_projection,contrast,generic,1,False,class_068
train_001195,train/images.npz,1195,domain_03,xray,none,generic,0,False,class_017
train_001196,train/images.npz,1196,domain_01,microscopy,brightness,generic,2,False,class_004
train_001197,train/images.npz,1197,domain_01,microscopy,none,generic,0,False,class_003
train_001198,train/images.npz,1198,domain_03,xray,none,generic,0,False,class_016
train_001199,train/images.npz,1199,domain_03,xray,none,generic,0,False,class_015
train_001200,train/images.npz,1200,domain_10,ct,none,generic,0,False,class_071
train_001201,train/images.npz,1201,domain_11,microscopy,noise,generic,1,False,class_088
train_001202,train/images.npz,1202,domain_12,xray,noise,generic,2,False,class_089
train_001203,train/images.npz,1203,domain_08,ct,noise,generic,1,False,class_050
train_001204,train/images.npz,1204,domain_07,ct,blur,generic,2,False,class_039
train_001205,train/images.npz,1205,domain_02,ultrasound,contrast,generic,1,False,class_011
train_001206,train/images.npz,1206,domain_16,3d_projection,none,generic,0,False,class_106
train_001207,train/images.npz,1207,domain_07,ct,none,generic,0,False,class_037
train_001208,train/images.npz,1208,domain_11,microscopy,blur,generic,1,False,class_080
train_001209,train/images.npz,1209,domain_08,ct,brightness,generic,1,False,class_048
train_001210,train/images.npz,1210,domain_03,xray,none,generic,0,False,class_013
train_001211,train/images.npz,1211,domain_08,ct,none,generic,0,False,class_053
train_001212,train/images.npz,1212,domain_05,3d_projection,none,generic,0,False,class_031
train_001213,train/images.npz,1213,domain_02,ultrasound,contrast,generic,1,False,class_011
train_001214,train/images.npz,1214,domain_10,ct,none,generic,0,False,class_072
train_001215,train/images.npz,1215,domain_06,retinal,noise,generic,1,False,class_034
train_001216,train/images.npz,1216,domain_15,microscopy,contrast,generic,1,False,class_100
train_001217,train/images.npz,1217,domain_03,xray,none,generic,0,False,class_022
train_001218,train/images.npz,1218,domain_00,3d_projection,noise,generic,1,False,class_001
train_001219,train/images.npz,1219,domain_08,ct,noise,generic,1,False,class_054
train_001220,train/images.npz,1220,domain_02,ultrasound,contrast,generic,1,False,class_011
train_001221,train/images.npz,1221,domain_11,microscopy,contrast,generic,2,False,class_083
train_001222,train/images.npz,1222,domain_09,3d_projection,blur,generic,2,False,class_065
train_001223,train/images.npz,1223,domain_03,xray,none,generic,0,False,class_020
train_001224,train/images.npz,1224,domain_07,ct,none,generic,0,False,class_042
train_001225,train/images.npz,1225,domain_11,microscopy,none,generic,0,False,class_081
train_001226,train/images.npz,1226,domain_12,xray,brightness,generic,1,False,class_089
train_001227,train/images.npz,1227,domain_08,ct,noise,generic,1,False,class_055
train_001228,train/images.npz,1228,domain_07,ct,blur,generic,1,False,class_046
train_001229,train/images.npz,1229,domain_08,ct,none,generic,0,False,class_056
train_001230,train/images.npz,1230,domain_08,ct,blur,generic,1,False,class_054
train_001231,train/images.npz,1231,domain_14,3d_projection,contrast,generic,1,False,class_096
train_001232,train/images.npz,1232,domain_07,ct,noise,generic,1,False,class_044
train_001233,train/images.npz,1233,domain_08,ct,contrast,generic,1,False,class_052
train_001234,train/images.npz,1234,domain_07,ct,none,generic,0,False,class_041
train_001235,train/images.npz,1235,domain_14,3d_projection,brightness,generic,2,False,class_096
train_001236,train/images.npz,1236,domain_10,ct,none,generic,0,False,class_072
train_001237,train/images.npz,1237,domain_06,retinal,none,generic,0,False,class_033
train_001238,train/images.npz,1238,domain_04,3d_projection,none,generic,0,False,class_027
train_001239,train/images.npz,1239,domain_08,ct,noise,generic,1,False,class_050
train_001240,train/images.npz,1240,domain_08,ct,none,generic,0,False,class_050
train_001241,train/images.npz,1241,domain_07,ct,noise,generic,1,False,class_039
train_001242,train/images.npz,1242,domain_10,ct,blur,generic,1,False,class_069
train_001243,train/images.npz,1243,domain_06,retinal,none,generic,0,False,class_033
train_001244,train/images.npz,1244,domain_11,microscopy,brightness,generic,1,False,class_085
train_001245,train/images.npz,1245,domain_13,retinal,contrast,generic,2,False,class_095
train_001246,train/images.npz,1246,domain_11,microscopy,none,generic,0,False,class_088
train_001247,train/images.npz,1247,domain_07,ct,contrast,generic,1,False,class_046
train_001248,train/images.npz,1248,domain_14,3d_projection,contrast,generic,2,False,class_096
train_001249,train/images.npz,1249,domain_03,xray,none,generic,0,False,class_013
train_001250,train/images.npz,1250,domain_09,3d_projection,none,generic,0,False,class_062
train_001251,train/images.npz,1251,domain_10,ct,none,generic,0,False,class_072
train_001252,train/images.npz,1252,domain_10,ct,contrast,generic,1,False,class_069
train_001253,train/images.npz,1253,domain_03,xray,none,generic,0,False,class_025
train_001254,train/images.npz,1254,domain_16,3d_projection,none,generic,0,False,class_107
train_001255,train/images.npz,1255,domain_03,xray,brightness,generic,1,False,class_026
train_001256,train/images.npz,1256,domain_15,microscopy,brightness,generic,1,False,class_103
train_001257,train/images.npz,1257,domain_09,3d_projection,contrast,generic,1,False,class_058
train_001258,train/images.npz,1258,domain_09,3d_projection,noise,generic,1,False,class_062
train_001259,train/images.npz,1259,domain_09,3d_projection,contrast,generic,1,False,class_060
train_001260,train/images.npz,1260,domain_10,ct,none,generic,0,False,class_076
train_001261,train/images.npz,1261,domain_03,xray,none,generic,0,False,class_014
train_001262,train/images.npz,1262,domain_09,3d_projection,blur,generic,1,False,class_064
train_001263,train/images.npz,1263,domain_03,xray,none,generic,0,False,class_018
train_001264,train/images.npz,1264,domain_07,ct,noise,generic,1,False,class_036
train_001265,train/images.npz,1265,domain_15,microscopy,none,generic,0,False,class_099
train_001266,train/images.npz,1266,domain_09,3d_projection,none,generic,0,False,class_066
train_001267,train/images.npz,1267,domain_03,xray,blur,generic,1,False,class_014
train_001268,train/images.npz,1268,domain_16,3d_projection,contrast,generic,1,False,class_107
train_001269,train/images.npz,1269,domain_07,ct,none,generic,0,False,class_043
train_001270,train/images.npz,1270,domain_08,ct,contrast,generic,1,False,class_056
train_001271,train/images.npz,1271,domain_07,ct,noise,generic,2,False,class_036
train_001272,train/images.npz,1272,domain_11,microscopy,none,generic,0,False,class_084
train_001273,train/images.npz,1273,domain_10,ct,blur,generic,2,False,class_073
train_001274,train/images.npz,1274,domain_10,ct,contrast,generic,2,False,class_076
train_001275,train/images.npz,1275,domain_11,microscopy,noise,generic,2,False,class_085
train_001276,train/images.npz,1276,domain_11,microscopy,noise,generic,1,False,class_086
train_001277,train/images.npz,1277,domain_11,microscopy,noise,generic,1,False,class_087
train_001278,train/images.npz,1278,domain_03,xray,noise,generic,1,False,class_022
train_001279,train/images.npz,1279,domain_08,ct,blur,generic,1,False,class_054
train_001280,train/images.npz,1280,domain_07,ct,contrast,generic,2,False,class_040
train_001281,train/images.npz,1281,domain_07,ct,none,generic,0,False,class_042
train_001282,train/images.npz,1282,domain_03,xray,noise,generic,1,False,class_016
train_001283,train/images.npz,1283,domain_08,ct,noise,generic,2,False,class_055
train_001284,train/images.npz,1284,domain_03,xray,noise,generic,1,False,class_013
train_001285,train/images.npz,1285,domain_05,3d_projection,none,generic,0,False,class_031
train_001286,train/images.npz,1286,domain_09,3d_projection,contrast,generic,2,False,class_063
train_001287,train/images.npz,1287,domain_04,3d_projection,blur,generic,2,False,class_029
train_001288,train/images.npz,1288,domain_11,microscopy,none,generic,0,False,class_085
train_001289,train/images.npz,1289,domain_03,xray,none,generic,0,False,class_012
train_001290,train/images.npz,1290,domain_10,ct,noise,generic,2,False,class_075
train_001291,train/images.npz,1291,domain_10,ct,brightness,generic,2,False,class_079
train_001292,train/images.npz,1292,domain_16,3d_projection,none,generic,0,False,class_107
train_001293,train/images.npz,1293,domain_08,ct,noise,generic,1,False,class_057
train_001294,train/images.npz,1294,domain_08,ct,contrast,generic,1,False,class_052
train_001295,train/images.npz,1295,domain_08,ct,contrast,generic,1,False,class_051
train_001296,train/images.npz,1296,domain_03,xray,none,generic,0,False,class_024
train_001297,train/images.npz,1297,domain_08,ct,blur,generic,1,False,class_047
train_001298,train/images.npz,1298,domain_09,3d_projection,blur,generic,2,False,class_068
train_001299,train/images.npz,1299,domain_11,microscopy,none,generic,0,False,class_087
train_001300,train/images.npz,1300,domain_07,ct,noise,generic,1,False,class_036
train_001301,train/images.npz,1301,domain_14,3d_projection,none,generic,0,False,class_096
train_001302,train/images.npz,1302,domain_03,xray,contrast,generic,1,False,class_017
train_001303,train/images.npz,1303,domain_08,ct,noise,generic,1,False,class_049
train_001304,train/images.npz,1304,domain_10,ct,none,generic,0,False,class_072
train_001305,train/images.npz,1305,domain_07,ct,contrast,generic,1,False,class_040
train_001306,train/images.npz,1306,domain_09,3d_projection,noise,generic,1,False,class_066
train_001307,train/images.npz,1307,domain_09,3d_projection,blur,generic,2,False,class_068
train_001308,train/images.npz,1308,domain_03,xray,noise,generic,2,False,class_013
train_001309,train/images.npz,1309,domain_08,ct,none,generic,0,False,class_057
train_001310,train/images.npz,1310,domain_11,microscopy,blur,generic,1,False,class_087
train_001311,train/images.npz,1311,domain_07,ct,noise,generic,1,False,class_043
train_001312,train/images.npz,1312,domain_13,retinal,contrast,generic,1,False,class_092
train_001313,train/images.npz,1313,domain_10,ct,blur,generic,1,False,class_073
train_001314,train/images.npz,1314,domain_07,ct,none,generic,0,False,class_040
train_001315,train/images.npz,1315,domain_11,microscopy,contrast,generic,1,False,class_082
train_001316,train/images.npz,1316,domain_10,ct,none,generic,0,False,class_071
train_001317,train/images.npz,1317,domain_06,retinal,noise,generic,1,False,class_033
train_001318,train/images.npz,1318,domain_09,3d_projection,none,generic,0,False,class_067
train_001319,train/images.npz,1319,domain_07,ct,blur,generic,1,False,class_036
train_001320,train/images.npz,1320,domain_07,ct,none,generic,0,False,class_045
train_001321,train/images.npz,1321,domain_07,ct,noise,generic,1,False,class_036
train_001322,train/images.npz,1322,domain_01,microscopy,blur,generic,1,False,class_008
train_001323,train/images.npz,1323,domain_03,xray,none,generic,0,False,class_021
train_001324,train/images.npz,1324,domain_08,ct,none,generic,0,False,class_052
train_001325,train/images.npz,1325,domain_01,microscopy,none,generic,0,False,class_009
train_001326,train/images.npz,1326,domain_11,microscopy,none,generic,0,False,class_081
train_001327,train/images.npz,1327,domain_15,microscopy,none,generic,0,False,class_101
train_001328,train/images.npz,1328,domain_01,microscopy,contrast,generic,1,False,class_008
train_001329,train/images.npz,1329,domain_15,microscopy,none,generic,0,False,class_103
train_001330,train/images.npz,1330,domain_07,ct,none,generic,0,False,class_042
train_001331,train/images.npz,1331,domain_14,3d_projection,brightness,generic,1,False,class_096
train_001332,train/images.npz,1332,domain_13,retinal,none,generic,0,False,class_091
train_001333,train/images.npz,1333,domain_12,xray,blur,generic,1,False,class_089
train_001334,train/images.npz,1334,domain_07,ct,noise,generic,1,False,class_044
train_001335,train/images.npz,1335,domain_15,microscopy,contrast,generic,2,False,class_105
train_001336,train/images.npz,1336,domain_01,microscopy,brightness,generic,1,False,class_005
train_001337,train/images.npz,1337,domain_07,ct,noise,generic,1,False,class_043
train_001338,train/images.npz,1338,domain_10,ct,none,generic,0,False,class_076
train_001339,train/images.npz,1339,domain_14,3d_projection,contrast,generic,2,False,class_097
train_001340,train/images.npz,1340,domain_10,ct,none,generic,0,False,class_078
train_001341,train/images.npz,1341,domain_15,microscopy,none,generic,0,False,class_104
train_001342,train/images.npz,1342,domain_10,ct,blur,generic,1,False,class_070
train_001343,train/images.npz,1343,domain_15,microscopy,none,generic,0,False,class_104
train_001344,train/images.npz,1344,domain_10,ct,contrast,generic,1,False,class_073
train_001345,train/images.npz,1345,domain_09,3d_projection,none,generic,0,False,class_065
train_001346,train/images.npz,1346,domain_06,retinal,none,generic,0,False,class_034
train_001347,train/images.npz,1347,domain_12,xray,noise,generic,1,False,class_089
train_001348,train/images.npz,1348,domain_14,3d_projection,none,generic,0,False,class_096
train_001349,train/images.npz,1349,domain_03,xray,none,generic,0,False,class_021
train_001350,train/images.npz,1350,domain_10,ct,none,generic,0,False,class_076
train_001351,train/images.npz,1351,domain_11,microscopy,none,generic,0,False,class_080
train_001352,train/images.npz,1352,domain_03,xray,blur,generic,2,False,class_018
train_001353,train/images.npz,1353,domain_01,microscopy,none,generic,0,False,class_007
train_001354,train/images.npz,1354,domain_03,xray,none,generic,0,False,class_024
train_001355,train/images.npz,1355,domain_03,xray,none,generic,0,False,class_014
train_001356,train/images.npz,1356,domain_15,microscopy,blur,generic,1,False,class_104
train_001357,train/images.npz,1357,domain_00,3d_projection,none,generic,0,False,class_001
train_001358,train/images.npz,1358,domain_01,microscopy,noise,generic,1,False,class_008
train_001359,train/images.npz,1359,domain_03,xray,noise,generic,2,False,class_015
train_001360,train/images.npz,1360,domain_10,ct,none,generic,0,False,class_072
train_001361,train/images.npz,1361,domain_03,xray,contrast,generic,1,False,class_025
train_001362,train/images.npz,1362,domain_13,retinal,none,generic,0,False,class_093
train_001363,train/images.npz,1363,domain_08,ct,noise,generic,2,False,class_050
train_001364,train/images.npz,1364,domain_11,microscopy,none,generic,0,False,class_083
train_001365,train/images.npz,1365,domain_02,ultrasound,none,generic,0,False,class_011
train_001366,train/images.npz,1366,domain_16,3d_projection,blur,generic,1,False,class_107
train_001367,train/images.npz,1367,domain_03,xray,none,generic,0,False,class_025
train_001368,train/images.npz,1368,domain_15,microscopy,none,generic,0,False,class_101
train_001369,train/images.npz,1369,domain_03,xray,none,generic,0,False,class_016
train_001370,train/images.npz,1370,domain_10,ct,noise,generic,1,False,class_078
train_001371,train/images.npz,1371,domain_06,retinal,noise,generic,2,False,class_033
train_001372,train/images.npz,1372,domain_09,3d_projection,none,generic,0,False,class_059
train_001373,train/images.npz,1373,domain_11,microscopy,noise,generic,1,False,class_085
train_001374,train/images.npz,1374,domain_13,retinal,noise,generic,2,False,class_092
train_001375,train/images.npz,1375,domain_08,ct,noise,generic,1,False,class_051
train_001376,train/images.npz,1376,domain_07,ct,brightness,generic,1,False,class_044
train_001377,train/images.npz,1377,domain_10,ct,noise,generic,1,False,class_070
train_001378,train/images.npz,1378,domain_03,xray,noise,generic,2,False,class_017
train_001379,train/images.npz,1379,domain_14,3d_projection,none,generic,0,False,class_096
train_001380,train/images.npz,1380,domain_09,3d_projection,none,generic,0,False,class_059
train_001381,train/images.npz,1381,domain_07,ct,noise,generic,1,False,class_044
train_001382,train/images.npz,1382,domain_05,3d_projection,brightness,generic,1,False,class_030
train_001383,train/images.npz,1383,domain_07,ct,contrast,generic,1,False,class_042
train_001384,train/images.npz,1384,domain_03,xray,none,generic,0,False,class_026
train_001385,train/images.npz,1385,domain_08,ct,none,generic,0,False,class_057
train_001386,train/images.npz,1386,domain_07,ct,none,generic,0,False,class_042
train_001387,train/images.npz,1387,domain_08,ct,contrast,generic,1,False,class_050
train_001388,train/images.npz,1388,domain_10,ct,contrast,generic,1,False,class_071
train_001389,train/images.npz,1389,domain_01,microscopy,none,generic,0,False,class_002
train_001390,train/images.npz,1390,domain_14,3d_projection,contrast,generic,2,False,class_097
train_001391,train/images.npz,1391,domain_03,xray,none,generic,0,False,class_022
train_001392,train/images.npz,1392,domain_11,microscopy,none,generic,0,False,class_082
train_001393,train/images.npz,1393,domain_12,xray,contrast,generic,1,False,class_089
train_001394,train/images.npz,1394,domain_15,microscopy,none,generic,0,False,class_104
train_001395,train/images.npz,1395,domain_07,ct,none,generic,0,False,class_045
train_001396,train/images.npz,1396,domain_11,microscopy,blur,generic,1,False,class_084
train_001397,train/images.npz,1397,domain_08,ct,none,generic,0,False,class_057
train_001398,train/images.npz,1398,domain_10,ct,brightness,generic,2,False,class_070
train_001399,train/images.npz,1399,domain_04,3d_projection,none,generic,0,False,class_029
train_001400,train/images.npz,1400,domain_14,3d_projection,none,generic,0,False,class_097
train_001401,train/images.npz,1401,domain_11,microscopy,blur,generic,1,False,class_084
train_001402,train/images.npz,1402,domain_07,ct,blur,generic,1,False,class_038
train_001403,train/images.npz,1403,domain_08,ct,brightness,generic,1,False,class_050
train_001404,train/images.npz,1404,domain_07,ct,contrast,generic,1,False,class_039
train_001405,train/images.npz,1405,domain_02,ultrasound,none,generic,0,False,class_011
train_001406,train/images.npz,1406,domain_01,microscopy,none,generic,0,False,class_004
train_001407,train/images.npz,1407,domain_07,ct,none,generic,0,False,class_045
train_001408,train/images.npz,1408,domain_03,xray,brightness,generic,2,False,class_017
train_001409,train/images.npz,1409,domain_10,ct,contrast,generic,1,False,class_075
train_001410,train/images.npz,1410,domain_08,ct,noise,generic,1,False,class_052
train_001411,train/images.npz,1411,domain_08,ct,blur,generic,1,False,class_047
train_001412,train/images.npz,1412,domain_11,microscopy,contrast,generic,2,False,class_082
train_001413,train/images.npz,1413,domain_00,3d_projection,blur,generic,1,False,class_001
train_001414,train/images.npz,1414,domain_10,ct,noise,generic,1,False,class_075
train_001415,train/images.npz,1415,domain_11,microscopy,brightness,generic,1,False,class_084
train_001416,train/images.npz,1416,domain_08,ct,none,generic,0,False,class_053
train_001417,train/images.npz,1417,domain_03,xray,none,generic,0,False,class_024
train_001418,train/images.npz,1418,domain_03,xray,contrast,generic,1,False,class_022
train_001419,train/images.npz,1419,domain_00,3d_projection,none,generic,0,False,class_001
train_001420,train/images.npz,1420,domain_13,retinal,none,generic,0,False,class_094
train_001421,train/images.npz,1421,domain_02,ultrasound,none,generic,0,False,class_011
train_001422,train/images.npz,1422,domain_07,ct,none,generic,0,False,class_042
train_001423,train/images.npz,1423,domain_03,xray,none,generic,0,False,class_013
train_001424,train/images.npz,1424,domain_03,xray,noise,generic,1,False,class_014
train_001425,train/images.npz,1425,domain_02,ultrasound,contrast,generic,1,False,class_011
train_001426,train/images.npz,1426,domain_15,microscopy,blur,generic,1,False,class_105
train_001427,train/images.npz,1427,domain_08,ct,none,generic,0,False,class_055
train_001428,train/images.npz,1428,domain_03,xray,blur,generic,2,False,class_024
train_001429,train/images.npz,1429,domain_09,3d_projection,none,generic,0,False,class_058
train_001430,train/images.npz,1430,domain_03,xray,brightness,generic,1,False,class_022
train_001431,train/images.npz,1431,domain_09,3d_projection,blur,generic,1,False,class_060
train_001432,train/images.npz,1432,domain_00,3d_projection,none,generic,0,False,class_000
train_001433,train/images.npz,1433,domain_11,microscopy,blur,generic,1,False,class_083
train_001434,train/images.npz,1434,domain_10,ct,brightness,generic,2,False,class_073
train_001435,train/images.npz,1435,domain_03,xray,noise,generic,1,False,class_021
train_001436,train/images.npz,1436,domain_11,microscopy,contrast,generic,1,False,class_088
train_001437,train/images.npz,1437,domain_10,ct,noise,generic,1,False,class_079
train_001438,train/images.npz,1438,domain_10,ct,contrast,generic,1,False,class_079
train_001439,train/images.npz,1439,domain_08,ct,none,generic,0,False,class_056
train_001440,train/images.npz,1440,domain_15,microscopy,none,generic,0,False,class_105
train_001441,train/images.npz,1441,domain_07,ct,none,generic,0,False,class_041
train_001442,train/images.npz,1442,domain_15,microscopy,none,generic,0,False,class_101
train_001443,train/images.npz,1443,domain_15,microscopy,none,generic,0,False,class_100
train_001444,train/images.npz,1444,domain_10,ct,none,generic,0,False,class_077
train_001445,train/images.npz,1445,domain_15,microscopy,brightness,generic,1,False,class_099
train_001446,train/images.npz,1446,domain_15,microscopy,none,generic,0,False,class_101
train_001447,train/images.npz,1447,domain_15,microscopy,contrast,generic,2,False,class_101
train_001448,train/images.npz,1448,domain_11,microscopy,blur,generic,1,False,class_080
train_001449,train/images.npz,1449,domain_04,3d_projection,contrast,generic,1,False,class_027
train_001450,train/images.npz,1450,domain_08,ct,blur,generic,1,False,class_054
train_001451,train/images.npz,1451,domain_00,3d_projection,contrast,generic,1,False,class_001
train_001452,train/images.npz,1452,domain_14,3d_projection,noise,generic,1,False,class_097
train_001453,train/images.npz,1453,domain_09,3d_projection,noise,generic,1,False,class_067
train_001454,train/images.npz,1454,domain_08,ct,none,generic,0,False,class_047
train_001455,train/images.npz,1455,domain_03,xray,noise,generic,1,False,class_022
train_001456,train/images.npz,1456,domain_07,ct,none,generic,0,False,class_041
train_001457,train/images.npz,1457,domain_08,ct,noise,generic,1,False,class_052
train_001458,train/images.npz,1458,domain_01,microscopy,contrast,generic,1,False,class_005
train_001459,train/images.npz,1459,domain_11,microscopy,noise,generic,2,False,class_083
train_001460,train/images.npz,1460,domain_08,ct,none,generic,0,False,class_054
train_001461,train/images.npz,1461,domain_12,xray,noise,generic,1,False,class_089
train_001462,train/images.npz,1462,domain_10,ct,noise,generic,1,False,class_076
train_001463,train/images.npz,1463,domain_04,3d_projection,none,generic,0,False,class_027
train_001464,train/images.npz,1464,domain_15,microscopy,noise,generic,1,False,class_105
train_001465,train/images.npz,1465,domain_01,microscopy,noise,generic,1,False,class_003
train_001466,train/images.npz,1466,domain_07,ct,none,generic,0,False,class_040
train_001467,train/images.npz,1467,domain_11,microscopy,none,generic,0,False,class_083
train_001468,train/images.npz,1468,domain_13,retinal,none,generic,0,False,class_091
train_001469,train/images.npz,1469,domain_03,xray,blur,generic,1,False,class_018
train_001470,train/images.npz,1470,domain_04,3d_projection,none,generic,0,False,class_029
train_001471,train/images.npz,1471,domain_00,3d_projection,none,generic,0,False,class_000
train_001472,train/images.npz,1472,domain_08,ct,noise,generic,1,False,class_049
train_001473,train/images.npz,1473,domain_10,ct,none,generic,0,False,class_075
train_001474,train/images.npz,1474,domain_09,3d_projection,none,generic,0,False,class_059
train_001475,train/images.npz,1475,domain_01,microscopy,noise,generic,2,False,class_003
train_001476,train/images.npz,1476,domain_08,ct,none,generic,0,False,class_057
train_001477,train/images.npz,1477,domain_11,microscopy,brightness,generic,1,False,class_087
train_001478,train/images.npz,1478,domain_00,3d_projection,brightness,generic,2,False,class_001
train_001479,train/images.npz,1479,domain_11,microscopy,none,generic,0,False,class_082
train_001480,train/images.npz,1480,domain_07,ct,none,generic,0,False,class_040
train_001481,train/images.npz,1481,domain_08,ct,none,generic,0,False,class_049
train_001482,train/images.npz,1482,domain_15,microscopy,none,generic,0,False,class_099
train_001483,train/images.npz,1483,domain_10,ct,none,generic,0,False,class_078
train_001484,train/images.npz,1484,domain_08,ct,none,generic,0,False,class_051
train_001485,train/images.npz,1485,domain_08,ct,contrast,generic,1,False,class_049
train_001486,train/images.npz,1486,domain_16,3d_projection,none,generic,0,False,class_106
train_001487,train/images.npz,1487,domain_09,3d_projection,brightness,generic,1,False,class_065
train_001488,train/images.npz,1488,domain_08,ct,contrast,generic,1,False,class_051
train_001489,train/images.npz,1489,domain_15,microscopy,blur,generic,1,False,class_101
train_001490,train/images.npz,1490,domain_04,3d_projection,blur,generic,1,False,class_028
train_001491,train/images.npz,1491,domain_09,3d_projection,none,generic,0,False,class_067
train_001492,train/images.npz,1492,domain_13,retinal,contrast,generic,1,False,class_093
train_001493,train/images.npz,1493,domain_10,ct,none,generic,0,False,class_074
train_001494,train/images.npz,1494,domain_09,3d_projection,blur,generic,2,False,class_061
train_001495,train/images.npz,1495,domain_15,microscopy,brightness,generic,1,False,class_098
train_001496,train/images.npz,1496,domain_15,microscopy,none,generic,0,False,class_105
train_001497,train/images.npz,1497,domain_07,ct,none,generic,0,False,class_038
train_001498,train/images.npz,1498,domain_15,microscopy,none,generic,0,False,class_104
train_001499,train/images.npz,1499,domain_13,retinal,none,generic,0,False,class_092
train_001500,train/images.npz,1500,domain_11,microscopy,none,generic,0,False,class_084
train_001501,train/images.npz,1501,domain_07,ct,none,generic,0,False,class_046
train_001502,train/images.npz,1502,domain_10,ct,contrast,generic,1,False,class_069
train_001503,train/images.npz,1503,domain_05,3d_projection,noise,generic,1,False,class_030
train_001504,train/images.npz,1504,domain_01,microscopy,noise,generic,1,False,class_005
train_001505,train/images.npz,1505,domain_09,3d_projection,none,generic,0,False,class_059
train_001506,train/images.npz,1506,domain_15,microscopy,none,generic,0,False,class_098
train_001507,train/images.npz,1507,domain_03,xray,none,generic,0,False,class_023
train_001508,train/images.npz,1508,domain_14,3d_projection,none,generic,0,False,class_096
train_001509,train/images.npz,1509,domain_01,microscopy,none,generic,0,False,class_005
train_001510,train/images.npz,1510,domain_07,ct,none,generic,0,False,class_043
train_001511,train/images.npz,1511,domain_03,xray,none,generic,0,False,class_024
train_001512,train/images.npz,1512,domain_15,microscopy,noise,generic,1,False,class_099
train_001513,train/images.npz,1513,domain_00,3d_projection,blur,generic,1,False,class_001
train_001514,train/images.npz,1514,domain_09,3d_projection,none,generic,0,False,class_061
train_001515,train/images.npz,1515,domain_10,ct,blur,generic,2,False,class_070
train_001516,train/images.npz,1516,domain_16,3d_projection,blur,generic,2,False,class_107
train_001517,train/images.npz,1517,domain_07,ct,brightness,generic,2,False,class_045
train_001518,train/images.npz,1518,domain_15,microscopy,contrast,generic,1,False,class_100
train_001519,train/images.npz,1519,domain_08,ct,brightness,generic,1,False,class_048
train_001520,train/images.npz,1520,domain_10,ct,none,generic,0,False,class_074
train_001521,train/images.npz,1521,domain_08,ct,blur,generic,1,False,class_048
train_001522,train/images.npz,1522,domain_15,microscopy,none,generic,0,False,class_099
train_001523,train/images.npz,1523,domain_09,3d_projection,contrast,generic,2,False,class_061
train_001524,train/images.npz,1524,domain_13,retinal,blur,generic,1,False,class_095
train_001525,train/images.npz,1525,domain_01,microscopy,none,generic,0,False,class_008
train_001526,train/images.npz,1526,domain_11,microscopy,contrast,generic,1,False,class_087
train_001527,train/images.npz,1527,domain_13,retinal,none,generic,0,False,class_095
train_001528,train/images.npz,1528,domain_06,retinal,brightness,generic,1,False,class_032
train_001529,train/images.npz,1529,domain_04,3d_projection,contrast,generic,1,False,class_027
train_001530,train/images.npz,1530,domain_15,microscopy,brightness,generic,2,False,class_099
train_001531,train/images.npz,1531,domain_07,ct,noise,generic,1,False,class_036
train_001532,train/images.npz,1532,domain_15,microscopy,noise,generic,1,False,class_098
train_001533,train/images.npz,1533,domain_03,xray,contrast,generic,1,False,class_013
train_001534,train/images.npz,1534,domain_03,xray,contrast,generic,1,False,class_016
train_001535,train/images.npz,1535,domain_15,microscopy,none,generic,0,False,class_098
train_001536,train/images.npz,1536,domain_10,ct,none,generic,0,False,class_074
train_001537,train/images.npz,1537,domain_03,xray,none,generic,0,False,class_026
train_001538,train/images.npz,1538,domain_10,ct,none,generic,0,False,class_078
train_001539,train/images.npz,1539,domain_11,microscopy,blur,generic,1,False,class_087
train_001540,train/images.npz,1540,domain_10,ct,noise,generic,2,False,class_072
train_001541,train/images.npz,1541,domain_09,3d_projection,brightness,generic,1,False,class_060
train_001542,train/images.npz,1542,domain_15,microscopy,blur,generic,1,False,class_098
train_001543,train/images.npz,1543,domain_07,ct,blur,generic,1,False,class_043
train_001544,train/images.npz,1544,domain_03,xray,none,generic,0,False,class_025
train_001545,train/images.npz,1545,domain_16,3d_projection,none,generic,0,False,class_106
train_001546,train/images.npz,1546,domain_09,3d_projection,blur,generic,1,False,class_065
train_001547,train/images.npz,1547,domain_13,retinal,none,generic,0,False,class_093
train_001548,train/images.npz,1548,domain_00,3d_projection,brightness,generic,1,False,class_001
train_001549,train/images.npz,1549,domain_13,retinal,none,generic,0,False,class_094
train_001550,train/images.npz,1550,domain_15,microscopy,blur,generic,1,False,class_103
train_001551,train/images.npz,1551,domain_09,3d_projection,brightness,generic,1,False,class_062
train_001552,train/images.npz,1552,domain_07,ct,none,generic,0,False,class_036
train_001553,train/images.npz,1553,domain_10,ct,brightness,generic,1,False,class_073
train_001554,train/images.npz,1554,domain_13,retinal,none,generic,0,False,class_093
train_001555,train/images.npz,1555,domain_02,ultrasound,noise,generic,1,False,class_011
train_001556,train/images.npz,1556,domain_03,xray,contrast,generic,1,False,class_025
train_001557,train/images.npz,1557,domain_07,ct,blur,generic,2,False,class_036
train_001558,train/images.npz,1558,domain_01,microscopy,brightness,generic,1,False,class_009
train_001559,train/images.npz,1559,domain_08,ct,brightness,generic,1,False,class_056
train_001560,train/images.npz,1560,domain_09,3d_projection,contrast,generic,1,False,class_067
train_001561,train/images.npz,1561,domain_08,ct,none,generic,0,False,class_048
train_001562,train/images.npz,1562,domain_09,3d_projection,none,generic,0,False,class_063
train_001563,train/images.npz,1563,domain_07,ct,none,generic,0,False,class_038
train_001564,train/images.npz,1564,domain_02,ultrasound,none,generic,0,False,class_011
train_001565,train/images.npz,1565,domain_09,3d_projection,noise,generic,2,False,class_066
train_001566,train/images.npz,1566,domain_10,ct,contrast,generic,2,False,class_070
train_001567,train/images.npz,1567,domain_10,ct,contrast,generic,1,False,class_075
train_001568,train/images.npz,1568,domain_04,3d_projection,brightness,generic,1,False,class_027
train_001569,train/images.npz,1569,domain_13,retinal,brightness,generic,2,False,class_092
train_001570,train/images.npz,1570,domain_15,microscopy,none,generic,0,False,class_102
train_001571,train/images.npz,1571,domain_03,xray,contrast,generic,1,False,class_021
train_001572,train/images.npz,1572,domain_13,retinal,none,generic,0,False,class_095
train_001573,train/images.npz,1573,domain_08,ct,brightness,generic,1,False,class_056
train_001574,train/images.npz,1574,domain_01,microscopy,blur,generic,1,False,class_009
train_001575,train/images.npz,1575,domain_11,microscopy,noise,generic,1,False,class_087
train_001576,train/images.npz,1576,domain_08,ct,brightness,generic,1,False,class_053
train_001577,train/images.npz,1577,domain_14,3d_projection,none,generic,0,False,class_096
train_001578,train/images.npz,1578,domain_10,ct,none,generic,0,False,class_072
train_001579,train/images.npz,1579,domain_07,ct,contrast,generic,2,False,class_041
train_001580,train/images.npz,1580,domain_15,microscopy,none,generic,0,False,class_098
train_001581,train/images.npz,1581,domain_09,3d_projection,none,generic,0,False,class_066
train_001582,train/images.npz,1582,domain_02,ultrasound,none,generic,0,False,class_011
train_001583,train/images.npz,1583,domain_08,ct,brightness,generic,1,False,class_056
train_001584,train/images.npz,1584,domain_10,ct,contrast,generic,2,False,class_070
train_001585,train/images.npz,1585,domain_15,microscopy,none,generic,0,False,class_101
train_001586,train/images.npz,1586,domain_03,xray,none,generic,0,False,class_025
train_001587,train/images.npz,1587,domain_03,xray,brightness,generic,1,False,class_024
train_001588,train/images.npz,1588,domain_07,ct,brightness,generic,1,False,class_038
train_001589,train/images.npz,1589,domain_10,ct,none,generic,0,False,class_070
train_001590,train/images.npz,1590,domain_07,ct,none,generic,0,False,class_041
train_001591,train/images.npz,1591,domain_07,ct,contrast,generic,1,False,class_042
train_001592,train/images.npz,1592,domain_06,retinal,blur,generic,1,False,class_032
train_001593,train/images.npz,1593,domain_09,3d_projection,noise,generic,1,False,class_067
train_001594,train/images.npz,1594,domain_08,ct,noise,generic,1,False,class_057
train_001595,train/images.npz,1595,domain_10,ct,brightness,generic,1,False,class_070
train_001596,train/images.npz,1596,domain_08,ct,noise,generic,1,False,class_057
train_001597,train/images.npz,1597,domain_16,3d_projection,none,generic,0,False,class_107
train_001598,train/images.npz,1598,domain_10,ct,none,generic,0,False,class_075
train_001599,train/images.npz,1599,domain_14,3d_projection,contrast,generic,1,False,class_096
train_001600,train/images.npz,1600,domain_10,ct,contrast,generic,1,False,class_073
train_001601,train/images.npz,1601,domain_09,3d_projection,none,generic,0,False,class_068
train_001602,train/images.npz,1602,domain_12,xray,noise,generic,1,False,class_090
train_001603,train/images.npz,1603,domain_11,microscopy,none,generic,0,False,class_081
train_001604,train/images.npz,1604,domain_08,ct,blur,generic,1,False,class_054
train_001605,train/images.npz,1605,domain_15,microscopy,none,generic,0,False,class_105
train_001606,train/images.npz,1606,domain_10,ct,blur,generic,1,False,class_073
train_001607,train/images.npz,1607,domain_15,microscopy,none,generic,0,False,class_105
train_001608,train/images.npz,1608,domain_10,ct,none,generic,0,False,class_070
train_001609,train/images.npz,1609,domain_03,xray,brightness,generic,1,False,class_013
train_001610,train/images.npz,1610,domain_03,xray,none,generic,0,False,class_024
train_001611,train/images.npz,1611,domain_14,3d_projection,none,generic,0,False,class_097
train_001612,train/images.npz,1612,domain_05,3d_projection,blur,generic,1,False,class_030
train_001613,train/images.npz,1613,domain_05,3d_projection,blur,generic,2,False,class_031
train_001614,train/images.npz,1614,domain_11,microscopy,brightness,generic,1,False,class_085
train_001615,train/images.npz,1615,domain_07,ct,blur,generic,1,False,class_043
train_001616,train/images.npz,1616,domain_11,microscopy,none,generic,0,False,class_080
train_001617,train/images.npz,1617,domain_10,ct,contrast,generic,1,False,class_069
train_001618,train/images.npz,1618,domain_09,3d_projection,noise,generic,2,False,class_061
train_001619,train/images.npz,1619,domain_09,3d_projection,contrast,generic,1,False,class_067
train_001620,train/images.npz,1620,domain_10,ct,brightness,generic,1,False,class_078
train_001621,train/images.npz,1621,domain_11,microscopy,none,generic,0,False,class_084
train_001622,train/images.npz,1622,domain_06,retinal,none,generic,0,False,class_035
train_001623,train/images.npz,1623,domain_02,ultrasound,noise,generic,1,False,class_010
train_001624,train/images.npz,1624,domain_11,microscopy,none,generic,0,False,class_080
train_001625,train/images.npz,1625,domain_01,microscopy,contrast,generic,1,False,class_006
train_001626,train/images.npz,1626,domain_01,microscopy,contrast,generic,1,False,class_005
train_001627,train/images.npz,1627,domain_13,retinal,noise,generic,1,False,class_093
train_001628,train/images.npz,1628,domain_10,ct,noise,generic,1,False,class_070
train_001629,train/images.npz,1629,domain_07,ct,none,generic,0,False,class_045
train_001630,train/images.npz,1630,domain_10,ct,none,generic,0,False,class_079
train_001631,train/images.npz,1631,domain_03,xray,blur,generic,1,False,class_024
train_001632,train/images.npz,1632,domain_07,ct,noise,generic,1,False,class_045
train_001633,train/images.npz,1633,domain_11,microscopy,contrast,generic,1,False,class_080
train_001634,train/images.npz,1634,domain_03,xray,noise,generic,1,False,class_014
train_001635,train/images.npz,1635,domain_08,ct,blur,generic,1,False,class_052
train_001636,train/images.npz,1636,domain_07,ct,blur,generic,1,False,class_046
train_001637,train/images.npz,1637,domain_03,xray,none,generic,0,False,class_026
train_001638,train/images.npz,1638,domain_03,xray,noise,generic,1,False,class_014
train_001639,train/images.npz,1639,domain_13,retinal,contrast,generic,2,False,class_095
train_001640,train/images.npz,1640,domain_08,ct,none,generic,0,False,class_047
train_001641,train/images.npz,1641,domain_08,ct,contrast,generic,1,False,class_053
train_001642,train/images.npz,1642,domain_06,retinal,none,generic,0,False,class_032
train_001643,train/images.npz,1643,domain_11,microscopy,noise,generic,1,False,class_086
train_001644,train/images.npz,1644,domain_11,microscopy,contrast,generic,2,False,class_086
train_001645,train/images.npz,1645,domain_14,3d_projection,none,generic,0,False,class_097
train_001646,train/images.npz,1646,domain_12,xray,none,generic,0,False,class_090
train_001647,train/images.npz,1647,domain_11,microscopy,none,generic,0,False,class_087
train_001648,train/images.npz,1648,domain_03,xray,noise,generic,1,False,class_022
train_001649,train/images.npz,1649,domain_11,microscopy,none,generic,0,False,class_081
train_001650,train/images.npz,1650,domain_11,microscopy,none,generic,0,False,class_081
train_001651,train/images.npz,1651,domain_01,microscopy,none,generic,0,False,class_009
train_001652,train/images.npz,1652,domain_11,microscopy,none,generic,0,False,class_085
train_001653,train/images.npz,1653,domain_09,3d_projection,noise,generic,1,False,class_064
train_001654,train/images.npz,1654,domain_04,3d_projection,contrast,generic,2,False,class_027
train_001655,train/images.npz,1655,domain_03,xray,noise,generic,1,False,class_019
train_001656,train/images.npz,1656,domain_03,xray,none,generic,0,False,class_016
train_001657,train/images.npz,1657,domain_07,ct,none,generic,0,False,class_043
train_001658,train/images.npz,1658,domain_09,3d_projection,brightness,generic,1,False,class_065
train_001659,train/images.npz,1659,domain_11,microscopy,contrast,generic,1,False,class_088
train_001660,train/images.npz,1660,domain_08,ct,blur,generic,2,False,class_051
train_001661,train/images.npz,1661,domain_15,microscopy,none,generic,0,False,class_098
train_001662,train/images.npz,1662,domain_09,3d_projection,brightness,generic,2,False,class_064
train_001663,train/images.npz,1663,domain_10,ct,none,generic,0,False,class_071
train_001664,train/images.npz,1664,domain_13,retinal,blur,generic,1,False,class_094
train_001665,train/images.npz,1665,domain_05,3d_projection,noise,generic,1,False,class_030
train_001666,train/images.npz,1666,domain_09,3d_projection,blur,generic,2,False,class_067
train_001667,train/images.npz,1667,domain_03,xray,blur,generic,2,False,class_025
train_001668,train/images.npz,1668,domain_10,ct,contrast,generic,1,False,class_073
train_001669,train/images.npz,1669,domain_10,ct,none,generic,0,False,class_079
train_001670,train/images.npz,1670,domain_04,3d_projection,blur,generic,1,False,class_027
train_001671,train/images.npz,1671,domain_09,3d_projection,brightness,generic,1,False,class_066
train_001672,train/images.npz,1672,domain_03,xray,none,generic,0,False,class_013
train_001673,train/images.npz,1673,domain_08,ct,brightness,generic,2,False,class_047
train_001674,train/images.npz,1674,domain_03,xray,none,generic,0,False,class_017
train_001675,train/images.npz,1675,domain_10,ct,blur,generic,1,False,class_079
train_001676,train/images.npz,1676,domain_03,xray,none,generic,0,False,class_014
train_001677,train/images.npz,1677,domain_07,ct,none,generic,0,False,class_040
train_001678,train/images.npz,1678,domain_08,ct,none,generic,0,False,class_049
train_001679,train/images.npz,1679,domain_13,retinal,blur,generic,1,False,class_094
train_001680,train/images.npz,1680,domain_09,3d_projection,noise,generic,1,False,class_064
train_001681,train/images.npz,1681,domain_06,retinal,noise,generic,1,False,class_032
train_001682,train/images.npz,1682,domain_07,ct,none,generic,0,False,class_043
train_001683,train/images.npz,1683,domain_06,retinal,brightness,generic,1,False,class_034
train_001684,train/images.npz,1684,domain_09,3d_projection,none,generic,0,False,class_067
train_001685,train/images.npz,1685,domain_05,3d_projection,none,generic,0,False,class_031
train_001686,train/images.npz,1686,domain_07,ct,none,generic,0,False,class_042
train_001687,train/images.npz,1687,domain_15,microscopy,contrast,generic,1,False,class_102
train_001688,train/images.npz,1688,domain_01,microscopy,none,generic,0,False,class_007
train_001689,train/images.npz,1689,domain_01,microscopy,none,generic,0,False,class_006
train_001690,train/images.npz,1690,domain_15,microscopy,none,generic,0,False,class_103
train_001691,train/images.npz,1691,domain_11,microscopy,noise,generic,2,False,class_082
train_001692,train/images.npz,1692,domain_08,ct,none,generic,0,False,class_047
train_001693,train/images.npz,1693,domain_07,ct,contrast,generic,2,False,class_038
train_001694,train/images.npz,1694,domain_07,ct,contrast,generic,2,False,class_046
train_001695,train/images.npz,1695,domain_07,ct,contrast,generic,1,False,class_045
train_001696,train/images.npz,1696,domain_09,3d_projection,none,generic,0,False,class_061
train_001697,train/images.npz,1697,domain_10,ct,contrast,generic,1,False,class_078
train_001698,train/images.npz,1698,domain_11,microscopy,none,generic,0,False,class_084
train_001699,train/images.npz,1699,domain_06,retinal,blur,generic,2,False,class_033
train_001700,train/images.npz,1700,domain_08,ct,contrast,generic,1,False,class_055
train_001701,train/images.npz,1701,domain_15,microscopy,none,generic,0,False,class_098
train_001702,train/images.npz,1702,domain_06,retinal,none,generic,0,False,class_035
train_001703,train/images.npz,1703,domain_11,microscopy,noise,generic,1,False,class_083
train_001704,train/images.npz,1704,domain_15,microscopy,none,generic,0,False,class_100
train_001705,train/images.npz,1705,domain_10,ct,none,generic,0,False,class_073
train_001706,train/images.npz,1706,domain_08,ct,blur,generic,1,False,class_054
train_001707,train/images.npz,1707,domain_08,ct,contrast,generic,1,False,class_053
train_001708,train/images.npz,1708,domain_11,microscopy,contrast,generic,2,False,class_080
train_001709,train/images.npz,1709,domain_03,xray,none,generic,0,False,class_021
train_001710,train/images.npz,1710,domain_03,xray,none,generic,0,False,class_022
train_001711,train/images.npz,1711,domain_10,ct,none,generic,0,False,class_075
train_001712,train/images.npz,1712,domain_08,ct,none,generic,0,False,class_056
train_001713,train/images.npz,1713,domain_05,3d_projection,blur,generic,1,False,class_030
train_001714,train/images.npz,1714,domain_03,xray,noise,generic,1,False,class_013
train_001715,train/images.npz,1715,domain_03,xray,none,generic,0,False,class_017
train_001716,train/images.npz,1716,domain_13,retinal,noise,generic,1,False,class_092
train_001717,train/images.npz,1717,domain_09,3d_projection,none,generic,0,False,class_060
train_001718,train/images.npz,1718,domain_03,xray,none,generic,0,False,class_025
train_001719,train/images.npz,1719,domain_13,retinal,contrast,generic,1,False,class_093
train_001720,train/images.npz,1720,domain_03,xray,brightness,generic,1,False,class_014
train_001721,train/images.npz,1721,domain_09,3d_projection,none,generic,0,False,class_064
train_001722,train/images.npz,1722,domain_11,microscopy,blur,generic,1,False,class_086
train_001723,train/images.npz,1723,domain_07,ct,none,generic,0,False,class_045
train_001724,train/images.npz,1724,domain_11,microscopy,contrast,generic,1,False,class_084
train_001725,train/images.npz,1725,domain_10,ct,none,generic,0,False,class_071
train_001726,train/images.npz,1726,domain_07,ct,none,generic,0,False,class_045
train_001727,train/images.npz,1727,domain_03,xray,noise,generic,1,False,class_015
train_001728,train/images.npz,1728,domain_11,microscopy,contrast,generic,1,False,class_088
train_001729,train/images.npz,1729,domain_03,xray,noise,generic,1,False,class_016
train_001730,train/images.npz,1730,domain_08,ct,none,generic,0,False,class_056
train_001731,train/images.npz,1731,domain_06,retinal,none,generic,0,False,class_035
train_001732,train/images.npz,1732,domain_09,3d_projection,none,generic,0,False,class_058
train_001733,train/images.npz,1733,domain_08,ct,contrast,generic,1,False,class_056
train_001734,train/images.npz,1734,domain_09,3d_projection,noise,generic,1,False,class_068
train_001735,train/images.npz,1735,domain_03,xray,none,generic,0,False,class_018
train_001736,train/images.npz,1736,domain_09,3d_projection,contrast,generic,2,False,class_059
train_001737,train/images.npz,1737,domain_07,ct,none,generic,0,False,class_039
train_001738,train/images.npz,1738,domain_11,microscopy,none,generic,0,False,class_081
train_001739,train/images.npz,1739,domain_08,ct,none,generic,0,False,class_056
train_001740,train/images.npz,1740,domain_03,xray,noise,generic,1,False,class_019
train_001741,train/images.npz,1741,domain_05,3d_projection,contrast,generic,1,False,class_030
train_001742,train/images.npz,1742,domain_01,microscopy,none,generic,0,False,class_002
train_001743,train/images.npz,1743,domain_03,xray,contrast,generic,1,False,class_019
train_001744,train/images.npz,1744,domain_02,ultrasound,none,generic,0,False,class_011
train_001745,train/images.npz,1745,domain_11,microscopy,none,generic,0,False,class_081
train_001746,train/images.npz,1746,domain_08,ct,none,generic,0,False,class_049
train_001747,train/images.npz,1747,domain_10,ct,blur,generic,1,False,class_072
train_001748,train/images.npz,1748,domain_03,xray,noise,generic,1,False,class_012
train_001749,train/images.npz,1749,domain_10,ct,none,generic,0,False,class_072
train_001750,train/images.npz,1750,domain_03,xray,none,generic,0,False,class_024
train_001751,train/images.npz,1751,domain_03,xray,none,generic,0,False,class_017
train_001752,train/images.npz,1752,domain_07,ct,noise,generic,1,False,class_039
train_001753,train/images.npz,1753,domain_03,xray,contrast,generic,1,False,class_014
train_001754,train/images.npz,1754,domain_03,xray,noise,generic,1,False,class_020
train_001755,train/images.npz,1755,domain_13,retinal,none,generic,0,False,class_092
train_001756,train/images.npz,1756,domain_11,microscopy,none,generic,0,False,class_080
train_001757,train/images.npz,1757,domain_09,3d_projection,none,generic,0,False,class_058
train_001758,train/images.npz,1758,domain_06,retinal,contrast,generic,2,False,class_032
train_001759,train/images.npz,1759,domain_00,3d_projection,noise,generic,2,False,class_000
train_001760,train/images.npz,1760,domain_08,ct,none,generic,0,False,class_056
train_001761,train/images.npz,1761,domain_01,microscopy,contrast,generic,1,False,class_009
train_001762,train/images.npz,1762,domain_08,ct,blur,generic,2,False,class_049
train_001763,train/images.npz,1763,domain_07,ct,none,generic,0,False,class_036
train_001764,train/images.npz,1764,domain_00,3d_projection,none,generic,0,False,class_001
train_001765,train/images.npz,1765,domain_15,microscopy,none,generic,0,False,class_104
train_001766,train/images.npz,1766,domain_03,xray,noise,generic,1,False,class_016
train_001767,train/images.npz,1767,domain_15,microscopy,noise,generic,1,False,class_104
train_001768,train/images.npz,1768,domain_08,ct,none,generic,0,False,class_053
train_001769,train/images.npz,1769,domain_15,microscopy,noise,generic,1,False,class_098
train_001770,train/images.npz,1770,domain_09,3d_projection,noise,generic,2,False,class_066
train_001771,train/images.npz,1771,domain_09,3d_projection,none,generic,0,False,class_066
train_001772,train/images.npz,1772,domain_05,3d_projection,brightness,generic,1,False,class_031
train_001773,train/images.npz,1773,domain_13,retinal,blur,generic,2,False,class_095
train_001774,train/images.npz,1774,domain_14,3d_projection,contrast,generic,1,False,class_097
train_001775,train/images.npz,1775,domain_05,3d_projection,none,generic,0,False,class_031
train_001776,train/images.npz,1776,domain_15,microscopy,none,generic,0,False,class_100
train_001777,train/images.npz,1777,domain_11,microscopy,brightness,generic,1,False,class_084
train_001778,train/images.npz,1778,domain_12,xray,blur,generic,1,False,class_089
train_001779,train/images.npz,1779,domain_16,3d_projection,noise,generic,1,False,class_107
train_001780,train/images.npz,1780,domain_07,ct,none,generic,0,False,class_042
train_001781,train/images.npz,1781,domain_03,xray,blur,generic,1,False,class_023
train_001782,train/images.npz,1782,domain_11,microscopy,none,generic,0,False,class_082
train_001783,train/images.npz,1783,domain_11,microscopy,none,generic,0,False,class_087
train_001784,train/images.npz,1784,domain_09,3d_projection,none,generic,0,False,class_067
train_001785,train/images.npz,1785,domain_09,3d_projection,contrast,generic,1,False,class_065
train_001786,train/images.npz,1786,domain_01,microscopy,none,generic,0,False,class_007
train_001787,train/images.npz,1787,domain_05,3d_projection,noise,generic,1,False,class_031
train_001788,train/images.npz,1788,domain_02,ultrasound,none,generic,0,False,class_011
train_001789,train/images.npz,1789,domain_06,retinal,none,generic,0,False,class_033
train_001790,train/images.npz,1790,domain_06,retinal,contrast,generic,2,False,class_034
train_001791,train/images.npz,1791,domain_03,xray,contrast,generic,2,False,class_019
train_001792,train/images.npz,1792,domain_15,microscopy,blur,generic,1,False,class_103
train_001793,train/images.npz,1793,domain_07,ct,none,generic,0,False,class_042
train_001794,train/images.npz,1794,domain_07,ct,none,generic,0,False,class_039
train_001795,train/images.npz,1795,domain_11,microscopy,none,generic,0,False,class_088
train_001796,train/images.npz,1796,domain_10,ct,noise,generic,1,False,class_072
train_001797,train/images.npz,1797,domain_15,microscopy,none,generic,0,False,class_099
train_001798,train/images.npz,1798,domain_10,ct,contrast,generic,1,False,class_079
train_001799,train/images.npz,1799,domain_10,ct,none,generic,0,False,class_069
train_001800,train/images.npz,1800,domain_09,3d_projection,none,generic,0,False,class_065
train_001801,train/images.npz,1801,domain_03,xray,none,generic,0,False,class_023
train_001802,train/images.npz,1802,domain_10,ct,contrast,generic,2,False,class_078
train_001803,train/images.npz,1803,domain_07,ct,noise,generic,1,False,class_043
train_001804,train/images.npz,1804,domain_10,ct,contrast,generic,2,False,class_075
train_001805,train/images.npz,1805,domain_08,ct,noise,generic,1,False,class_054
train_001806,train/images.npz,1806,domain_10,ct,noise,generic,1,False,class_074
train_001807,train/images.npz,1807,domain_00,3d_projection,none,generic,0,False,class_000
train_001808,train/images.npz,1808,domain_11,microscopy,none,generic,0,False,class_080
train_001809,train/images.npz,1809,domain_06,retinal,blur,generic,1,False,class_032
train_001810,train/images.npz,1810,domain_11,microscopy,none,generic,0,False,class_085
train_001811,train/images.npz,1811,domain_15,microscopy,none,generic,0,False,class_100
train_001812,train/images.npz,1812,domain_01,microscopy,contrast,generic,1,False,class_008
train_001813,train/images.npz,1813,domain_10,ct,none,generic,0,False,class_077
train_001814,train/images.npz,1814,domain_08,ct,none,generic,0,False,class_053
train_001815,train/images.npz,1815,domain_03,xray,noise,generic,1,False,class_015
train_001816,train/images.npz,1816,domain_09,3d_projection,noise,generic,1,False,class_058
train_001817,train/images.npz,1817,domain_07,ct,noise,generic,1,False,class_039
train_001818,train/images.npz,1818,domain_11,microscopy,contrast,generic,1,False,class_082
train_001819,train/images.npz,1819,domain_08,ct,none,generic,0,False,class_051
train_001820,train/images.npz,1820,domain_10,ct,contrast,generic,1,False,class_070
train_001821,train/images.npz,1821,domain_13,retinal,noise,generic,1,False,class_094
train_001822,train/images.npz,1822,domain_03,xray,blur,generic,1,False,class_023
train_001823,train/images.npz,1823,domain_10,ct,none,generic,0,False,class_075
train_001824,train/images.npz,1824,domain_09,3d_projection,none,generic,0,False,class_062
train_001825,train/images.npz,1825,domain_03,xray,none,generic,0,False,class_023
train_001826,train/images.npz,1826,domain_03,xray,none,generic,0,False,class_013
train_001827,train/images.npz,1827,domain_03,xray,none,generic,0,False,class_023
train_001828,train/images.npz,1828,domain_03,xray,noise,generic,2,False,class_020
train_001829,train/images.npz,1829,domain_02,ultrasound,none,generic,0,False,class_010
train_001830,train/images.npz,1830,domain_08,ct,brightness,generic,2,False,class_053
train_001831,train/images.npz,1831,domain_08,ct,none,generic,0,False,class_048
train_001832,train/images.npz,1832,domain_09,3d_projection,contrast,generic,1,False,class_058
train_001833,train/images.npz,1833,domain_11,microscopy,contrast,generic,1,False,class_080
train_001834,train/images.npz,1834,domain_01,microscopy,none,generic,0,False,class_006
train_001835,train/images.npz,1835,domain_08,ct,none,generic,0,False,class_050
train_001836,train/images.npz,1836,domain_15,microscopy,blur,generic,1,False,class_098
train_001837,train/images.npz,1837,domain_10,ct,contrast,generic,1,False,class_071
train_001838,train/images.npz,1838,domain_15,microscopy,none,generic,0,False,class_100
train_001839,train/images.npz,1839,domain_10,ct,none,generic,0,False,class_075
train_001840,train/images.npz,1840,domain_10,ct,contrast,generic,1,False,class_073
train_001841,train/images.npz,1841,domain_01,microscopy,contrast,generic,2,False,class_004
train_001842,train/images.npz,1842,domain_09,3d_projection,none,generic,0,False,class_065
train_001843,train/images.npz,1843,domain_13,retinal,none,generic,0,False,class_092
train_001844,train/images.npz,1844,domain_03,xray,brightness,generic,1,False,class_019
train_001845,train/images.npz,1845,domain_10,ct,blur,generic,1,False,class_071
train_001846,train/images.npz,1846,domain_16,3d_projection,none,generic,0,False,class_107
train_001847,train/images.npz,1847,domain_01,microscopy,none,generic,0,False,class_007
train_001848,train/images.npz,1848,domain_07,ct,noise,generic,1,False,class_043
train_001849,train/images.npz,1849,domain_04,3d_projection,blur,generic,1,False,class_027
train_001850,train/images.npz,1850,domain_05,3d_projection,brightness,generic,1,False,class_030
train_001851,train/images.npz,1851,domain_08,ct,none,generic,0,False,class_057
train_001852,train/images.npz,1852,domain_03,xray,contrast,generic,2,False,class_025
train_001853,train/images.npz,1853,domain_13,retinal,noise,generic,1,False,class_094
train_001854,train/images.npz,1854,domain_13,retinal,none,generic,0,False,class_092
train_001855,train/images.npz,1855,domain_15,microscopy,contrast,generic,1,False,class_102
train_001856,train/images.npz,1856,domain_10,ct,contrast,generic,1,False,class_078
train_001857,train/images.npz,1857,domain_01,microscopy,none,generic,0,False,class_004
train_001858,train/images.npz,1858,domain_03,xray,none,generic,0,False,class_012
train_001859,train/images.npz,1859,domain_04,3d_projection,contrast,generic,1,False,class_027
train_001860,train/images.npz,1860,domain_01,microscopy,none,generic,0,False,class_008
train_001861,train/images.npz,1861,domain_09,3d_projection,none,generic,0,False,class_059
train_001862,train/images.npz,1862,domain_07,ct,none,generic,0,False,class_042
train_001863,train/images.npz,1863,domain_14,3d_projection,contrast,generic,1,False,class_096
train_001864,train/images.npz,1864,domain_04,3d_projection,none,generic,0,False,class_027
train_001865,train/images.npz,1865,domain_08,ct,blur,generic,1,False,class_051
train_001866,train/images.npz,1866,domain_08,ct,noise,generic,2,False,class_054
train_001867,train/images.npz,1867,domain_09,3d_projection,noise,generic,1,False,class_059
train_001868,train/images.npz,1868,domain_05,3d_projection,none,generic,0,False,class_031
train_001869,train/images.npz,1869,domain_03,xray,contrast,generic,2,False,class_016
train_001870,train/images.npz,1870,domain_07,ct,contrast,generic,1,False,class_038
train_001871,train/images.npz,1871,domain_13,retinal,contrast,generic,1,False,class_091
train_001872,train/images.npz,1872,domain_10,ct,contrast,generic,1,False,class_077
train_001873,train/images.npz,1873,domain_08,ct,none,generic,0,False,class_057
train_001874,train/images.npz,1874,domain_01,microscopy,blur,generic,1,False,class_009
train_001875,train/images.npz,1875,domain_03,xray,blur,generic,2,False,class_014
train_001876,train/images.npz,1876,domain_15,microscopy,none,generic,0,False,class_105
train_001877,train/images.npz,1877,domain_08,ct,none,generic,0,False,class_050
train_001878,train/images.npz,1878,domain_09,3d_projection,brightness,generic,1,False,class_064
train_001879,train/images.npz,1879,domain_09,3d_projection,blur,generic,2,False,class_061
train_001880,train/images.npz,1880,domain_08,ct,none,generic,0,False,class_050
train_001881,train/images.npz,1881,domain_09,3d_projection,blur,generic,1,False,class_064
train_001882,train/images.npz,1882,domain_10,ct,none,generic,0,False,class_069
train_001883,train/images.npz,1883,domain_15,microscopy,none,generic,0,False,class_100
train_001884,train/images.npz,1884,domain_15,microscopy,contrast,generic,1,False,class_102
train_001885,train/images.npz,1885,domain_10,ct,contrast,generic,2,False,class_072
train_001886,train/images.npz,1886,domain_06,retinal,none,generic,0,False,class_034
train_001887,train/images.npz,1887,domain_01,microscopy,none,generic,0,False,class_008
train_001888,train/images.npz,1888,domain_07,ct,none,generic,0,False,class_038
train_001889,train/images.npz,1889,domain_03,xray,blur,generic,1,False,class_026
train_001890,train/images.npz,1890,domain_06,retinal,blur,generic,2,False,class_034
train_001891,train/images.npz,1891,domain_08,ct,blur,generic,2,False,class_049
train_001892,train/images.npz,1892,domain_15,microscopy,noise,generic,1,False,class_103
train_001893,train/images.npz,1893,domain_07,ct,none,generic,0,False,class_039
train_001894,train/images.npz,1894,domain_03,xray,brightness,generic,1,False,class_022
train_001895,train/images.npz,1895,domain_07,ct,none,generic,0,False,class_038
train_001896,train/images.npz,1896,domain_07,ct,brightness,generic,2,False,class_039
train_001897,train/images.npz,1897,domain_04,3d_projection,brightness,generic,1,False,class_028
train_001898,train/images.npz,1898,domain_14,3d_projection,none,generic,0,False,class_096
train_001899,train/images.npz,1899,domain_08,ct,contrast,generic,1,False,class_056
train_001900,train/images.npz,1900,domain_06,retinal,none,generic,0,False,class_032
train_001901,train/images.npz,1901,domain_11,microscopy,contrast,generic,1,False,class_087
train_001902,train/images.npz,1902,domain_03,xray,none,generic,0,False,class_023
train_001903,train/images.npz,1903,domain_09,3d_projection,none,generic,0,False,class_067
train_001904,train/images.npz,1904,domain_16,3d_projection,none,generic,0,False,class_107
train_001905,train/images.npz,1905,domain_09,3d_projection,none,generic,0,False,class_064
train_001906,train/images.npz,1906,domain_03,xray,blur,generic,1,False,class_017
train_001907,train/images.npz,1907,domain_09,3d_projection,noise,generic,1,False,class_064
train_001908,train/images.npz,1908,domain_09,3d_projection,contrast,generic,1,False,class_060
train_001909,train/images.npz,1909,domain_14,3d_projection,none,generic,0,False,class_097
train_001910,train/images.npz,1910,domain_14,3d_projection,blur,generic,1,False,class_096
train_001911,train/images.npz,1911,domain_15,microscopy,none,generic,0,False,class_099
train_001912,train/images.npz,1912,domain_01,microscopy,none,generic,0,False,class_007
train_001913,train/images.npz,1913,domain_01,microscopy,contrast,generic,1,False,class_006
train_001914,train/images.npz,1914,domain_05,3d_projection,noise,generic,1,False,class_031
train_001915,train/images.npz,1915,domain_01,microscopy,none,generic,0,False,class_006
train_001916,train/images.npz,1916,domain_00,3d_projection,contrast,generic,1,False,class_000
train_001917,train/images.npz,1917,domain_01,microscopy,none,generic,0,False,class_002
train_001918,train/images.npz,1918,domain_07,ct,contrast,generic,1,False,class_039
train_001919,train/images.npz,1919,domain_16,3d_projection,none,generic,0,False,class_106
train_001920,train/images.npz,1920,domain_03,xray,contrast,generic,1,False,class_018
train_001921,train/images.npz,1921,domain_08,ct,noise,generic,1,False,class_053
train_001922,train/images.npz,1922,domain_10,ct,blur,generic,2,False,class_069
train_001923,train/images.npz,1923,domain_09,3d_projection,none,generic,0,False,class_060
train_001924,train/images.npz,1924,domain_03,xray,none,generic,0,False,class_022
train_001925,train/images.npz,1925,domain_10,ct,none,generic,0,False,class_078
train_001926,train/images.npz,1926,domain_15,microscopy,noise,generic,1,False,class_101
train_001927,train/images.npz,1927,domain_12,xray,none,generic,0,False,class_090
train_001928,train/images.npz,1928,domain_15,microscopy,none,generic,0,False,class_101
train_001929,train/images.npz,1929,domain_03,xray,blur,generic,1,False,class_013
train_001930,train/images.npz,1930,domain_03,xray,noise,generic,1,False,class_013
train_001931,train/images.npz,1931,domain_09,3d_projection,none,generic,0,False,class_062
train_001932,train/images.npz,1932,domain_07,ct,blur,generic,1,False,class_037
train_001933,train/images.npz,1933,domain_06,retinal,none,generic,0,False,class_033
train_001934,train/images.npz,1934,domain_02,ultrasound,none,generic,0,False,class_011
train_001935,train/images.npz,1935,domain_02,ultrasound,none,generic,0,False,class_011
train_001936,train/images.npz,1936,domain_11,microscopy,none,generic,0,False,class_086
train_001937,train/images.npz,1937,domain_09,3d_projection,none,generic,0,False,class_058
train_001938,train/images.npz,1938,domain_11,microscopy,brightness,generic,1,False,class_082
train_001939,train/images.npz,1939,domain_13,retinal,contrast,generic,2,False,class_092
train_001940,train/images.npz,1940,domain_09,3d_projection,blur,generic,1,False,class_065
train_001941,train/images.npz,1941,domain_15,microscopy,contrast,generic,1,False,class_100
train_001942,train/images.npz,1942,domain_03,xray,none,generic,0,False,class_017
train_001943,train/images.npz,1943,domain_03,xray,contrast,generic,2,False,class_025
train_001944,train/images.npz,1944,domain_06,retinal,none,generic,0,False,class_035
train_001945,train/images.npz,1945,domain_10,ct,blur,generic,2,False,class_074
train_001946,train/images.npz,1946,domain_03,xray,noise,generic,1,False,class_018
train_001947,train/images.npz,1947,domain_10,ct,blur,generic,1,False,class_071
train_001948,train/images.npz,1948,domain_07,ct,noise,generic,1,False,class_038
train_001949,train/images.npz,1949,domain_07,ct,none,generic,0,False,class_041
train_001950,train/images.npz,1950,domain_03,xray,contrast,generic,1,False,class_020
train_001951,train/images.npz,1951,domain_07,ct,contrast,generic,1,False,class_042
train_001952,train/images.npz,1952,domain_15,microscopy,brightness,generic,1,False,class_104
train_001953,train/images.npz,1953,domain_07,ct,noise,generic,1,False,class_042
train_001954,train/images.npz,1954,domain_09,3d_projection,noise,generic,1,False,class_067
train_001955,train/images.npz,1955,domain_01,microscopy,none,generic,0,False,class_002
train_001956,train/images.npz,1956,domain_07,ct,noise,generic,1,False,class_038
train_001957,train/images.npz,1957,domain_01,microscopy,blur,generic,1,False,class_008
train_001958,train/images.npz,1958,domain_09,3d_projection,contrast,generic,1,False,class_061
train_001959,train/images.npz,1959,domain_11,microscopy,noise,generic,1,False,class_081
train_001960,train/images.npz,1960,domain_13,retinal,contrast,generic,1,False,class_092
train_001961,train/images.npz,1961,domain_13,retinal,none,generic,0,False,class_095
train_001962,train/images.npz,1962,domain_09,3d_projection,none,generic,0,False,class_063
train_001963,train/images.npz,1963,domain_07,ct,contrast,generic,1,False,class_043
train_001964,train/images.npz,1964,domain_10,ct,contrast,generic,1,False,class_074
train_001965,train/images.npz,1965,domain_03,xray,contrast,generic,2,False,class_022
train_001966,train/images.npz,1966,domain_06,retinal,contrast,generic,1,False,class_033
train_001967,train/images.npz,1967,domain_01,microscopy,none,generic,0,False,class_007
train_001968,train/images.npz,1968,domain_01,microscopy,brightness,generic,1,False,class_006
train_001969,train/images.npz,1969,domain_03,xray,contrast,generic,1,False,class_012
train_001970,train/images.npz,1970,domain_13,retinal,none,generic,0,False,class_095
train_001971,train/images.npz,1971,domain_11,microscopy,brightness,generic,1,False,class_080
train_001972,train/images.npz,1972,domain_11,microscopy,brightness,generic,2,False,class_088
train_001973,train/images.npz,1973,domain_03,xray,none,generic,0,False,class_025
train_001974,train/images.npz,1974,domain_03,xray,blur,generic,1,False,class_016
train_001975,train/images.npz,1975,domain_10,ct,none,generic,0,False,class_077
train_001976,train/images.npz,1976,domain_15,microscopy,noise,generic,1,False,class_102
train_001977,train/images.npz,1977,domain_10,ct,noise,generic,2,False,class_069
train_001978,train/images.npz,1978,domain_15,microscopy,none,generic,0,False,class_104
train_001979,train/images.npz,1979,domain_10,ct,contrast,generic,1,False,class_074
train_001980,train/images.npz,1980,domain_03,xray,blur,generic,2,False,class_021
train_001981,train/images.npz,1981,domain_07,ct,blur,generic,1,False,class_046
train_001982,train/images.npz,1982,domain_03,xray,none,generic,0,False,class_016
train_001983,train/images.npz,1983,domain_07,ct,noise,generic,1,False,class_036
train_001984,train/images.npz,1984,domain_01,microscopy,none,generic,0,False,class_004
train_001985,train/images.npz,1985,domain_12,xray,contrast,generic,1,False,class_090
train_001986,train/images.npz,1986,domain_04,3d_projection,contrast,generic,1,False,class_028
train_001987,train/images.npz,1987,domain_08,ct,none,generic,0,False,class_048
train_001988,train/images.npz,1988,domain_08,ct,blur,generic,1,False,class_056
train_001989,train/images.npz,1989,domain_07,ct,noise,generic,1,False,class_045
train_001990,train/images.npz,1990,domain_07,ct,blur,generic,1,False,class_039
train_001991,train/images.npz,1991,domain_15,microscopy,contrast,generic,1,False,class_098
train_001992,train/images.npz,1992,domain_16,3d_projection,none,generic,0,False,class_106
train_001993,train/images.npz,1993,domain_03,xray,none,generic,0,False,class_026
train_001994,train/images.npz,1994,domain_07,ct,none,generic,0,False,class_044
train_001995,train/images.npz,1995,domain_07,ct,none,generic,0,False,class_043
train_001996,train/images.npz,1996,domain_03,xray,none,generic,0,False,class_020
train_001997,train/images.npz,1997,domain_08,ct,contrast,generic,1,False,class_047
train_001998,train/images.npz,1998,domain_07,ct,blur,generic,1,False,class_040
train_001999,train/images.npz,1999,domain_03,xray,contrast,generic,1,False,class_019
train_002000,train/images.npz,2000,domain_07,ct,noise,generic,1,False,class_038
train_002001,train/images.npz,2001,domain_09,3d_projection,none,generic,0,False,class_061
train_002002,train/images.npz,2002,domain_11,microscopy,blur,generic,1,False,class_087
train_002003,train/images.npz,2003,domain_12,xray,noise,generic,2,False,class_089
train_002004,train/images.npz,2004,domain_11,microscopy,blur,generic,1,False,class_087
train_002005,train/images.npz,2005,domain_09,3d_projection,brightness,generic,2,False,class_059
train_002006,train/images.npz,2006,domain_03,xray,none,generic,0,False,class_026
train_002007,train/images.npz,2007,domain_10,ct,blur,generic,2,False,class_079
train_002008,train/images.npz,2008,domain_07,ct,none,generic,0,False,class_037
train_002009,train/images.npz,2009,domain_10,ct,none,generic,0,False,class_073
train_002010,train/images.npz,2010,domain_03,xray,none,generic,0,False,class_025
train_002011,train/images.npz,2011,domain_11,microscopy,brightness,generic,1,False,class_085
train_002012,train/images.npz,2012,domain_09,3d_projection,contrast,generic,1,False,class_062
train_002013,train/images.npz,2013,domain_10,ct,none,generic,0,False,class_074
train_002014,train/images.npz,2014,domain_03,xray,none,generic,0,False,class_015
train_002015,train/images.npz,2015,domain_12,xray,none,generic,0,False,class_090
train_002016,train/images.npz,2016,domain_04,3d_projection,contrast,generic,1,False,class_027
train_002017,train/images.npz,2017,domain_10,ct,none,generic,0,False,class_071
train_002018,train/images.npz,2018,domain_06,retinal,none,generic,0,False,class_033
train_002019,train/images.npz,2019,domain_08,ct,blur,generic,1,False,class_050
train_002020,train/images.npz,2020,domain_11,microscopy,noise,generic,2,False,class_087
train_002021,train/images.npz,2021,domain_07,ct,brightness,generic,1,False,class_037
train_002022,train/images.npz,2022,domain_09,3d_projection,none,generic,0,False,class_067
train_002023,train/images.npz,2023,domain_11,microscopy,none,generic,0,False,class_081
train_002024,train/images.npz,2024,domain_03,xray,contrast,generic,1,False,class_022
train_002025,train/images.npz,2025,domain_08,ct,none,generic,0,False,class_047
train_002026,train/images.npz,2026,domain_09,3d_projection,contrast,generic,2,False,class_066
train_002027,train/images.npz,2027,domain_11,microscopy,none,generic,0,False,class_086
train_002028,train/images.npz,2028,domain_03,xray,none,generic,0,False,class_014
train_002029,train/images.npz,2029,domain_03,xray,none,generic,0,False,class_022
train_002030,train/images.npz,2030,domain_08,ct,none,generic,0,False,class_054
train_002031,train/images.npz,2031,domain_11,microscopy,noise,generic,1,False,class_082
train_002032,train/images.npz,2032,domain_15,microscopy,none,generic,0,False,class_101
train_002033,train/images.npz,2033,domain_05,3d_projection,brightness,generic,1,False,class_030
train_002034,train/images.npz,2034,domain_09,3d_projection,none,generic,0,False,class_063
train_002035,train/images.npz,2035,domain_03,xray,none,generic,0,False,class_013
train_002036,train/images.npz,2036,domain_10,ct,none,generic,0,False,class_072
train_002037,train/images.npz,2037,domain_03,xray,none,generic,0,False,class_014
train_002038,train/images.npz,2038,domain_08,ct,contrast,generic,1,False,class_053
train_002039,train/images.npz,2039,domain_10,ct,none,generic,0,False,class_078
train_002040,train/images.npz,2040,domain_15,microscopy,none,generic,0,False,class_104
train_002041,train/images.npz,2041,domain_08,ct,none,generic,0,False,class_055
train_002042,train/images.npz,2042,domain_01,microscopy,none,generic,0,False,class_007
train_002043,train/images.npz,2043,domain_15,microscopy,none,generic,0,False,class_104
train_002044,train/images.npz,2044,domain_10,ct,none,generic,0,False,class_076
train_002045,train/images.npz,2045,domain_03,xray,brightness,generic,1,False,class_018
train_002046,train/images.npz,2046,domain_01,microscopy,blur,generic,1,False,class_005
train_002047,train/images.npz,2047,domain_03,xray,none,generic,0,False,class_017
train_002048,train/images.npz,2048,domain_15,microscopy,noise,generic,1,False,class_102
train_002049,train/images.npz,2049,domain_08,ct,contrast,generic,1,False,class_057
train_002050,train/images.npz,2050,domain_09,3d_projection,none,generic,0,False,class_066
train_002051,train/images.npz,2051,domain_15,microscopy,noise,generic,2,False,class_103
train_002052,train/images.npz,2052,domain_03,xray,none,generic,0,False,class_026
train_002053,train/images.npz,2053,domain_03,xray,none,generic,0,False,class_022
train_002054,train/images.npz,2054,domain_00,3d_projection,contrast,generic,1,False,class_000
train_002055,train/images.npz,2055,domain_10,ct,noise,generic,1,False,class_076
train_002056,train/images.npz,2056,domain_08,ct,brightness,generic,1,False,class_056
train_002057,train/images.npz,2057,domain_07,ct,contrast,generic,1,False,class_045
train_002058,train/images.npz,2058,domain_07,ct,none,generic,0,False,class_040
train_002059,train/images.npz,2059,domain_13,retinal,contrast,generic,1,False,class_093
train_002060,train/images.npz,2060,domain_09,3d_projection,none,generic,0,False,class_068
train_002061,train/images.npz,2061,domain_08,ct,brightness,generic,1,False,class_051
train_002062,train/images.npz,2062,domain_07,ct,none,generic,0,False,class_037
train_002063,train/images.npz,2063,domain_13,retinal,brightness,generic,1,False,class_093
train_002064,train/images.npz,2064,domain_08,ct,none,generic,0,False,class_049
train_002065,train/images.npz,2065,domain_01,microscopy,none,generic,0,False,class_002
train_002066,train/images.npz,2066,domain_16,3d_projection,blur,generic,2,False,class_107
train_002067,train/images.npz,2067,domain_03,xray,noise,generic,2,False,class_017
train_002068,train/images.npz,2068,domain_03,xray,none,generic,0,False,class_025
train_002069,train/images.npz,2069,domain_10,ct,none,generic,0,False,class_075
train_002070,train/images.npz,2070,domain_10,ct,none,generic,0,False,class_074
train_002071,train/images.npz,2071,domain_03,xray,none,generic,0,False,class_018
train_002072,train/images.npz,2072,domain_08,ct,brightness,generic,1,False,class_057
train_002073,train/images.npz,2073,domain_09,3d_projection,blur,generic,1,False,class_058
train_002074,train/images.npz,2074,domain_08,ct,none,generic,0,False,class_055
train_002075,train/images.npz,2075,domain_06,retinal,none,generic,0,False,class_034
train_002076,train/images.npz,2076,domain_08,ct,contrast,generic,1,False,class_053
train_002077,train/images.npz,2077,domain_06,retinal,blur,generic,2,False,class_035
train_002078,train/images.npz,2078,domain_10,ct,blur,generic,1,False,class_074
train_002079,train/images.npz,2079,domain_09,3d_projection,contrast,generic,2,False,class_058
train_002080,train/images.npz,2080,domain_16,3d_projection,blur,generic,1,False,class_107
train_002081,train/images.npz,2081,domain_07,ct,none,generic,0,False,class_040
train_002082,train/images.npz,2082,domain_15,microscopy,contrast,generic,1,False,class_099
train_002083,train/images.npz,2083,domain_02,ultrasound,contrast,generic,2,False,class_010
train_002084,train/images.npz,2084,domain_15,microscopy,brightness,generic,1,False,class_101
train_002085,train/images.npz,2085,domain_09,3d_projection,noise,generic,1,False,class_059
train_002086,train/images.npz,2086,domain_15,microscopy,none,generic,0,False,class_105
train_002087,train/images.npz,2087,domain_09,3d_projection,none,generic,0,False,class_062
train_002088,train/images.npz,2088,domain_03,xray,contrast,generic,1,False,class_018
train_002089,train/images.npz,2089,domain_10,ct,none,generic,0,False,class_079
train_002090,train/images.npz,2090,domain_10,ct,contrast,generic,1,False,class_078
train_002091,train/images.npz,2091,domain_01,microscopy,none,generic,0,False,class_006
train_002092,train/images.npz,2092,domain_12,xray,blur,generic,2,False,class_089
train_002093,train/images.npz,2093,domain_01,microscopy,none,generic,0,False,class_007
train_002094,train/images.npz,2094,domain_10,ct,contrast,generic,1,False,class_071
train_002095,train/images.npz,2095,domain_09,3d_projection,noise,generic,1,False,class_062
train_002096,train/images.npz,2096,domain_03,xray,none,generic,0,False,class_019
train_002097,train/images.npz,2097,domain_07,ct,none,generic,0,False,class_041
train_002098,train/images.npz,2098,domain_03,xray,none,generic,0,False,class_019
train_002099,train/images.npz,2099,domain_03,xray,noise,generic,1,False,class_018
train_002100,train/images.npz,2100,domain_11,microscopy,blur,generic,1,False,class_083
train_002101,train/images.npz,2101,domain_03,xray,noise,generic,1,False,class_024
train_002102,train/images.npz,2102,domain_11,microscopy,contrast,generic,2,False,class_085
train_002103,train/images.npz,2103,domain_01,microscopy,none,generic,0,False,class_006
train_002104,train/images.npz,2104,domain_11,microscopy,noise,generic,1,False,class_086
train_002105,train/images.npz,2105,domain_09,3d_projection,none,generic,0,False,class_061
train_002106,train/images.npz,2106,domain_07,ct,noise,generic,1,False,class_044
train_002107,train/images.npz,2107,domain_10,ct,none,generic,0,False,class_070
train_002108,train/images.npz,2108,domain_06,retinal,blur,generic,1,False,class_033
train_002109,train/images.npz,2109,domain_16,3d_projection,blur,generic,2,False,class_106
train_002110,train/images.npz,2110,domain_08,ct,noise,generic,1,False,class_052
train_002111,train/images.npz,2111,domain_05,3d_projection,blur,generic,1,False,class_030
train_002112,train/images.npz,2112,domain_11,microscopy,noise,generic,1,False,class_086
train_002113,train/images.npz,2113,domain_01,microscopy,none,generic,0,False,class_005
train_002114,train/images.npz,2114,domain_10,ct,none,generic,0,False,class_070
train_002115,train/images.npz,2115,domain_08,ct,noise,generic,1,False,class_052
train_002116,train/images.npz,2116,domain_08,ct,none,generic,0,False,class_052
train_002117,train/images.npz,2117,domain_11,microscopy,none,generic,0,False,class_087
train_002118,train/images.npz,2118,domain_10,ct,contrast,generic,1,False,class_074
train_002119,train/images.npz,2119,domain_15,microscopy,contrast,generic,2,False,class_099
train_002120,train/images.npz,2120,domain_03,xray,contrast,generic,1,False,class_025
train_002121,train/images.npz,2121,domain_10,ct,contrast,generic,1,False,class_074
train_002122,train/images.npz,2122,domain_10,ct,none,generic,0,False,class_071
train_002123,train/images.npz,2123,domain_11,microscopy,brightness,generic,1,False,class_086
train_002124,train/images.npz,2124,domain_01,microscopy,noise,generic,1,False,class_003
train_002125,train/images.npz,2125,domain_15,microscopy,noise,generic,1,False,class_098
train_002126,train/images.npz,2126,domain_10,ct,contrast,generic,2,False,class_074
train_002127,train/images.npz,2127,domain_10,ct,none,generic,0,False,class_077
train_002128,train/images.npz,2128,domain_00,3d_projection,none,generic,0,False,class_001
train_002129,train/images.npz,2129,domain_08,ct,none,generic,0,False,class_048
train_002130,train/images.npz,2130,domain_10,ct,none,generic,0,False,class_069
train_002131,train/images.npz,2131,domain_07,ct,none,generic,0,False,class_046
train_002132,train/images.npz,2132,domain_04,3d_projection,blur,generic,1,False,class_027
train_002133,train/images.npz,2133,domain_08,ct,contrast,generic,1,False,class_056
train_002134,train/images.npz,2134,domain_10,ct,none,generic,0,False,class_079
train_002135,train/images.npz,2135,domain_08,ct,contrast,generic,1,False,class_047
train_002136,train/images.npz,2136,domain_01,microscopy,contrast,generic,1,False,class_009
train_002137,train/images.npz,2137,domain_07,ct,none,generic,0,False,class_042
train_002138,train/images.npz,2138,domain_01,microscopy,noise,generic,2,False,class_007
train_002139,train/images.npz,2139,domain_01,microscopy,none,generic,0,False,class_006
train_002140,train/images.npz,2140,domain_11,microscopy,none,generic,0,False,class_080
train_002141,train/images.npz,2141,domain_09,3d_projection,none,generic,0,False,class_065
train_002142,train/images.npz,2142,domain_07,ct,contrast,generic,1,False,class_045
train_002143,train/images.npz,2143,domain_10,ct,none,generic,0,False,class_076
train_002144,train/images.npz,2144,domain_13,retinal,none,generic,0,False,class_092
train_002145,train/images.npz,2145,domain_05,3d_projection,contrast,generic,1,False,class_030
train_002146,train/images.npz,2146,domain_10,ct,none,generic,0,False,class_072
train_002147,train/images.npz,2147,domain_10,ct,none,generic,0,False,class_074
train_002148,train/images.npz,2148,domain_15,microscopy,contrast,generic,2,False,class_104
train_002149,train/images.npz,2149,domain_03,xray,noise,generic,1,False,class_021
train_002150,train/images.npz,2150,domain_16,3d_projection,contrast,generic,1,False,class_107
train_002151,train/images.npz,2151,domain_13,retinal,contrast,generic,1,False,class_094
train_002152,train/images.npz,2152,domain_15,microscopy,brightness,generic,1,False,class_102
train_002153,train/images.npz,2153,domain_01,microscopy,noise,generic,2,False,class_007
train_002154,train/images.npz,2154,domain_10,ct,none,generic,0,False,class_069
train_002155,train/images.npz,2155,domain_09,3d_projection,noise,generic,1,False,class_060
train_002156,train/images.npz,2156,domain_10,ct,none,generic,0,False,class_078
train_002157,train/images.npz,2157,domain_12,xray,none,generic,0,False,class_090
train_002158,train/images.npz,2158,domain_15,microscopy,noise,generic,1,False,class_105
train_002159,train/images.npz,2159,domain_01,microscopy,noise,generic,1,False,class_002
train_002160,train/images.npz,2160,domain_07,ct,none,generic,0,False,class_041
train_002161,train/images.npz,2161,domain_13,retinal,contrast,generic,1,False,class_094
train_002162,train/images.npz,2162,domain_08,ct,brightness,generic,1,False,class_055
train_002163,train/images.npz,2163,domain_10,ct,none,generic,0,False,class_075
train_002164,train/images.npz,2164,domain_09,3d_projection,contrast,generic,2,False,class_058
train_002165,train/images.npz,2165,domain_09,3d_projection,blur,generic,2,False,class_060
train_002166,train/images.npz,2166,domain_02,ultrasound,none,generic,0,False,class_010
train_002167,train/images.npz,2167,domain_07,ct,noise,generic,1,False,class_042
train_002168,train/images.npz,2168,domain_15,microscopy,none,generic,0,False,class_099
train_002169,train/images.npz,2169,domain_15,microscopy,none,generic,0,False,class_104
train_002170,train/images.npz,2170,domain_08,ct,noise,generic,1,False,class_053
train_002171,train/images.npz,2171,domain_03,xray,blur,generic,2,False,class_015
train_002172,train/images.npz,2172,domain_13,retinal,contrast,generic,2,False,class_091
train_002173,train/images.npz,2173,domain_13,retinal,none,generic,0,False,class_093
train_002174,train/images.npz,2174,domain_09,3d_projection,none,generic,0,False,class_060
train_002175,train/images.npz,2175,domain_05,3d_projection,none,generic,0,False,class_030
train_002176,train/images.npz,2176,domain_10,ct,contrast,generic,1,False,class_079
train_002177,train/images.npz,2177,domain_04,3d_projection,none,generic,0,False,class_029
train_002178,train/images.npz,2178,domain_10,ct,noise,generic,1,False,class_079
train_002179,train/images.npz,2179,domain_11,microscopy,none,generic,0,False,class_088
train_002180,train/images.npz,2180,domain_08,ct,none,generic,0,False,class_056
train_002181,train/images.npz,2181,domain_15,microscopy,none,generic,0,False,class_105
train_002182,train/images.npz,2182,domain_07,ct,noise,generic,2,False,class_041
train_002183,train/images.npz,2183,domain_03,xray,noise,generic,1,False,class_012
train_002184,train/images.npz,2184,domain_01,microscopy,contrast,generic,1,False,class_008
train_002185,train/images.npz,2185,domain_09,3d_projection,none,generic,0,False,class_068
train_002186,train/images.npz,2186,domain_15,microscopy,none,generic,0,False,class_103
train_002187,train/images.npz,2187,domain_08,ct,none,generic,0,False,class_053
train_002188,train/images.npz,2188,domain_15,microscopy,contrast,generic,1,False,class_105
train_002189,train/images.npz,2189,domain_13,retinal,none,generic,0,False,class_094
train_002190,train/images.npz,2190,domain_13,retinal,none,generic,0,False,class_092
train_002191,train/images.npz,2191,domain_04,3d_projection,brightness,generic,1,False,class_028
train_002192,train/images.npz,2192,domain_03,xray,blur,generic,1,False,class_020
train_002193,train/images.npz,2193,domain_01,microscopy,none,generic,0,False,class_007
train_002194,train/images.npz,2194,domain_10,ct,none,generic,0,False,class_070
train_002195,train/images.npz,2195,domain_15,microscopy,none,generic,0,False,class_100
train_002196,train/images.npz,2196,domain_14,3d_projection,none,generic,0,False,class_096
train_002197,train/images.npz,2197,domain_07,ct,none,generic,0,False,class_043
train_002198,train/images.npz,2198,domain_08,ct,none,generic,0,False,class_047
train_002199,train/images.npz,2199,domain_03,xray,none,generic,0,False,class_024
train_002200,train/images.npz,2200,domain_13,retinal,brightness,generic,1,False,class_092
train_002201,train/images.npz,2201,domain_03,xray,none,generic,0,False,class_018
train_002202,train/images.npz,2202,domain_01,microscopy,brightness,generic,1,False,class_007
train_002203,train/images.npz,2203,domain_03,xray,brightness,generic,1,False,class_020
train_002204,train/images.npz,2204,domain_07,ct,none,generic,0,False,class_043
train_002205,train/images.npz,2205,domain_10,ct,contrast,generic,1,False,class_078
train_002206,train/images.npz,2206,domain_07,ct,noise,generic,1,False,class_046
train_002207,train/images.npz,2207,domain_11,microscopy,contrast,generic,1,False,class_088
train_002208,train/images.npz,2208,domain_01,microscopy,blur,generic,2,False,class_003
train_002209,train/images.npz,2209,domain_09,3d_projection,noise,generic,1,False,class_065
train_002210,train/images.npz,2210,domain_09,3d_projection,none,generic,0,False,class_062
train_002211,train/images.npz,2211,domain_01,microscopy,noise,generic,1,False,class_005
train_002212,train/images.npz,2212,domain_11,microscopy,blur,generic,1,False,class_086
train_002213,train/images.npz,2213,domain_09,3d_projection,none,generic,0,False,class_058
train_002214,train/images.npz,2214,domain_03,xray,none,generic,0,False,class_025
train_002215,train/images.npz,2215,domain_01,microscopy,none,generic,0,False,class_002
train_002216,train/images.npz,2216,domain_07,ct,none,generic,0,False,class_038
train_002217,train/images.npz,2217,domain_07,ct,none,generic,0,False,class_037
train_002218,train/images.npz,2218,domain_08,ct,brightness,generic,1,False,class_056
train_002219,train/images.npz,2219,domain_10,ct,none,generic,0,False,class_073
train_002220,train/images.npz,2220,domain_07,ct,contrast,generic,1,False,class_041
train_002221,train/images.npz,2221,domain_07,ct,none,generic,0,False,class_040
train_002222,train/images.npz,2222,domain_03,xray,contrast,generic,1,False,class_020
train_002223,train/images.npz,2223,domain_11,microscopy,none,generic,0,False,class_081
train_002224,train/images.npz,2224,domain_10,ct,none,generic,0,False,class_072
train_002225,train/images.npz,2225,domain_03,xray,noise,generic,1,False,class_023
train_002226,train/images.npz,2226,domain_15,microscopy,none,generic,0,False,class_099
train_002227,train/images.npz,2227,domain_07,ct,contrast,generic,2,False,class_042
train_002228,train/images.npz,2228,domain_11,microscopy,contrast,generic,2,False,class_084
train_002229,train/images.npz,2229,domain_08,ct,none,generic,0,False,class_055
train_002230,train/images.npz,2230,domain_09,3d_projection,contrast,generic,1,False,class_064
train_002231,train/images.npz,2231,domain_09,3d_projection,blur,generic,1,False,class_067
train_002232,train/images.npz,2232,domain_08,ct,brightness,generic,1,False,class_051
train_002233,train/images.npz,2233,domain_10,ct,none,generic,0,False,class_074
train_002234,train/images.npz,2234,domain_11,microscopy,brightness,generic,1,False,class_085
train_002235,train/images.npz,2235,domain_03,xray,brightness,generic,1,False,class_025
train_002236,train/images.npz,2236,domain_07,ct,brightness,generic,1,False,class_042
train_002237,train/images.npz,2237,domain_10,ct,noise,generic,1,False,class_070
train_002238,train/images.npz,2238,domain_07,ct,none,generic,0,False,class_045
train_002239,train/images.npz,2239,domain_08,ct,none,generic,0,False,class_052
train_002240,train/images.npz,2240,domain_09,3d_projection,none,generic,0,False,class_067
train_002241,train/images.npz,2241,domain_15,microscopy,none,generic,0,False,class_102
train_002242,train/images.npz,2242,domain_03,xray,noise,generic,1,False,class_014
train_002243,train/images.npz,2243,domain_09,3d_projection,none,generic,0,False,class_061
train_002244,train/images.npz,2244,domain_05,3d_projection,none,generic,0,False,class_030
train_002245,train/images.npz,2245,domain_07,ct,noise,generic,1,False,class_038
train_002246,train/images.npz,2246,domain_10,ct,none,generic,0,False,class_069
train_002247,train/images.npz,2247,domain_15,microscopy,brightness,generic,1,False,class_104
train_002248,train/images.npz,2248,domain_03,xray,none,generic,0,False,class_017
train_002249,train/images.npz,2249,domain_02,ultrasound,none,generic,0,False,class_010
train_002250,train/images.npz,2250,domain_09,3d_projection,blur,generic,1,False,class_068
train_002251,train/images.npz,2251,domain_12,xray,none,generic,0,False,class_090
train_002252,train/images.npz,2252,domain_05,3d_projection,none,generic,0,False,class_031
train_002253,train/images.npz,2253,domain_09,3d_projection,none,generic,0,False,class_060
train_002254,train/images.npz,2254,domain_13,retinal,blur,generic,1,False,class_094
train_002255,train/images.npz,2255,domain_09,3d_projection,contrast,generic,1,False,class_061
train_002256,train/images.npz,2256,domain_03,xray,noise,generic,1,False,class_022
train_002257,train/images.npz,2257,domain_07,ct,noise,generic,2,False,class_038
train_002258,train/images.npz,2258,domain_03,xray,blur,generic,1,False,class_020
train_002259,train/images.npz,2259,domain_14,3d_projection,none,generic,0,False,class_097
train_002260,train/images.npz,2260,domain_15,microscopy,brightness,generic,1,False,class_105
train_002261,train/images.npz,2261,domain_07,ct,none,generic,0,False,class_039
train_002262,train/images.npz,2262,domain_00,3d_projection,none,generic,0,False,class_000
train_002263,train/images.npz,2263,domain_15,microscopy,none,generic,0,False,class_100
train_002264,train/images.npz,2264,domain_03,xray,noise,generic,2,False,class_024
train_002265,train/images.npz,2265,domain_04,3d_projection,none,generic,0,False,class_028
train_002266,train/images.npz,2266,domain_04,3d_projection,noise,generic,1,False,class_029
train_002267,train/images.npz,2267,domain_08,ct,contrast,generic,1,False,class_048
train_002268,train/images.npz,2268,domain_13,retinal,none,generic,0,False,class_094
train_002269,train/images.npz,2269,domain_01,microscopy,none,generic,0,False,class_002
train_002270,train/images.npz,2270,domain_01,microscopy,blur,generic,2,False,class_002
train_002271,train/images.npz,2271,domain_10,ct,none,generic,0,False,class_069
train_002272,train/images.npz,2272,domain_06,retinal,none,generic,0,False,class_035
train_002273,train/images.npz,2273,domain_03,xray,none,generic,0,False,class_014
train_002274,train/images.npz,2274,domain_11,microscopy,none,generic,0,False,class_083
train_002275,train/images.npz,2275,domain_09,3d_projection,brightness,generic,1,False,class_060
train_002276,train/images.npz,2276,domain_09,3d_projection,brightness,generic,1,False,class_065
train_002277,train/images.npz,2277,domain_10,ct,brightness,generic,1,False,class_073
train_002278,train/images.npz,2278,domain_10,ct,none,generic,0,False,class_069
train_002279,train/images.npz,2279,domain_07,ct,none,generic,0,False,class_039
train_002280,train/images.npz,2280,domain_09,3d_projection,none,generic,0,False,class_058
train_002281,train/images.npz,2281,domain_07,ct,none,generic,0,False,class_043
train_002282,train/images.npz,2282,domain_10,ct,blur,generic,1,False,class_079
train_002283,train/images.npz,2283,domain_08,ct,contrast,generic,2,False,class_052
train_002284,train/images.npz,2284,domain_15,microscopy,contrast,generic,1,False,class_099
train_002285,train/images.npz,2285,domain_11,microscopy,brightness,generic,2,False,class_087
train_002286,train/images.npz,2286,domain_09,3d_projection,blur,generic,1,False,class_060
train_002287,train/images.npz,2287,domain_03,xray,none,generic,0,False,class_021
train_002288,train/images.npz,2288,domain_02,ultrasound,none,generic,0,False,class_011
train_002289,train/images.npz,2289,domain_01,microscopy,none,generic,0,False,class_008
train_002290,train/images.npz,2290,domain_11,microscopy,none,generic,0,False,class_080
train_002291,train/images.npz,2291,domain_03,xray,brightness,generic,2,False,class_020
train_002292,train/images.npz,2292,domain_10,ct,brightness,generic,1,False,class_077
train_002293,train/images.npz,2293,domain_07,ct,noise,generic,1,False,class_045
train_002294,train/images.npz,2294,domain_01,microscopy,none,generic,0,False,class_005
train_002295,train/images.npz,2295,domain_10,ct,brightness,generic,1,False,class_073
train_002296,train/images.npz,2296,domain_10,ct,none,generic,0,False,class_075
train_002297,train/images.npz,2297,domain_00,3d_projection,brightness,generic,1,False,class_001
train_002298,train/images.npz,2298,domain_10,ct,contrast,generic,1,False,class_077
train_002299,train/images.npz,2299,domain_06,retinal,none,generic,0,False,class_032
train_002300,train/images.npz,2300,domain_11,microscopy,blur,generic,2,False,class_080
train_002301,train/images.npz,2301,domain_16,3d_projection,contrast,generic,1,False,class_106
train_002302,train/images.npz,2302,domain_12,xray,contrast,generic,1,False,class_089
train_002303,train/images.npz,2303,domain_10,ct,noise,generic,1,False,class_077
train_002304,train/images.npz,2304,domain_03,xray,blur,generic,2,False,class_026
train_002305,train/images.npz,2305,domain_15,microscopy,none,generic,0,False,class_104
train_002306,train/images.npz,2306,domain_09,3d_projection,contrast,generic,1,False,class_059
train_002307,train/images.npz,2307,domain_07,ct,noise,generic,2,False,class_040
train_002308,train/images.npz,2308,domain_11,microscopy,contrast,generic,1,False,class_088
train_002309,train/images.npz,2309,domain_07,ct,brightness,generic,1,False,class_038
train_002310,train/images.npz,2310,domain_09,3d_projection,none,generic,0,False,class_063
train_002311,train/images.npz,2311,domain_07,ct,contrast,generic,1,False,class_037
train_002312,train/images.npz,2312,domain_08,ct,contrast,generic,1,False,class_051
train_002313,train/images.npz,2313,domain_03,xray,contrast,generic,1,False,class_015
train_002314,train/images.npz,2314,domain_03,xray,noise,generic,1,False,class_026
train_002315,train/images.npz,2315,domain_09,3d_projection,none,generic,0,False,class_065
train_002316,train/images.npz,2316,domain_14,3d_projection,none,generic,0,False,class_096
train_002317,train/images.npz,2317,domain_07,ct,noise,generic,1,False,class_039
train_002318,train/images.npz,2318,domain_09,3d_projection,none,generic,0,False,class_067
train_002319,train/images.npz,2319,domain_14,3d_projection,contrast,generic,1,False,class_096
train_002320,train/images.npz,2320,domain_13,retinal,none,generic,0,False,class_091
train_002321,train/images.npz,2321,domain_03,xray,none,generic,0,False,class_019
train_002322,train/images.npz,2322,domain_11,microscopy,none,generic,0,False,class_080
train_002323,train/images.npz,2323,domain_09,3d_projection,none,generic,0,False,class_058
train_002324,train/images.npz,2324,domain_12,xray,none,generic,0,False,class_089
train_002325,train/images.npz,2325,domain_09,3d_projection,none,generic,0,False,class_065
train_002326,train/images.npz,2326,domain_03,xray,none,generic,0,False,class_014
train_002327,train/images.npz,2327,domain_13,retinal,contrast,generic,1,False,class_093
train_002328,train/images.npz,2328,domain_03,xray,none,generic,0,False,class_015
train_002329,train/images.npz,2329,domain_03,xray,contrast,generic,1,False,class_014
train_002330,train/images.npz,2330,domain_03,xray,none,generic,0,False,class_012
train_002331,train/images.npz,2331,domain_07,ct,contrast,generic,1,False,class_040
train_002332,train/images.npz,2332,domain_03,xray,none,generic,0,False,class_023
train_002333,train/images.npz,2333,domain_11,microscopy,none,generic,0,False,class_080
train_002334,train/images.npz,2334,domain_11,microscopy,none,generic,0,False,class_088
train_002335,train/images.npz,2335,domain_05,3d_projection,none,generic,0,False,class_031
train_002336,train/images.npz,2336,domain_09,3d_projection,brightness,generic,1,False,class_059
train_002337,train/images.npz,2337,domain_12,xray,none,generic,0,False,class_090
train_002338,train/images.npz,2338,domain_09,3d_projection,none,generic,0,False,class_066
train_002339,train/images.npz,2339,domain_16,3d_projection,contrast,generic,1,False,class_106
train_002340,train/images.npz,2340,domain_14,3d_projection,none,generic,0,False,class_096
train_002341,train/images.npz,2341,domain_09,3d_projection,contrast,generic,1,False,class_062
train_002342,train/images.npz,2342,domain_14,3d_projection,brightness,generic,1,False,class_096
train_002343,train/images.npz,2343,domain_15,microscopy,noise,generic,2,False,class_098
train_002344,train/images.npz,2344,domain_15,microscopy,none,generic,0,False,class_101
train_002345,train/images.npz,2345,domain_07,ct,blur,generic,1,False,class_045
train_002346,train/images.npz,2346,domain_12,xray,none,generic,0,False,class_090
train_002347,train/images.npz,2347,domain_16,3d_projection,contrast,generic,1,False,class_107
train_002348,train/images.npz,2348,domain_05,3d_projection,contrast,generic,1,False,class_030
train_002349,train/images.npz,2349,domain_11,microscopy,none,generic,0,False,class_080
train_002350,train/images.npz,2350,domain_02,ultrasound,noise,generic,1,False,class_010
train_002351,train/images.npz,2351,domain_09,3d_projection,noise,generic,1,False,class_060
train_002352,train/images.npz,2352,domain_01,microscopy,none,generic,0,False,class_007
train_002353,train/images.npz,2353,domain_09,3d_projection,none,generic,0,False,class_068
train_002354,train/images.npz,2354,domain_11,microscopy,brightness,generic,2,False,class_080
train_002355,train/images.npz,2355,domain_09,3d_projection,none,generic,0,False,class_062
train_002356,train/images.npz,2356,domain_03,xray,noise,generic,1,False,class_023
train_002357,train/images.npz,2357,domain_07,ct,contrast,generic,2,False,class_040
train_002358,train/images.npz,2358,domain_03,xray,brightness,generic,2,False,class_016
train_002359,train/images.npz,2359,domain_09,3d_projection,blur,generic,2,False,class_062
train_002360,train/images.npz,2360,domain_03,xray,brightness,generic,2,False,class_019
train_002361,train/images.npz,2361,domain_05,3d_projection,brightness,generic,2,False,class_031
train_002362,train/images.npz,2362,domain_13,retinal,none,generic,0,False,class_094
train_002363,train/images.npz,2363,domain_16,3d_projection,none,generic,0,False,class_106
train_002364,train/images.npz,2364,domain_14,3d_projection,noise,generic,1,False,class_096
train_002365,train/images.npz,2365,domain_10,ct,none,generic,0,False,class_071
train_002366,train/images.npz,2366,domain_01,microscopy,none,generic,0,False,class_005
train_002367,train/images.npz,2367,domain_15,microscopy,none,generic,0,False,class_103
train_002368,train/images.npz,2368,domain_16,3d_projection,noise,generic,1,False,class_106
train_002369,train/images.npz,2369,domain_08,ct,none,generic,0,False,class_052
train_002370,train/images.npz,2370,domain_01,microscopy,blur,generic,1,False,class_003
train_002371,train/images.npz,2371,domain_00,3d_projection,none,generic,0,False,class_000
train_002372,train/images.npz,2372,domain_15,microscopy,contrast,generic,2,False,class_100
train_002373,train/images.npz,2373,domain_10,ct,none,generic,0,False,class_076
train_002374,train/images.npz,2374,domain_14,3d_projection,noise,generic,1,False,class_096
train_002375,train/images.npz,2375,domain_09,3d_projection,none,generic,0,False,class_061
train_002376,train/images.npz,2376,domain_02,ultrasound,contrast,generic,1,False,class_010
train_002377,train/images.npz,2377,domain_15,microscopy,contrast,generic,1,False,class_103
train_002378,train/images.npz,2378,domain_01,microscopy,none,generic,0,False,class_006
train_002379,train/images.npz,2379,domain_02,ultrasound,none,generic,0,False,class_011
train_002380,train/images.npz,2380,domain_10,ct,none,generic,0,False,class_078
train_002381,train/images.npz,2381,domain_09,3d_projection,none,generic,0,False,class_059
train_002382,train/images.npz,2382,domain_07,ct,brightness,generic,1,False,class_041
train_002383,train/images.npz,2383,domain_11,microscopy,none,generic,0,False,class_080
train_002384,train/images.npz,2384,domain_01,microscopy,noise,generic,1,False,class_007
train_002385,train/images.npz,2385,domain_13,retinal,brightness,generic,1,False,class_094
train_002386,train/images.npz,2386,domain_11,microscopy,contrast,generic,1,False,class_085
train_002387,train/images.npz,2387,domain_11,microscopy,contrast,generic,1,False,class_081
train_002388,train/images.npz,2388,domain_07,ct,contrast,generic,1,False,class_044
train_002389,train/images.npz,2389,domain_10,ct,none,generic,0,False,class_069
train_002390,train/images.npz,2390,domain_07,ct,none,generic,0,False,class_038
train_002391,train/images.npz,2391,domain_15,microscopy,none,generic,0,False,class_104
train_002392,train/images.npz,2392,domain_07,ct,contrast,generic,1,False,class_038
train_002393,train/images.npz,2393,domain_03,xray,noise,generic,1,False,class_015
train_002394,train/images.npz,2394,domain_01,microscopy,none,generic,0,False,class_006
train_002395,train/images.npz,2395,domain_10,ct,noise,generic,1,False,class_071
train_002396,train/images.npz,2396,domain_14,3d_projection,none,generic,0,False,class_097
train_002397,train/images.npz,2397,domain_15,microscopy,none,generic,0,False,class_105
train_002398,train/images.npz,2398,domain_06,retinal,contrast,generic,1,False,class_032
train_002399,train/images.npz,2399,domain_09,3d_projection,noise,generic,2,False,class_063
train_002400,train/images.npz,2400,domain_11,microscopy,contrast,generic,1,False,class_080
train_002401,train/images.npz,2401,domain_03,xray,brightness,generic,1,False,class_016
train_002402,train/images.npz,2402,domain_11,microscopy,none,generic,0,False,class_087
train_002403,train/images.npz,2403,domain_10,ct,blur,generic,1,False,class_078
train_002404,train/images.npz,2404,domain_03,xray,contrast,generic,1,False,class_018
train_002405,train/images.npz,2405,domain_07,ct,none,generic,0,False,class_039
train_002406,train/images.npz,2406,domain_08,ct,noise,generic,1,False,class_054
train_002407,train/images.npz,2407,domain_10,ct,brightness,generic,1,False,class_071
train_002408,train/images.npz,2408,domain_02,ultrasound,none,generic,0,False,class_011
train_002409,train/images.npz,2409,domain_14,3d_projection,blur,generic,1,False,class_096
train_002410,train/images.npz,2410,domain_00,3d_projection,none,generic,0,False,class_000
train_002411,train/images.npz,2411,domain_13,retinal,noise,generic,1,False,class_091
train_002412,train/images.npz,2412,domain_03,xray,none,generic,0,False,class_020
train_002413,train/images.npz,2413,domain_05,3d_projection,brightness,generic,1,False,class_030
train_002414,train/images.npz,2414,domain_08,ct,brightness,generic,2,False,class_054
train_002415,train/images.npz,2415,domain_01,microscopy,contrast,generic,1,False,class_004
train_002416,train/images.npz,2416,domain_03,xray,contrast,generic,1,False,class_015
train_002417,train/images.npz,2417,domain_07,ct,none,generic,0,False,class_037
train_002418,train/images.npz,2418,domain_10,ct,noise,generic,1,False,class_075
train_002419,train/images.npz,2419,domain_07,ct,none,generic,0,False,class_044
train_002420,train/images.npz,2420,domain_08,ct,brightness,generic,1,False,class_051
train_002421,train/images.npz,2421,domain_01,microscopy,contrast,generic,1,False,class_004
train_002422,train/images.npz,2422,domain_03,xray,noise,generic,1,False,class_023
train_002423,train/images.npz,2423,domain_01,microscopy,none,generic,0,False,class_003
train_002424,train/images.npz,2424,domain_07,ct,noise,generic,1,False,class_042
train_002425,train/images.npz,2425,domain_03,xray,brightness,generic,1,False,class_014
train_002426,train/images.npz,2426,domain_04,3d_projection,contrast,generic,1,False,class_028
train_002427,train/images.npz,2427,domain_03,xray,none,generic,0,False,class_025
train_002428,train/images.npz,2428,domain_12,xray,blur,generic,2,False,class_090
train_002429,train/images.npz,2429,domain_09,3d_projection,none,generic,0,False,class_064
train_002430,train/images.npz,2430,domain_00,3d_projection,contrast,generic,1,False,class_000
train_002431,train/images.npz,2431,domain_10,ct,brightness,generic,1,False,class_078
train_002432,train/images.npz,2432,domain_02,ultrasound,none,generic,0,False,class_010
train_002433,train/images.npz,2433,domain_10,ct,none,generic,0,False,class_077
train_002434,train/images.npz,2434,domain_09,3d_projection,none,generic,0,False,class_059
train_002435,train/images.npz,2435,domain_03,xray,blur,generic,1,False,class_020
train_002436,train/images.npz,2436,domain_03,xray,none,generic,0,False,class_019
train_002437,train/images.npz,2437,domain_11,microscopy,none,generic,0,False,class_088
train_002438,train/images.npz,2438,domain_09,3d_projection,brightness,generic,2,False,class_068
train_002439,train/images.npz,2439,domain_03,xray,brightness,generic,2,False,class_023
train_002440,train/images.npz,2440,domain_00,3d_projection,brightness,generic,2,False,class_000
train_002441,train/images.npz,2441,domain_04,3d_projection,contrast,generic,2,False,class_028
train_002442,train/images.npz,2442,domain_11,microscopy,blur,generic,1,False,class_084
train_002443,train/images.npz,2443,domain_14,3d_projection,noise,generic,1,False,class_096
train_002444,train/images.npz,2444,domain_01,microscopy,none,generic,0,False,class_003
train_002445,train/images.npz,2445,domain_10,ct,none,generic,0,False,class_069
train_002446,train/images.npz,2446,domain_07,ct,blur,generic,1,False,class_043
train_002447,train/images.npz,2447,domain_15,microscopy,contrast,generic,1,False,class_099
train_002448,train/images.npz,2448,domain_12,xray,brightness,generic,2,False,class_089
train_002449,train/images.npz,2449,domain_09,3d_projection,none,generic,0,False,class_063
train_002450,train/images.npz,2450,domain_08,ct,contrast,generic,2,False,class_050
train_002451,train/images.npz,2451,domain_03,xray,none,generic,0,False,class_024
train_002452,train/images.npz,2452,domain_03,xray,noise,generic,2,False,class_023
train_002453,train/images.npz,2453,domain_10,ct,none,generic,0,False,class_071
train_002454,train/images.npz,2454,domain_10,ct,blur,generic,1,False,class_071
train_002455,train/images.npz,2455,domain_14,3d_projection,none,generic,0,False,class_097
train_002456,train/images.npz,2456,domain_03,xray,contrast,generic,1,False,class_012
train_002457,train/images.npz,2457,domain_08,ct,brightness,generic,1,False,class_053
train_002458,train/images.npz,2458,domain_10,ct,contrast,generic,1,False,class_069
train_002459,train/images.npz,2459,domain_10,ct,none,generic,0,False,class_075
train_002460,train/images.npz,2460,domain_10,ct,contrast,generic,1,False,class_070
train_002461,train/images.npz,2461,domain_05,3d_projection,none,generic,0,False,class_031
train_002462,train/images.npz,2462,domain_04,3d_projection,noise,generic,1,False,class_027
train_002463,train/images.npz,2463,domain_15,microscopy,blur,generic,1,False,class_101
train_002464,train/images.npz,2464,domain_03,xray,none,generic,0,False,class_018
train_002465,train/images.npz,2465,domain_01,microscopy,contrast,generic,1,False,class_004
train_002466,train/images.npz,2466,domain_10,ct,noise,generic,1,False,class_073
train_002467,train/images.npz,2467,domain_08,ct,blur,generic,2,False,class_051
train_002468,train/images.npz,2468,domain_07,ct,contrast,generic,1,False,class_039
train_002469,train/images.npz,2469,domain_00,3d_projection,none,generic,0,False,class_000
train_002470,train/images.npz,2470,domain_10,ct,noise,generic,1,False,class_070
train_002471,train/images.npz,2471,domain_08,ct,none,generic,0,False,class_052
train_002472,train/images.npz,2472,domain_10,ct,none,generic,0,False,class_071
train_002473,train/images.npz,2473,domain_08,ct,contrast,generic,1,False,class_049
train_002474,train/images.npz,2474,domain_07,ct,noise,generic,1,False,class_042
train_002475,train/images.npz,2475,domain_11,microscopy,contrast,generic,1,False,class_082
train_002476,train/images.npz,2476,domain_08,ct,none,generic,0,False,class_053
train_002477,train/images.npz,2477,domain_15,microscopy,none,generic,0,False,class_099
train_002478,train/images.npz,2478,domain_01,microscopy,none,generic,0,False,class_006
train_002479,train/images.npz,2479,domain_03,xray,none,generic,0,False,class_024
train_002480,train/images.npz,2480,domain_13,retinal,none,generic,0,False,class_091
train_002481,train/images.npz,2481,domain_08,ct,none,generic,0,False,class_057
train_002482,train/images.npz,2482,domain_01,microscopy,none,generic,0,False,class_004
train_002483,train/images.npz,2483,domain_11,microscopy,noise,generic,1,False,class_088
train_002484,train/images.npz,2484,domain_11,microscopy,blur,generic,2,False,class_085
train_002485,train/images.npz,2485,domain_04,3d_projection,none,generic,0,False,class_029
train_002486,train/images.npz,2486,domain_15,microscopy,contrast,generic,1,False,class_103
train_002487,train/images.npz,2487,domain_14,3d_projection,noise,generic,1,False,class_096
train_002488,train/images.npz,2488,domain_08,ct,brightness,generic,1,False,class_047
train_002489,train/images.npz,2489,domain_03,xray,contrast,generic,1,False,class_013
train_002490,train/images.npz,2490,domain_08,ct,none,generic,0,False,class_057
train_002491,train/images.npz,2491,domain_09,3d_projection,noise,generic,1,False,class_062
train_002492,train/images.npz,2492,domain_13,retinal,contrast,generic,2,False,class_091
train_002493,train/images.npz,2493,domain_03,xray,contrast,generic,2,False,class_022
train_002494,train/images.npz,2494,domain_15,microscopy,contrast,generic,1,False,class_099
train_002495,train/images.npz,2495,domain_10,ct,brightness,generic,1,False,class_074
train_002496,train/images.npz,2496,domain_09,3d_projection,none,generic,0,False,class_067
train_002497,train/images.npz,2497,domain_03,xray,none,generic,0,False,class_016
train_002498,train/images.npz,2498,domain_03,xray,contrast,generic,1,False,class_015
train_002499,train/images.npz,2499,domain_03,xray,none,generic,0,False,class_012
train_002500,train/images.npz,2500,domain_07,ct,noise,generic,1,False,class_042
train_002501,train/images.npz,2501,domain_13,retinal,brightness,generic,2,False,class_094
train_002502,train/images.npz,2502,domain_16,3d_projection,none,generic,0,False,class_106
train_002503,train/images.npz,2503,domain_08,ct,none,generic,0,False,class_051
train_002504,train/images.npz,2504,domain_11,microscopy,brightness,generic,2,False,class_085
train_002505,train/images.npz,2505,domain_03,xray,none,generic,0,False,class_019
train_002506,train/images.npz,2506,domain_11,microscopy,brightness,generic,2,False,class_088
train_002507,train/images.npz,2507,domain_08,ct,none,generic,0,False,class_055
train_002508,train/images.npz,2508,domain_01,microscopy,none,generic,0,False,class_003
train_002509,train/images.npz,2509,domain_09,3d_projection,none,generic,0,False,class_067
train_002510,train/images.npz,2510,domain_07,ct,none,generic,0,False,class_038
train_002511,train/images.npz,2511,domain_02,ultrasound,brightness,generic,1,False,class_011
train_002512,train/images.npz,2512,domain_08,ct,contrast,generic,2,False,class_052
train_002513,train/images.npz,2513,domain_14,3d_projection,noise,generic,1,False,class_097
train_002514,train/images.npz,2514,domain_03,xray,none,generic,0,False,class_025
train_002515,train/images.npz,2515,domain_06,retinal,none,generic,0,False,class_033
train_002516,train/images.npz,2516,domain_03,xray,noise,generic,1,False,class_012
train_002517,train/images.npz,2517,domain_05,3d_projection,none,generic,0,False,class_031
train_002518,train/images.npz,2518,domain_07,ct,none,generic,0,False,class_039
train_002519,train/images.npz,2519,domain_16,3d_projection,none,generic,0,False,class_107
train_002520,train/images.npz,2520,domain_11,microscopy,blur,generic,2,False,class_082
train_002521,train/images.npz,2521,domain_06,retinal,brightness,generic,1,False,class_032
train_002522,train/images.npz,2522,domain_06,retinal,contrast,generic,1,False,class_033
train_002523,train/images.npz,2523,domain_10,ct,noise,generic,2,False,class_075
train_002524,train/images.npz,2524,domain_08,ct,none,generic,0,False,class_056
train_002525,train/images.npz,2525,domain_07,ct,none,generic,0,False,class_043
train_002526,train/images.npz,2526,domain_03,xray,none,generic,0,False,class_025
train_002527,train/images.npz,2527,domain_10,ct,blur,generic,2,False,class_071
train_002528,train/images.npz,2528,domain_07,ct,none,generic,0,False,class_037
train_002529,train/images.npz,2529,domain_03,xray,brightness,generic,1,False,class_018
train_002530,train/images.npz,2530,domain_02,ultrasound,contrast,generic,1,False,class_011
train_002531,train/images.npz,2531,domain_09,3d_projection,none,generic,0,False,class_067
train_002532,train/images.npz,2532,domain_04,3d_projection,contrast,generic,2,False,class_029
train_002533,train/images.npz,2533,domain_07,ct,none,generic,0,False,class_044
train_002534,train/images.npz,2534,domain_02,ultrasound,none,generic,0,False,class_011
train_002535,train/images.npz,2535,domain_11,microscopy,brightness,generic,1,False,class_083
train_002536,train/images.npz,2536,domain_02,ultrasound,none,generic,0,False,class_010
train_002537,train/images.npz,2537,domain_11,microscopy,none,generic,0,False,class_083
train_002538,train/images.npz,2538,domain_09,3d_projection,brightness,generic,1,False,class_058
train_002539,train/images.npz,2539,domain_05,3d_projection,none,generic,0,False,class_030
train_002540,train/images.npz,2540,domain_07,ct,none,generic,0,False,class_042
train_002541,train/images.npz,2541,domain_11,microscopy,none,generic,0,False,class_084
train_002542,train/images.npz,2542,domain_05,3d_projection,noise,generic,1,False,class_030
train_002543,train/images.npz,2543,domain_13,retinal,none,generic,0,False,class_093
train_002544,train/images.npz,2544,domain_08,ct,none,generic,0,False,class_056
train_002545,train/images.npz,2545,domain_14,3d_projection,noise,generic,1,False,class_097
train_002546,train/images.npz,2546,domain_11,microscopy,noise,generic,2,False,class_088
train_002547,train/images.npz,2547,domain_16,3d_projection,none,generic,0,False,class_107
train_002548,train/images.npz,2548,domain_11,microscopy,noise,generic,1,False,class_088
train_002549,train/images.npz,2549,domain_15,microscopy,none,generic,0,False,class_098
train_002550,train/images.npz,2550,domain_05,3d_projection,blur,generic,1,False,class_030
train_002551,train/images.npz,2551,domain_11,microscopy,none,generic,0,False,class_081
train_002552,train/images.npz,2552,domain_03,xray,none,generic,0,False,class_021
train_002553,train/images.npz,2553,domain_09,3d_projection,none,generic,0,False,class_065
train_002554,train/images.npz,2554,domain_10,ct,noise,generic,1,False,class_079
train_002555,train/images.npz,2555,domain_12,xray,none,generic,0,False,class_090
train_002556,train/images.npz,2556,domain_11,microscopy,none,generic,0,False,class_082
train_002557,train/images.npz,2557,domain_11,microscopy,none,generic,0,False,class_082
train_002558,train/images.npz,2558,domain_01,microscopy,contrast,generic,1,False,class_002
train_002559,train/images.npz,2559,domain_03,xray,contrast,generic,1,False,class_025
train_002560,train/images.npz,2560,domain_13,retinal,contrast,generic,1,False,class_092
train_002561,train/images.npz,2561,domain_10,ct,none,generic,0,False,class_075
train_002562,train/images.npz,2562,domain_01,microscopy,none,generic,0,False,class_002
train_002563,train/images.npz,2563,domain_08,ct,none,generic,0,False,class_047
train_002564,train/images.npz,2564,domain_04,3d_projection,none,generic,0,False,class_028
train_002565,train/images.npz,2565,domain_00,3d_projection,none,generic,0,False,class_001
train_002566,train/images.npz,2566,domain_01,microscopy,blur,generic,1,False,class_008
train_002567,train/images.npz,2567,domain_09,3d_projection,noise,generic,1,False,class_066
train_002568,train/images.npz,2568,domain_01,microscopy,contrast,generic,1,False,class_003
train_002569,train/images.npz,2569,domain_01,microscopy,blur,generic,2,False,class_006
train_002570,train/images.npz,2570,domain_00,3d_projection,none,generic,0,False,class_001
train_002571,train/images.npz,2571,domain_10,ct,contrast,generic,2,False,class_073
train_002572,train/images.npz,2572,domain_09,3d_projection,brightness,generic,2,False,class_068
train_002573,train/images.npz,2573,domain_03,xray,contrast,generic,1,False,class_024
train_002574,train/images.npz,2574,domain_06,retinal,contrast,generic,1,False,class_034
train_002575,train/images.npz,2575,domain_03,xray,contrast,generic,1,False,class_024
train_002576,train/images.npz,2576,domain_11,microscopy,none,generic,0,False,class_088
train_002577,train/images.npz,2577,domain_03,xray,none,generic,0,False,class_025
train_002578,train/images.npz,2578,domain_13,retinal,contrast,generic,1,False,class_092
train_002579,train/images.npz,2579,domain_08,ct,noise,generic,1,False,class_049
train_002580,train/images.npz,2580,domain_09,3d_projection,contrast,generic,1,False,class_060
train_002581,train/images.npz,2581,domain_10,ct,none,generic,0,False,class_078
train_002582,train/images.npz,2582,domain_10,ct,none,generic,0,False,class_077
train_002583,train/images.npz,2583,domain_08,ct,none,generic,0,False,class_054
train_002584,train/images.npz,2584,domain_03,xray,none,generic,0,False,class_022
train_002585,train/images.npz,2585,domain_01,microscopy,none,generic,0,False,class_005
train_002586,train/images.npz,2586,domain_06,retinal,none,generic,0,False,class_032
train_002587,train/images.npz,2587,domain_01,microscopy,none,generic,0,False,class_003
train_002588,train/images.npz,2588,domain_01,microscopy,none,generic,0,False,class_005
train_002589,train/images.npz,2589,domain_10,ct,none,generic,0,False,class_069
train_002590,train/images.npz,2590,domain_08,ct,contrast,generic,1,False,class_057
train_002591,train/images.npz,2591,domain_07,ct,brightness,generic,1,False,class_037
train_002592,train/images.npz,2592,domain_07,ct,blur,generic,1,False,class_046
train_002593,train/images.npz,2593,domain_01,microscopy,contrast,generic,1,False,class_006
train_002594,train/images.npz,2594,domain_14,3d_projection,blur,generic,1,False,class_096
train_002595,train/images.npz,2595,domain_10,ct,noise,generic,1,False,class_071
train_002596,train/images.npz,2596,domain_01,microscopy,contrast,generic,2,False,class_004
train_002597,train/images.npz,2597,domain_11,microscopy,contrast,generic,1,False,class_086
train_002598,train/images.npz,2598,domain_01,microscopy,noise,generic,2,False,class_009
train_002599,train/images.npz,2599,domain_07,ct,none,generic,0,False,class_044
train_002600,train/images.npz,2600,domain_09,3d_projection,brightness,generic,1,False,class_060
train_002601,train/images.npz,2601,domain_04,3d_projection,noise,generic,1,False,class_028
train_002602,train/images.npz,2602,domain_07,ct,contrast,generic,1,False,class_040
train_002603,train/images.npz,2603,domain_03,xray,contrast,generic,2,False,class_014
train_002604,train/images.npz,2604,domain_00,3d_projection,none,generic,0,False,class_000
train_002605,train/images.npz,2605,domain_03,xray,contrast,generic,1,False,class_026
train_002606,train/images.npz,2606,domain_13,retinal,none,generic,0,False,class_093
train_002607,train/images.npz,2607,domain_05,3d_projection,none,generic,0,False,class_031
train_002608,train/images.npz,2608,domain_00,3d_projection,blur,generic,1,False,class_000
train_002609,train/images.npz,2609,domain_03,xray,noise,generic,1,False,class_014
train_002610,train/images.npz,2610,domain_11,microscopy,contrast,generic,1,False,class_081
train_002611,train/images.npz,2611,domain_09,3d_projection,contrast,generic,1,False,class_058
train_002612,train/images.npz,2612,domain_06,retinal,blur,generic,2,False,class_033
train_002613,train/images.npz,2613,domain_16,3d_projection,noise,generic,2,False,class_107
train_002614,train/images.npz,2614,domain_10,ct,none,generic,0,False,class_076
train_002615,train/images.npz,2615,domain_02,ultrasound,noise,generic,1,False,class_010
train_002616,train/images.npz,2616,domain_03,xray,none,generic,0,False,class_013
train_002617,train/images.npz,2617,domain_03,xray,none,generic,0,False,class_020
train_002618,train/images.npz,2618,domain_10,ct,none,generic,0,False,class_074
train_002619,train/images.npz,2619,domain_15,microscopy,contrast,generic,1,False,class_103
train_002620,train/images.npz,2620,domain_04,3d_projection,brightness,generic,1,False,class_028
train_002621,train/images.npz,2621,domain_10,ct,none,generic,0,False,class_078
train_002622,train/images.npz,2622,domain_09,3d_projection,contrast,generic,1,False,class_062
train_002623,train/images.npz,2623,domain_07,ct,blur,generic,1,False,class_045
train_002624,train/images.npz,2624,domain_05,3d_projection,blur,generic,1,False,class_031
train_002625,train/images.npz,2625,domain_03,xray,none,generic,0,False,class_020
train_002626,train/images.npz,2626,domain_04,3d_projection,none,generic,0,False,class_028
train_002627,train/images.npz,2627,domain_16,3d_projection,noise,generic,1,False,class_106
train_002628,train/images.npz,2628,domain_10,ct,noise,generic,1,False,class_069
train_002629,train/images.npz,2629,domain_13,retinal,blur,generic,1,False,class_094
train_002630,train/images.npz,2630,domain_09,3d_projection,contrast,generic,1,False,class_068
train_002631,train/images.npz,2631,domain_12,xray,none,generic,0,False,class_089
train_002632,train/images.npz,2632,domain_11,microscopy,noise,generic,1,False,class_086
train_002633,train/images.npz,2633,domain_07,ct,none,generic,0,False,class_039
train_002634,train/images.npz,2634,domain_02,ultrasound,blur,generic,1,False,class_010
train_002635,train/images.npz,2635,domain_10,ct,contrast,generic,1,False,class_074
train_002636,train/images.npz,2636,domain_03,xray,none,generic,0,False,class_022
train_002637,train/images.npz,2637,domain_03,xray,blur,generic,1,False,class_024
train_002638,train/images.npz,2638,domain_14,3d_projection,none,generic,0,False,class_097
train_002639,train/images.npz,2639,domain_01,microscopy,none,generic,0,False,class_009
train_002640,train/images.npz,2640,domain_08,ct,contrast,generic,1,False,class_047
train_002641,train/images.npz,2641,domain_08,ct,none,generic,0,False,class_049
train_002642,train/images.npz,2642,domain_13,retinal,contrast,generic,1,False,class_094
train_002643,train/images.npz,2643,domain_09,3d_projection,none,generic,0,False,class_061
train_002644,train/images.npz,2644,domain_09,3d_projection,contrast,generic,2,False,class_064
train_002645,train/images.npz,2645,domain_15,microscopy,none,generic,0,False,class_104
train_002646,train/images.npz,2646,domain_08,ct,none,generic,0,False,class_057
train_002647,train/images.npz,2647,domain_03,xray,none,generic,0,False,class_015
train_002648,train/images.npz,2648,domain_14,3d_projection,noise,generic,1,False,class_096
train_002649,train/images.npz,2649,domain_15,microscopy,contrast,generic,1,False,class_100
train_002650,train/images.npz,2650,domain_04,3d_projection,noise,generic,2,False,class_027
train_002651,train/images.npz,2651,domain_07,ct,none,generic,0,False,class_045
train_002652,train/images.npz,2652,domain_07,ct,contrast,generic,1,False,class_040
train_002653,train/images.npz,2653,domain_08,ct,noise,generic,1,False,class_055
train_002654,train/images.npz,2654,domain_09,3d_projection,none,generic,0,False,class_066
train_002655,train/images.npz,2655,domain_10,ct,noise,generic,1,False,class_074
train_002656,train/images.npz,2656,domain_09,3d_projection,blur,generic,1,False,class_066
train_002657,train/images.npz,2657,domain_08,ct,brightness,generic,1,False,class_055
train_002658,train/images.npz,2658,domain_10,ct,none,generic,0,False,class_077
train_002659,train/images.npz,2659,domain_07,ct,noise,generic,1,False,class_040
train_002660,train/images.npz,2660,domain_10,ct,none,generic,0,False,class_075
train_002661,train/images.npz,2661,domain_14,3d_projection,none,generic,0,False,class_096
train_002662,train/images.npz,2662,domain_10,ct,contrast,generic,1,False,class_072
train_002663,train/images.npz,2663,domain_03,xray,none,generic,0,False,class_013
train_002664,train/images.npz,2664,domain_04,3d_projection,contrast,generic,2,False,class_027
train_002665,train/images.npz,2665,domain_03,xray,contrast,generic,1,False,class_021
train_002666,train/images.npz,2666,domain_03,xray,noise,generic,2,False,class_026
train_002667,train/images.npz,2667,domain_07,ct,noise,generic,2,False,class_044
train_002668,train/images.npz,2668,domain_03,xray,none,generic,0,False,class_020
train_002669,train/images.npz,2669,domain_10,ct,none,generic,0,False,class_076
train_002670,train/images.npz,2670,domain_10,ct,blur,generic,1,False,class_071
train_002671,train/images.npz,2671,domain_08,ct,none,generic,0,False,class_053
train_002672,train/images.npz,2672,domain_15,microscopy,noise,generic,1,False,class_104
train_002673,train/images.npz,2673,domain_07,ct,contrast,generic,1,False,class_039
train_002674,train/images.npz,2674,domain_09,3d_projection,contrast,generic,1,False,class_063
train_002675,train/images.npz,2675,domain_11,microscopy,none,generic,0,False,class_081
train_002676,train/images.npz,2676,domain_03,xray,contrast,generic,1,False,class_021
train_002677,train/images.npz,2677,domain_11,microscopy,none,generic,0,False,class_085
train_002678,train/images.npz,2678,domain_10,ct,none,generic,0,False,class_070
train_002679,train/images.npz,2679,domain_09,3d_projection,noise,generic,1,False,class_063
train_002680,train/images.npz,2680,domain_01,microscopy,blur,generic,1,False,class_002
train_002681,train/images.npz,2681,domain_07,ct,contrast,generic,1,False,class_037
train_002682,train/images.npz,2682,domain_03,xray,none,generic,0,False,class_026
train_002683,train/images.npz,2683,domain_08,ct,none,generic,0,False,class_049
train_002684,train/images.npz,2684,domain_13,retinal,blur,generic,2,False,class_091
train_002685,train/images.npz,2685,domain_09,3d_projection,blur,generic,1,False,class_058
train_002686,train/images.npz,2686,domain_08,ct,none,generic,0,False,class_057
train_002687,train/images.npz,2687,domain_03,xray,none,generic,0,False,class_025
train_002688,train/images.npz,2688,domain_03,xray,none,generic,0,False,class_013
train_002689,train/images.npz,2689,domain_11,microscopy,noise,generic,1,False,class_085
train_002690,train/images.npz,2690,domain_04,3d_projection,contrast,generic,2,False,class_028
train_002691,train/images.npz,2691,domain_09,3d_projection,noise,generic,1,False,class_062
train_002692,train/images.npz,2692,domain_08,ct,contrast,generic,2,False,class_052
train_002693,train/images.npz,2693,domain_03,xray,none,generic,0,False,class_021
train_002694,train/images.npz,2694,domain_08,ct,none,generic,0,False,class_055
train_002695,train/images.npz,2695,domain_08,ct,blur,generic,1,False,class_052
train_002696,train/images.npz,2696,domain_11,microscopy,none,generic,0,False,class_088
train_002697,train/images.npz,2697,domain_03,xray,none,generic,0,False,class_021
train_002698,train/images.npz,2698,domain_11,microscopy,contrast,generic,1,False,class_082
train_002699,train/images.npz,2699,domain_09,3d_projection,noise,generic,1,False,class_058
train_002700,train/images.npz,2700,domain_09,3d_projection,blur,generic,2,False,class_067
train_002701,train/images.npz,2701,domain_03,xray,contrast,generic,1,False,class_014
train_002702,train/images.npz,2702,domain_03,xray,none,generic,0,False,class_014
train_002703,train/images.npz,2703,domain_16,3d_projection,none,generic,0,False,class_107
train_002704,train/images.npz,2704,domain_11,microscopy,noise,generic,1,False,class_086
train_002705,train/images.npz,2705,domain_08,ct,none,generic,0,False,class_047
train_002706,train/images.npz,2706,domain_10,ct,blur,generic,2,False,class_070
train_002707,train/images.npz,2707,domain_12,xray,none,generic,0,False,class_090
train_002708,train/images.npz,2708,domain_11,microscopy,noise,generic,1,False,class_081
train_002709,train/images.npz,2709,domain_03,xray,none,generic,0,False,class_019
train_002710,train/images.npz,2710,domain_08,ct,none,generic,0,False,class_054
train_002711,train/images.npz,2711,domain_13,retinal,none,generic,0,False,class_094
train_002712,train/images.npz,2712,domain_09,3d_projection,brightness,generic,1,False,class_064
train_002713,train/images.npz,2713,domain_03,xray,none,generic,0,False,class_018
train_002714,train/images.npz,2714,domain_10,ct,none,generic,0,False,class_077
train_002715,train/images.npz,2715,domain_03,xray,none,generic,0,False,class_017
train_002716,train/images.npz,2716,domain_08,ct,brightness,generic,1,False,class_049
train_002717,train/images.npz,2717,domain_13,retinal,brightness,generic,1,False,class_094
train_002718,train/images.npz,2718,domain_01,microscopy,none,generic,0,False,class_005
train_002719,train/images.npz,2719,domain_03,xray,noise,generic,2,False,class_021
train_002720,train/images.npz,2720,domain_08,ct,noise,generic,1,False,class_055
train_002721,train/images.npz,2721,domain_12,xray,none,generic,0,False,class_089
train_002722,train/images.npz,2722,domain_07,ct,brightness,generic,1,False,class_045
train_002723,train/images.npz,2723,domain_00,3d_projection,none,generic,0,False,class_000
train_002724,train/images.npz,2724,domain_03,xray,none,generic,0,False,class_026
train_002725,train/images.npz,2725,domain_16,3d_projection,none,generic,0,False,class_106
train_002726,train/images.npz,2726,domain_06,retinal,noise,generic,1,False,class_032
train_002727,train/images.npz,2727,domain_01,microscopy,blur,generic,1,False,class_004
train_002728,train/images.npz,2728,domain_10,ct,none,generic,0,False,class_069
train_002729,train/images.npz,2729,domain_07,ct,brightness,generic,1,False,class_037
train_002730,train/images.npz,2730,domain_15,microscopy,none,generic,0,False,class_098
train_002731,train/images.npz,2731,domain_08,ct,blur,generic,1,False,class_049
train_002732,train/images.npz,2732,domain_01,microscopy,blur,generic,1,False,class_006
train_002733,train/images.npz,2733,domain_09,3d_projection,none,generic,0,False,class_061
train_002734,train/images.npz,2734,domain_07,ct,contrast,generic,1,False,class_045
train_002735,train/images.npz,2735,domain_08,ct,noise,generic,2,False,class_051
train_002736,train/images.npz,2736,domain_03,xray,brightness,generic,1,False,class_015
train_002737,train/images.npz,2737,domain_07,ct,contrast,generic,1,False,class_044
train_002738,train/images.npz,2738,domain_12,xray,none,generic,0,False,class_089
train_002739,train/images.npz,2739,domain_03,xray,brightness,generic,2,False,class_014
train_002740,train/images.npz,2740,domain_08,ct,none,generic,0,False,class_048
train_002741,train/images.npz,2741,domain_03,xray,none,generic,0,False,class_021
train_002742,train/images.npz,2742,domain_16,3d_projection,none,generic,0,False,class_107
train_002743,train/images.npz,2743,domain_15,microscopy,none,generic,0,False,class_098
train_002744,train/images.npz,2744,domain_15,microscopy,brightness,generic,1,False,class_102
train_002745,train/images.npz,2745,domain_07,ct,none,generic,0,False,class_037
train_002746,train/images.npz,2746,domain_02,ultrasound,none,generic,0,False,class_011
train_002747,train/images.npz,2747,domain_11,microscopy,none,generic,0,False,class_082
train_002748,train/images.npz,2748,domain_07,ct,brightness,generic,1,False,class_037
train_002749,train/images.npz,2749,domain_06,retinal,contrast,generic,1,False,class_032
train_002750,train/images.npz,2750,domain_03,xray,none,generic,0,False,class_020
train_002751,train/images.npz,2751,domain_10,ct,none,generic,0,False,class_078
train_002752,train/images.npz,2752,domain_09,3d_projection,none,generic,0,False,class_065
train_002753,train/images.npz,2753,domain_03,xray,none,generic,0,False,class_020
train_002754,train/images.npz,2754,domain_14,3d_projection,noise,generic,1,False,class_096
train_002755,train/images.npz,2755,domain_01,microscopy,none,generic,0,False,class_004
train_002756,train/images.npz,2756,domain_09,3d_projection,none,generic,0,False,class_067
train_002757,train/images.npz,2757,domain_08,ct,blur,generic,1,False,class_047
train_002758,train/images.npz,2758,domain_10,ct,blur,generic,2,False,class_075
train_002759,train/images.npz,2759,domain_07,ct,contrast,generic,1,False,class_045
train_002760,train/images.npz,2760,domain_11,microscopy,brightness,generic,1,False,class_082
train_002761,train/images.npz,2761,domain_08,ct,contrast,generic,1,False,class_057
train_002762,train/images.npz,2762,domain_11,microscopy,noise,generic,1,False,class_088
train_002763,train/images.npz,2763,domain_08,ct,brightness,generic,2,False,class_049
train_002764,train/images.npz,2764,domain_14,3d_projection,brightness,generic,1,False,class_096
train_002765,train/images.npz,2765,domain_10,ct,contrast,generic,1,False,class_073
train_002766,train/images.npz,2766,domain_08,ct,brightness,generic,1,False,class_052
train_002767,train/images.npz,2767,domain_11,microscopy,noise,generic,1,False,class_082
train_002768,train/images.npz,2768,domain_08,ct,none,generic,0,False,class_052
train_002769,train/images.npz,2769,domain_14,3d_projection,none,generic,0,False,class_097
train_002770,train/images.npz,2770,domain_16,3d_projection,none,generic,0,False,class_106
train_002771,train/images.npz,2771,domain_15,microscopy,brightness,generic,2,False,class_100
train_002772,train/images.npz,2772,domain_03,xray,brightness,generic,2,False,class_016
train_002773,train/images.npz,2773,domain_11,microscopy,contrast,generic,2,False,class_085
train_002774,train/images.npz,2774,domain_06,retinal,none,generic,0,False,class_033
train_002775,train/images.npz,2775,domain_01,microscopy,noise,generic,1,False,class_005
train_002776,train/images.npz,2776,domain_11,microscopy,contrast,generic,1,False,class_083
train_002777,train/images.npz,2777,domain_08,ct,none,generic,0,False,class_054
train_002778,train/images.npz,2778,domain_09,3d_projection,none,generic,0,False,class_062
train_002779,train/images.npz,2779,domain_12,xray,none,generic,0,False,class_090
train_002780,train/images.npz,2780,domain_15,microscopy,none,generic,0,False,class_101
train_002781,train/images.npz,2781,domain_14,3d_projection,brightness,generic,1,False,class_097
train_002782,train/images.npz,2782,domain_13,retinal,blur,generic,1,False,class_092
train_002783,train/images.npz,2783,domain_07,ct,none,generic,0,False,class_040
train_002784,train/images.npz,2784,domain_03,xray,none,generic,0,False,class_026
train_002785,train/images.npz,2785,domain_09,3d_projection,contrast,generic,1,False,class_061
train_002786,train/images.npz,2786,domain_13,retinal,none,generic,0,False,class_091
train_002787,train/images.npz,2787,domain_09,3d_projection,contrast,generic,1,False,class_067
train_002788,train/images.npz,2788,domain_16,3d_projection,noise,generic,1,False,class_106
train_002789,train/images.npz,2789,domain_09,3d_projection,none,generic,0,False,class_068
train_002790,train/images.npz,2790,domain_08,ct,noise,generic,1,False,class_054
train_002791,train/images.npz,2791,domain_09,3d_projection,none,generic,0,False,class_068
train_002792,train/images.npz,2792,domain_15,microscopy,none,generic,0,False,class_102
train_002793,train/images.npz,2793,domain_05,3d_projection,none,generic,0,False,class_031
train_002794,train/images.npz,2794,domain_10,ct,none,generic,0,False,class_079
train_002795,train/images.npz,2795,domain_00,3d_projection,none,generic,0,False,class_001
train_002796,train/images.npz,2796,domain_09,3d_projection,noise,generic,2,False,class_068
train_002797,train/images.npz,2797,domain_07,ct,none,generic,0,False,class_045
train_002798,train/images.npz,2798,domain_08,ct,blur,generic,1,False,class_050
train_002799,train/images.npz,2799,domain_01,microscopy,none,generic,0,False,class_002
train_002800,train/images.npz,2800,domain_08,ct,none,generic,0,False,class_056
train_002801,train/images.npz,2801,domain_05,3d_projection,none,generic,0,False,class_031
train_002802,train/images.npz,2802,domain_14,3d_projection,none,generic,0,False,class_097
train_002803,train/images.npz,2803,domain_10,ct,none,generic,0,False,class_072
train_002804,train/images.npz,2804,domain_05,3d_projection,blur,generic,2,False,class_030
train_002805,train/images.npz,2805,domain_07,ct,noise,generic,1,False,class_043
train_002806,train/images.npz,2806,domain_11,microscopy,blur,generic,1,False,class_084
train_002807,train/images.npz,2807,domain_11,microscopy,none,generic,0,False,class_082
train_002808,train/images.npz,2808,domain_09,3d_projection,none,generic,0,False,class_058
train_002809,train/images.npz,2809,domain_08,ct,contrast,generic,1,False,class_051
train_002810,train/images.npz,2810,domain_01,microscopy,none,generic,0,False,class_004
train_002811,train/images.npz,2811,domain_13,retinal,noise,generic,1,False,class_094
train_002812,train/images.npz,2812,domain_03,xray,noise,generic,1,False,class_025
train_002813,train/images.npz,2813,domain_08,ct,brightness,generic,2,False,class_052
train_002814,train/images.npz,2814,domain_02,ultrasound,none,generic,0,False,class_010
train_002815,train/images.npz,2815,domain_13,retinal,noise,generic,1,False,class_095
train_002816,train/images.npz,2816,domain_07,ct,brightness,generic,1,False,class_038
train_002817,train/images.npz,2817,domain_08,ct,noise,generic,1,False,class_054
train_002818,train/images.npz,2818,domain_10,ct,contrast,generic,1,False,class_071
train_002819,train/images.npz,2819,domain_07,ct,none,generic,0,False,class_037
train_002820,train/images.npz,2820,domain_01,microscopy,noise,generic,1,False,class_005
train_002821,train/images.npz,2821,domain_07,ct,noise,generic,1,False,class_043
train_002822,train/images.npz,2822,domain_10,ct,blur,generic,2,False,class_074
train_002823,train/images.npz,2823,domain_01,microscopy,blur,generic,1,False,class_003
train_002824,train/images.npz,2824,domain_15,microscopy,contrast,generic,2,False,class_105
train_002825,train/images.npz,2825,domain_03,xray,none,generic,0,False,class_024
train_002826,train/images.npz,2826,domain_10,ct,none,generic,0,False,class_079
train_002827,train/images.npz,2827,domain_03,xray,contrast,generic,1,False,class_018
train_002828,train/images.npz,2828,domain_07,ct,noise,generic,1,False,class_040
train_002829,train/images.npz,2829,domain_03,xray,contrast,generic,2,False,class_021
train_002830,train/images.npz,2830,domain_11,microscopy,none,generic,0,False,class_083
train_002831,train/images.npz,2831,domain_09,3d_projection,noise,generic,1,False,class_060
train_002832,train/images.npz,2832,domain_07,ct,brightness,generic,2,False,class_041
train_002833,train/images.npz,2833,domain_07,ct,brightness,generic,1,False,class_037
train_002834,train/images.npz,2834,domain_11,microscopy,blur,generic,1,False,class_083
train_002835,train/images.npz,2835,domain_11,microscopy,none,generic,0,False,class_085
train_002836,train/images.npz,2836,domain_10,ct,contrast,generic,2,False,class_073
train_002837,train/images.npz,2837,domain_08,ct,none,generic,0,False,class_056
train_002838,train/images.npz,2838,domain_15,microscopy,none,generic,0,False,class_099
train_002839,train/images.npz,2839,domain_07,ct,none,generic,0,False,class_045
train_002840,train/images.npz,2840,domain_09,3d_projection,none,generic,0,False,class_064
train_002841,train/images.npz,2841,domain_09,3d_projection,noise,generic,1,False,class_065
train_002842,train/images.npz,2842,domain_07,ct,none,generic,0,False,class_045
train_002843,train/images.npz,2843,domain_06,retinal,blur,generic,1,False,class_034
train_002844,train/images.npz,2844,domain_16,3d_projection,blur,generic,1,False,class_106
train_002845,train/images.npz,2845,domain_09,3d_projection,noise,generic,1,False,class_067
train_002846,train/images.npz,2846,domain_14,3d_projection,none,generic,0,False,class_097
train_002847,train/images.npz,2847,domain_01,microscopy,contrast,generic,1,False,class_008
train_002848,train/images.npz,2848,domain_11,microscopy,none,generic,0,False,class_084
train_002849,train/images.npz,2849,domain_11,microscopy,noise,generic,1,False,class_088
train_002850,train/images.npz,2850,domain_06,retinal,none,generic,0,False,class_032
train_002851,train/images.npz,2851,domain_08,ct,noise,generic,1,False,class_056
train_002852,train/images.npz,2852,domain_10,ct,contrast,generic,1,False,class_079
train_002853,train/images.npz,2853,domain_03,xray,noise,generic,1,False,class_013
train_002854,train/images.npz,2854,domain_01,microscopy,none,generic,0,False,class_002
train_002855,train/images.npz,2855,domain_08,ct,contrast,generic,1,False,class_047
train_002856,train/images.npz,2856,domain_08,ct,none,generic,0,False,class_047
train_002857,train/images.npz,2857,domain_15,microscopy,contrast,generic,1,False,class_101
train_002858,train/images.npz,2858,domain_10,ct,none,generic,0,False,class_076
train_002859,train/images.npz,2859,domain_04,3d_projection,none,generic,0,False,class_029
train_002860,train/images.npz,2860,domain_09,3d_projection,none,generic,0,False,class_060
train_002861,train/images.npz,2861,domain_11,microscopy,none,generic,0,False,class_085
train_002862,train/images.npz,2862,domain_08,ct,none,generic,0,False,class_050
train_002863,train/images.npz,2863,domain_03,xray,none,generic,0,False,class_018
train_002864,train/images.npz,2864,domain_11,microscopy,contrast,generic,2,False,class_084
train_002865,train/images.npz,2865,domain_09,3d_projection,brightness,generic,1,False,class_068
train_002866,train/images.npz,2866,domain_11,microscopy,none,generic,0,False,class_082
train_002867,train/images.npz,2867,domain_14,3d_projection,blur,generic,2,False,class_097
train_002868,train/images.npz,2868,domain_11,microscopy,blur,generic,1,False,class_085
train_002869,train/images.npz,2869,domain_07,ct,none,generic,0,False,class_036
train_002870,train/images.npz,2870,domain_08,ct,none,generic,0,False,class_056
train_002871,train/images.npz,2871,domain_09,3d_projection,none,generic,0,False,class_062
train_002872,train/images.npz,2872,domain_07,ct,brightness,generic,1,False,class_036
train_002873,train/images.npz,2873,domain_03,xray,noise,generic,1,False,class_026
train_002874,train/images.npz,2874,domain_03,xray,none,generic,0,False,class_023
train_002875,train/images.npz,2875,domain_13,retinal,contrast,generic,1,False,class_093
train_002876,train/images.npz,2876,domain_09,3d_projection,brightness,generic,1,False,class_063
train_002877,train/images.npz,2877,domain_12,xray,none,generic,0,False,class_090
train_002878,train/images.npz,2878,domain_03,xray,contrast,generic,2,False,class_023
train_002879,train/images.npz,2879,domain_07,ct,none,generic,0,False,class_041
train_002880,train/images.npz,2880,domain_11,microscopy,contrast,generic,1,False,class_085
train_002881,train/images.npz,2881,domain_05,3d_projection,noise,generic,2,False,class_031
train_002882,train/images.npz,2882,domain_03,xray,blur,generic,1,False,class_023
train_002883,train/images.npz,2883,domain_03,xray,none,generic,0,False,class_014
train_002884,train/images.npz,2884,domain_14,3d_projection,contrast,generic,1,False,class_096
train_002885,train/images.npz,2885,domain_11,microscopy,contrast,generic,2,False,class_080
train_002886,train/images.npz,2886,domain_15,microscopy,brightness,generic,1,False,class_098
train_002887,train/images.npz,2887,domain_01,microscopy,noise,generic,1,False,class_002
train_002888,train/images.npz,2888,domain_11,microscopy,blur,generic,2,False,class_084
train_002889,train/images.npz,2889,domain_15,microscopy,noise,generic,1,False,class_103
train_002890,train/images.npz,2890,domain_06,retinal,noise,generic,1,False,class_034
train_002891,train/images.npz,2891,domain_02,ultrasound,contrast,generic,1,False,class_010
train_002892,train/images.npz,2892,domain_10,ct,blur,generic,1,False,class_070
train_002893,train/images.npz,2893,domain_09,3d_projection,noise,generic,1,False,class_066
train_002894,train/images.npz,2894,domain_08,ct,brightness,generic,2,False,class_049
train_002895,train/images.npz,2895,domain_01,microscopy,contrast,generic,1,False,class_007
train_002896,train/images.npz,2896,domain_08,ct,noise,generic,1,False,class_051
train_002897,train/images.npz,2897,domain_11,microscopy,none,generic,0,False,class_087
train_002898,train/images.npz,2898,domain_08,ct,noise,generic,1,False,class_048
train_002899,train/images.npz,2899,domain_15,microscopy,none,generic,0,False,class_105
train_002900,train/images.npz,2900,domain_09,3d_projection,contrast,generic,1,False,class_058
train_002901,train/images.npz,2901,domain_15,microscopy,blur,generic,1,False,class_100
train_002902,train/images.npz,2902,domain_08,ct,brightness,generic,1,False,class_053
train_002903,train/images.npz,2903,domain_08,ct,brightness,generic,1,False,class_057
train_002904,train/images.npz,2904,domain_07,ct,none,generic,0,False,class_040
train_002905,train/images.npz,2905,domain_09,3d_projection,none,generic,0,False,class_058
train_002906,train/images.npz,2906,domain_13,retinal,noise,generic,1,False,class_093
train_002907,train/images.npz,2907,domain_08,ct,none,generic,0,False,class_047
train_002908,train/images.npz,2908,domain_08,ct,noise,generic,2,False,class_048
train_002909,train/images.npz,2909,domain_09,3d_projection,none,generic,0,False,class_064
train_002910,train/images.npz,2910,domain_16,3d_projection,none,generic,0,False,class_106
train_002911,train/images.npz,2911,domain_11,microscopy,noise,generic,1,False,class_081
train_002912,train/images.npz,2912,domain_15,microscopy,blur,generic,1,False,class_100
train_002913,train/images.npz,2913,domain_02,ultrasound,none,generic,0,False,class_010
train_002914,train/images.npz,2914,domain_10,ct,noise,generic,1,False,class_075
train_002915,train/images.npz,2915,domain_10,ct,none,generic,0,False,class_073
train_002916,train/images.npz,2916,domain_03,xray,none,generic,0,False,class_021
train_002917,train/images.npz,2917,domain_07,ct,noise,generic,1,False,class_038
train_002918,train/images.npz,2918,domain_07,ct,none,generic,0,False,class_038
train_002919,train/images.npz,2919,domain_01,microscopy,none,generic,0,False,class_009
train_002920,train/images.npz,2920,domain_03,xray,none,generic,0,False,class_023
train_002921,train/images.npz,2921,domain_08,ct,brightness,generic,1,False,class_047
train_002922,train/images.npz,2922,domain_03,xray,contrast,generic,2,False,class_013
train_002923,train/images.npz,2923,domain_00,3d_projection,noise,generic,1,False,class_001
train_002924,train/images.npz,2924,domain_10,ct,none,generic,0,False,class_078
train_002925,train/images.npz,2925,domain_07,ct,brightness,generic,1,False,class_037
train_002926,train/images.npz,2926,domain_03,xray,none,generic,0,False,class_012
train_002927,train/images.npz,2927,domain_15,microscopy,brightness,generic,1,False,class_100
train_002928,train/images.npz,2928,domain_10,ct,contrast,generic,2,False,class_077
train_002929,train/images.npz,2929,domain_10,ct,noise,generic,1,False,class_076
train_002930,train/images.npz,2930,domain_13,retinal,noise,generic,1,False,class_091
train_002931,train/images.npz,2931,domain_00,3d_projection,noise,generic,1,False,class_000
train_002932,train/images.npz,2932,domain_07,ct,none,generic,0,False,class_042
train_002933,train/images.npz,2933,domain_10,ct,contrast,generic,1,False,class_073
train_002934,train/images.npz,2934,domain_04,3d_projection,contrast,generic,2,False,class_027
train_002935,train/images.npz,2935,domain_06,retinal,none,generic,0,False,class_035
train_002936,train/images.npz,2936,domain_15,microscopy,brightness,generic,2,False,class_101
train_002937,train/images.npz,2937,domain_09,3d_projection,none,generic,0,False,class_062
train_002938,train/images.npz,2938,domain_00,3d_projection,blur,generic,1,False,class_000
train_002939,train/images.npz,2939,domain_15,microscopy,none,generic,0,False,class_102
train_002940,train/images.npz,2940,domain_00,3d_projection,none,generic,0,False,class_001
train_002941,train/images.npz,2941,domain_06,retinal,none,generic,0,False,class_033
train_002942,train/images.npz,2942,domain_07,ct,blur,generic,1,False,class_045
train_002943,train/images.npz,2943,domain_15,microscopy,noise,generic,1,False,class_100
train_002944,train/images.npz,2944,domain_08,ct,none,generic,0,False,class_047
train_002945,train/images.npz,2945,domain_13,retinal,contrast,generic,1,False,class_093
train_002946,train/images.npz,2946,domain_00,3d_projection,none,generic,0,False,class_001
train_002947,train/images.npz,2947,domain_13,retinal,none,generic,0,False,class_094
train_002948,train/images.npz,2948,domain_15,microscopy,contrast,generic,1,False,class_100
train_002949,train/images.npz,2949,domain_02,ultrasound,contrast,generic,1,False,class_011
train_002950,train/images.npz,2950,domain_12,xray,none,generic,0,False,class_090
train_002951,train/images.npz,2951,domain_03,xray,none,generic,0,False,class_025
train_002952,train/images.npz,2952,domain_14,3d_projection,none,generic,0,False,class_097
train_002953,train/images.npz,2953,domain_15,microscopy,noise,generic,1,False,class_100
train_002954,train/images.npz,2954,domain_06,retinal,blur,generic,1,False,class_035
train_002955,train/images.npz,2955,domain_09,3d_projection,none,generic,0,False,class_064
train_002956,train/images.npz,2956,domain_04,3d_projection,none,generic,0,False,class_029
train_002957,train/images.npz,2957,domain_07,ct,none,generic,0,False,class_040
train_002958,train/images.npz,2958,domain_04,3d_projection,none,generic,0,False,class_029
train_002959,train/images.npz,2959,domain_11,microscopy,contrast,generic,2,False,class_082
train_002960,train/images.npz,2960,domain_09,3d_projection,contrast,generic,1,False,class_061
train_002961,train/images.npz,2961,domain_10,ct,noise,generic,1,False,class_073
train_002962,train/images.npz,2962,domain_03,xray,none,generic,0,False,class_013
train_002963,train/images.npz,2963,domain_08,ct,noise,generic,1,False,class_055
train_002964,train/images.npz,2964,domain_15,microscopy,blur,generic,1,False,class_105
train_002965,train/images.npz,2965,domain_15,microscopy,none,generic,0,False,class_099
train_002966,train/images.npz,2966,domain_01,microscopy,none,generic,0,False,class_008
train_002967,train/images.npz,2967,domain_16,3d_projection,noise,generic,1,False,class_107
train_002968,train/images.npz,2968,domain_07,ct,contrast,generic,1,False,class_039
train_002969,train/images.npz,2969,domain_15,microscopy,blur,generic,1,False,class_098
train_002970,train/images.npz,2970,domain_03,xray,none,generic,0,False,class_015
train_002971,train/images.npz,2971,domain_02,ultrasound,brightness,generic,2,False,class_010
train_002972,train/images.npz,2972,domain_03,xray,none,generic,0,False,class_016
train_002973,train/images.npz,2973,domain_01,microscopy,contrast,generic,2,False,class_008
train_002974,train/images.npz,2974,domain_03,xray,noise,generic,1,False,class_015
train_002975,train/images.npz,2975,domain_15,microscopy,none,generic,0,False,class_102
train_002976,train/images.npz,2976,domain_10,ct,blur,generic,1,False,class_078
train_002977,train/images.npz,2977,domain_07,ct,contrast,generic,1,False,class_039
train_002978,train/images.npz,2978,domain_01,microscopy,noise,generic,2,False,class_008
train_002979,train/images.npz,2979,domain_00,3d_projection,none,generic,0,False,class_001
train_002980,train/images.npz,2980,domain_15,microscopy,none,generic,0,False,class_104
train_002981,train/images.npz,2981,domain_08,ct,none,generic,0,False,class_056
train_002982,train/images.npz,2982,domain_10,ct,none,generic,0,False,class_076
train_002983,train/images.npz,2983,domain_09,3d_projection,contrast,generic,1,False,class_059
train_002984,train/images.npz,2984,domain_09,3d_projection,none,generic,0,False,class_058
train_002985,train/images.npz,2985,domain_09,3d_projection,brightness,generic,1,False,class_067
train_002986,train/images.npz,2986,domain_07,ct,noise,generic,1,False,class_039
train_002987,train/images.npz,2987,domain_08,ct,none,generic,0,False,class_048
train_002988,train/images.npz,2988,domain_03,xray,contrast,generic,1,False,class_016
train_002989,train/images.npz,2989,domain_10,ct,none,generic,0,False,class_077
train_002990,train/images.npz,2990,domain_15,microscopy,brightness,generic,2,False,class_104
train_002991,train/images.npz,2991,domain_09,3d_projection,brightness,generic,1,False,class_065
train_002992,train/images.npz,2992,domain_07,ct,none,generic,0,False,class_045
train_002993,train/images.npz,2993,domain_11,microscopy,noise,generic,1,False,class_081
train_002994,train/images.npz,2994,domain_09,3d_projection,brightness,generic,1,False,class_062
train_002995,train/images.npz,2995,domain_08,ct,noise,generic,1,False,class_050
train_002996,train/images.npz,2996,domain_07,ct,none,generic,0,False,class_039
train_002997,train/images.npz,2997,domain_03,xray,contrast,generic,1,False,class_017
train_002998,train/images.npz,2998,domain_10,ct,none,generic,0,False,class_074
train_002999,train/images.npz,2999,domain_13,retinal,noise,generic,1,False,class_094
train_003000,train/images.npz,3000,domain_03,xray,none,generic,0,False,class_026
train_003001,train/images.npz,3001,domain_10,ct,none,generic,0,False,class_078
train_003002,train/images.npz,3002,domain_01,microscopy,contrast,generic,1,False,class_005
train_003003,train/images.npz,3003,domain_02,ultrasound,none,generic,0,False,class_010
train_003004,train/images.npz,3004,domain_06,retinal,none,generic,0,False,class_035
train_003005,train/images.npz,3005,domain_14,3d_projection,none,generic,0,False,class_097
train_003006,train/images.npz,3006,domain_09,3d_projection,none,generic,0,False,class_058
train_003007,train/images.npz,3007,domain_01,microscopy,none,generic,0,False,class_003
train_003008,train/images.npz,3008,domain_06,retinal,none,generic,0,False,class_033
train_003009,train/images.npz,3009,domain_07,ct,brightness,generic,2,False,class_044
train_003010,train/images.npz,3010,domain_11,microscopy,none,generic,0,False,class_080
train_003011,train/images.npz,3011,domain_07,ct,noise,generic,2,False,class_037
train_003012,train/images.npz,3012,domain_11,microscopy,none,generic,0,False,class_082
train_003013,train/images.npz,3013,domain_04,3d_projection,brightness,generic,2,False,class_028
train_003014,train/images.npz,3014,domain_05,3d_projection,contrast,generic,1,False,class_031
train_003015,train/images.npz,3015,domain_01,microscopy,contrast,generic,1,False,class_006
train_003016,train/images.npz,3016,domain_08,ct,brightness,generic,1,False,class_053
train_003017,train/images.npz,3017,domain_01,microscopy,noise,generic,1,False,class_009
train_003018,train/images.npz,3018,domain_09,3d_projection,contrast,generic,1,False,class_064
train_003019,train/images.npz,3019,domain_06,retinal,none,generic,0,False,class_034
train_003020,train/images.npz,3020,domain_09,3d_projection,none,generic,0,False,class_068
train_003021,train/images.npz,3021,domain_10,ct,none,generic,0,False,class_077
train_003022,train/images.npz,3022,domain_07,ct,none,generic,0,False,class_037
train_003023,train/images.npz,3023,domain_11,microscopy,none,generic,0,False,class_082
train_003024,train/images.npz,3024,domain_09,3d_projection,noise,generic,1,False,class_059
train_003025,train/images.npz,3025,domain_01,microscopy,none,generic,0,False,class_009
train_003026,train/images.npz,3026,domain_03,xray,none,generic,0,False,class_020
train_003027,train/images.npz,3027,domain_03,xray,none,generic,0,False,class_023
train_003028,train/images.npz,3028,domain_03,xray,none,generic,0,False,class_021
train_003029,train/images.npz,3029,domain_10,ct,none,generic,0,False,class_073
train_003030,train/images.npz,3030,domain_16,3d_projection,none,generic,0,False,class_106
train_003031,train/images.npz,3031,domain_01,microscopy,brightness,generic,1,False,class_009
train_003032,train/images.npz,3032,domain_09,3d_projection,contrast,generic,2,False,class_060
train_003033,train/images.npz,3033,domain_07,ct,contrast,generic,1,False,class_045
train_003034,train/images.npz,3034,domain_12,xray,none,generic,0,False,class_089
train_003035,train/images.npz,3035,domain_08,ct,none,generic,0,False,class_048
train_003036,train/images.npz,3036,domain_09,3d_projection,none,generic,0,False,class_058
train_003037,train/images.npz,3037,domain_09,3d_projection,none,generic,0,False,class_063
train_003038,train/images.npz,3038,domain_08,ct,none,generic,0,False,class_053
train_003039,train/images.npz,3039,domain_12,xray,none,generic,0,False,class_089
train_003040,train/images.npz,3040,domain_03,xray,none,generic,0,False,class_018
train_003041,train/images.npz,3041,domain_08,ct,none,generic,0,False,class_052
train_003042,train/images.npz,3042,domain_08,ct,blur,generic,1,False,class_053
train_003043,train/images.npz,3043,domain_10,ct,noise,generic,2,False,class_070
train_003044,train/images.npz,3044,domain_08,ct,none,generic,0,False,class_051
train_003045,train/images.npz,3045,domain_10,ct,contrast,generic,1,False,class_079
train_003046,train/images.npz,3046,domain_02,ultrasound,none,generic,0,False,class_011
train_003047,train/images.npz,3047,domain_08,ct,noise,generic,1,False,class_054
train_003048,train/images.npz,3048,domain_01,microscopy,none,generic,0,False,class_006
train_003049,train/images.npz,3049,domain_03,xray,none,generic,0,False,class_016
train_003050,train/images.npz,3050,domain_09,3d_projection,none,generic,0,False,class_061
train_003051,train/images.npz,3051,domain_09,3d_projection,brightness,generic,1,False,class_059
train_003052,train/images.npz,3052,domain_07,ct,contrast,generic,1,False,class_045
train_003053,train/images.npz,3053,domain_01,microscopy,blur,generic,1,False,class_009
train_003054,train/images.npz,3054,domain_03,xray,blur,generic,2,False,class_019
train_003055,train/images.npz,3055,domain_10,ct,none,generic,0,False,class_069
train_003056,train/images.npz,3056,domain_05,3d_projection,noise,generic,1,False,class_031
train_003057,train/images.npz,3057,domain_07,ct,noise,generic,1,False,class_041
train_003058,train/images.npz,3058,domain_11,microscopy,noise,generic,1,False,class_080
train_003059,train/images.npz,3059,domain_00,3d_projection,noise,generic,1,False,class_000
train_003060,train/images.npz,3060,domain_14,3d_projection,none,generic,0,False,class_097
train_003061,train/images.npz,3061,domain_10,ct,none,generic,0,False,class_077
train_003062,train/images.npz,3062,domain_11,microscopy,blur,generic,1,False,class_080
train_003063,train/images.npz,3063,domain_03,xray,none,generic,0,False,class_023
train_003064,train/images.npz,3064,domain_11,microscopy,contrast,generic,2,False,class_081
train_003065,train/images.npz,3065,domain_10,ct,blur,generic,2,False,class_078
train_003066,train/images.npz,3066,domain_03,xray,none,generic,0,False,class_022
train_003067,train/images.npz,3067,domain_07,ct,noise,generic,1,False,class_038
train_003068,train/images.npz,3068,domain_16,3d_projection,noise,generic,1,False,class_107
train_003069,train/images.npz,3069,domain_10,ct,blur,generic,1,False,class_074
train_003070,train/images.npz,3070,domain_03,xray,blur,generic,1,False,class_026
train_003071,train/images.npz,3071,domain_03,xray,contrast,generic,1,False,class_012
train_003072,train/images.npz,3072,domain_01,microscopy,noise,generic,1,False,class_002
train_003073,train/images.npz,3073,domain_03,xray,contrast,generic,1,False,class_022
train_003074,train/images.npz,3074,domain_10,ct,contrast,generic,1,False,class_073
train_003075,train/images.npz,3075,domain_03,xray,none,generic,0,False,class_013
train_003076,train/images.npz,3076,domain_10,ct,blur,generic,1,False,class_073
train_003077,train/images.npz,3077,domain_08,ct,none,generic,0,False,class_048
train_003078,train/images.npz,3078,domain_12,xray,blur,generic,1,False,class_090
train_003079,train/images.npz,3079,domain_01,microscopy,contrast,generic,1,False,class_003
train_003080,train/images.npz,3080,domain_13,retinal,contrast,generic,1,False,class_092
train_003081,train/images.npz,3081,domain_09,3d_projection,none,generic,0,False,class_060
train_003082,train/images.npz,3082,domain_11,microscopy,none,generic,0,False,class_088
train_003083,train/images.npz,3083,domain_09,3d_projection,blur,generic,2,False,class_063
train_003084,train/images.npz,3084,domain_01,microscopy,blur,generic,2,False,class_005
train_003085,train/images.npz,3085,domain_07,ct,brightness,generic,2,False,class_043
train_003086,train/images.npz,3086,domain_11,microscopy,none,generic,0,False,class_084
train_003087,train/images.npz,3087,domain_04,3d_projection,noise,generic,1,False,class_027
train_003088,train/images.npz,3088,domain_08,ct,contrast,generic,1,False,class_055
train_003089,train/images.npz,3089,domain_05,3d_projection,none,generic,0,False,class_030
train_003090,train/images.npz,3090,domain_10,ct,contrast,generic,2,False,class_079
train_003091,train/images.npz,3091,domain_03,xray,contrast,generic,1,False,class_026
train_003092,train/images.npz,3092,domain_03,xray,none,generic,0,False,class_022
train_003093,train/images.npz,3093,domain_14,3d_projection,none,generic,0,False,class_097
train_003094,train/images.npz,3094,domain_08,ct,none,generic,0,False,class_047
train_003095,train/images.npz,3095,domain_11,microscopy,none,generic,0,False,class_086
train_003096,train/images.npz,3096,domain_10,ct,none,generic,0,False,class_069
train_003097,train/images.npz,3097,domain_11,microscopy,contrast,generic,1,False,class_081
train_003098,train/images.npz,3098,domain_03,xray,none,generic,0,False,class_020
train_003099,train/images.npz,3099,domain_03,xray,contrast,generic,1,False,class_022
train_003100,train/images.npz,3100,domain_10,ct,none,generic,0,False,class_079
train_003101,train/images.npz,3101,domain_09,3d_projection,noise,generic,1,False,class_065
train_003102,train/images.npz,3102,domain_03,xray,none,generic,0,False,class_020
train_003103,train/images.npz,3103,domain_15,microscopy,noise,generic,2,False,class_101
train_003104,train/images.npz,3104,domain_09,3d_projection,none,generic,0,False,class_061
train_003105,train/images.npz,3105,domain_15,microscopy,brightness,generic,1,False,class_104
train_003106,train/images.npz,3106,domain_06,retinal,contrast,generic,1,False,class_032
train_003107,train/images.npz,3107,domain_09,3d_projection,none,generic,0,False,class_058
train_003108,train/images.npz,3108,domain_06,retinal,contrast,generic,1,False,class_032
train_003109,train/images.npz,3109,domain_10,ct,none,generic,0,False,class_076
train_003110,train/images.npz,3110,domain_04,3d_projection,contrast,generic,1,False,class_028
train_003111,train/images.npz,3111,domain_10,ct,noise,generic,1,False,class_069
train_003112,train/images.npz,3112,domain_03,xray,contrast,generic,2,False,class_015
train_003113,train/images.npz,3113,domain_15,microscopy,brightness,generic,1,False,class_105
train_003114,train/images.npz,3114,domain_07,ct,contrast,generic,2,False,class_042
train_003115,train/images.npz,3115,domain_09,3d_projection,brightness,generic,1,False,class_059
train_003116,train/images.npz,3116,domain_02,ultrasound,none,generic,0,False,class_010
train_003117,train/images.npz,3117,domain_05,3d_projection,noise,generic,1,False,class_030
train_003118,train/images.npz,3118,domain_09,3d_projection,noise,generic,1,False,class_066
train_003119,train/images.npz,3119,domain_03,xray,contrast,generic,1,False,class_019
train_003120,train/images.npz,3120,domain_15,microscopy,contrast,generic,2,False,class_098
train_003121,train/images.npz,3121,domain_12,xray,blur,generic,2,False,class_089
train_003122,train/images.npz,3122,domain_14,3d_projection,none,generic,0,False,class_097
train_003123,train/images.npz,3123,domain_03,xray,none,generic,0,False,class_017
train_003124,train/images.npz,3124,domain_01,microscopy,noise,generic,1,False,class_005
train_003125,train/images.npz,3125,domain_13,retinal,contrast,generic,2,False,class_095
train_003126,train/images.npz,3126,domain_07,ct,none,generic,0,False,class_044
train_003127,train/images.npz,3127,domain_07,ct,brightness,generic,2,False,class_046
train_003128,train/images.npz,3128,domain_12,xray,noise,generic,1,False,class_090
train_003129,train/images.npz,3129,domain_03,xray,none,generic,0,False,class_022
train_003130,train/images.npz,3130,domain_03,xray,blur,generic,2,False,class_022
train_003131,train/images.npz,3131,domain_03,xray,contrast,generic,1,False,class_015
train_003132,train/images.npz,3132,domain_08,ct,contrast,generic,1,False,class_054
train_003133,train/images.npz,3133,domain_09,3d_projection,none,generic,0,False,class_062
train_003134,train/images.npz,3134,domain_03,xray,contrast,generic,1,False,class_013
train_003135,train/images.npz,3135,domain_07,ct,blur,generic,1,False,class_039
train_003136,train/images.npz,3136,domain_03,xray,contrast,generic,2,False,class_022
train_003137,train/images.npz,3137,domain_06,retinal,noise,generic,1,False,class_035
train_003138,train/images.npz,3138,domain_00,3d_projection,contrast,generic,1,False,class_000
train_003139,train/images.npz,3139,domain_07,ct,noise,generic,1,False,class_039
train_003140,train/images.npz,3140,domain_01,microscopy,contrast,generic,1,False,class_005
train_003141,train/images.npz,3141,domain_07,ct,none,generic,0,False,class_044
train_003142,train/images.npz,3142,domain_01,microscopy,none,generic,0,False,class_005
train_003143,train/images.npz,3143,domain_13,retinal,noise,generic,2,False,class_093
train_003144,train/images.npz,3144,domain_03,xray,noise,generic,1,False,class_019
train_003145,train/images.npz,3145,domain_11,microscopy,blur,generic,1,False,class_087
train_003146,train/images.npz,3146,domain_08,ct,blur,generic,1,False,class_053
train_003147,train/images.npz,3147,domain_10,ct,none,generic,0,False,class_078
train_003148,train/images.npz,3148,domain_03,xray,none,generic,0,False,class_020
train_003149,train/images.npz,3149,domain_11,microscopy,none,generic,0,False,class_084
train_003150,train/images.npz,3150,domain_13,retinal,none,generic,0,False,class_094
train_003151,train/images.npz,3151,domain_01,microscopy,noise,generic,1,False,class_007
train_003152,train/images.npz,3152,domain_10,ct,noise,generic,1,False,class_070
train_003153,train/images.npz,3153,domain_07,ct,none,generic,0,False,class_044
train_003154,train/images.npz,3154,domain_01,microscopy,contrast,generic,1,False,class_007
train_003155,train/images.npz,3155,domain_03,xray,noise,generic,1,False,class_016
train_003156,train/images.npz,3156,domain_14,3d_projection,none,generic,0,False,class_097
train_003157,train/images.npz,3157,domain_07,ct,contrast,generic,1,False,class_045
train_003158,train/images.npz,3158,domain_16,3d_projection,blur,generic,1,False,class_106
train_003159,train/images.npz,3159,domain_07,ct,none,generic,0,False,class_037
train_003160,train/images.npz,3160,domain_01,microscopy,contrast,generic,2,False,class_009
train_003161,train/images.npz,3161,domain_12,xray,contrast,generic,1,False,class_090
train_003162,train/images.npz,3162,domain_07,ct,none,generic,0,False,class_044
train_003163,train/images.npz,3163,domain_07,ct,contrast,generic,2,False,class_045
train_003164,train/images.npz,3164,domain_09,3d_projection,noise,generic,1,False,class_059
train_003165,train/images.npz,3165,domain_10,ct,none,generic,0,False,class_071
train_003166,train/images.npz,3166,domain_08,ct,contrast,generic,1,False,class_055
train_003167,train/images.npz,3167,domain_14,3d_projection,none,generic,0,False,class_096
train_003168,train/images.npz,3168,domain_11,microscopy,none,generic,0,False,class_086
train_003169,train/images.npz,3169,domain_08,ct,none,generic,0,False,class_050
train_003170,train/images.npz,3170,domain_03,xray,brightness,generic,1,False,class_015
train_003171,train/images.npz,3171,domain_10,ct,contrast,generic,1,False,class_076
train_003172,train/images.npz,3172,domain_03,xray,none,generic,0,False,class_018
train_003173,train/images.npz,3173,domain_08,ct,noise,generic,1,False,class_051
train_003174,train/images.npz,3174,domain_10,ct,none,generic,0,False,class_079
train_003175,train/images.npz,3175,domain_16,3d_projection,none,generic,0,False,class_106
train_003176,train/images.npz,3176,domain_03,xray,brightness,generic,2,False,class_014
train_003177,train/images.npz,3177,domain_07,ct,brightness,generic,1,False,class_041
train_003178,train/images.npz,3178,domain_08,ct,none,generic,0,False,class_055
train_003179,train/images.npz,3179,domain_10,ct,none,generic,0,False,class_069
train_003180,train/images.npz,3180,domain_03,xray,none,generic,0,False,class_012
train_003181,train/images.npz,3181,domain_01,microscopy,blur,generic,1,False,class_002
train_003182,train/images.npz,3182,domain_01,microscopy,none,generic,0,False,class_007
train_003183,train/images.npz,3183,domain_10,ct,blur,generic,1,False,class_079
train_003184,train/images.npz,3184,domain_11,microscopy,none,generic,0,False,class_084
train_003185,train/images.npz,3185,domain_05,3d_projection,brightness,generic,1,False,class_031
train_003186,train/images.npz,3186,domain_15,microscopy,none,generic,0,False,class_101
train_003187,train/images.npz,3187,domain_15,microscopy,none,generic,0,False,class_102
train_003188,train/images.npz,3188,domain_13,retinal,none,generic,0,False,class_091
train_003189,train/images.npz,3189,domain_10,ct,none,generic,0,False,class_073
train_003190,train/images.npz,3190,domain_07,ct,contrast,generic,1,False,class_044
train_003191,train/images.npz,3191,domain_08,ct,noise,generic,1,False,class_047
train_003192,train/images.npz,3192,domain_14,3d_projection,noise,generic,1,False,class_097
train_003193,train/images.npz,3193,domain_01,microscopy,brightness,generic,2,False,class_008
train_003194,train/images.npz,3194,domain_05,3d_projection,noise,generic,1,False,class_031
train_003195,train/images.npz,3195,domain_11,microscopy,noise,generic,1,False,class_087
train_003196,train/images.npz,3196,domain_08,ct,noise,generic,1,False,class_047
train_003197,train/images.npz,3197,domain_08,ct,none,generic,0,False,class_047
train_003198,train/images.npz,3198,domain_07,ct,none,generic,0,False,class_042
train_003199,train/images.npz,3199,domain_11,microscopy,none,generic,0,False,class_083
train_003200,train/images.npz,3200,domain_15,microscopy,noise,generic,1,False,class_098
train_003201,train/images.npz,3201,domain_03,xray,contrast,generic,2,False,class_020
train_003202,train/images.npz,3202,domain_08,ct,none,generic,0,False,class_056
train_003203,train/images.npz,3203,domain_07,ct,noise,generic,1,False,class_037
train_003204,train/images.npz,3204,domain_15,microscopy,none,generic,0,False,class_099
train_003205,train/images.npz,3205,domain_08,ct,brightness,generic,2,False,class_055
train_003206,train/images.npz,3206,domain_13,retinal,brightness,generic,2,False,class_093
train_003207,train/images.npz,3207,domain_13,retinal,none,generic,0,False,class_092
train_003208,train/images.npz,3208,domain_08,ct,contrast,generic,2,False,class_051
train_003209,train/images.npz,3209,domain_13,retinal,blur,generic,1,False,class_092
train_003210,train/images.npz,3210,domain_08,ct,noise,generic,1,False,class_054
train_003211,train/images.npz,3211,domain_01,microscopy,noise,generic,1,False,class_004
train_003212,train/images.npz,3212,domain_08,ct,none,generic,0,False,class_048
train_003213,train/images.npz,3213,domain_00,3d_projection,noise,generic,1,False,class_000
train_003214,train/images.npz,3214,domain_03,xray,none,generic,0,False,class_020
train_003215,train/images.npz,3215,domain_07,ct,contrast,generic,1,False,class_046
train_003216,train/images.npz,3216,domain_03,xray,brightness,generic,1,False,class_017
train_003217,train/images.npz,3217,domain_11,microscopy,brightness,generic,2,False,class_080
train_003218,train/images.npz,3218,domain_03,xray,none,generic,0,False,class_024
train_003219,train/images.npz,3219,domain_15,microscopy,none,generic,0,False,class_098
train_003220,train/images.npz,3220,domain_08,ct,none,generic,0,False,class_056
train_003221,train/images.npz,3221,domain_15,microscopy,blur,generic,1,False,class_100
train_003222,train/images.npz,3222,domain_11,microscopy,none,generic,0,False,class_086
train_003223,train/images.npz,3223,domain_12,xray,blur,generic,1,False,class_089
train_003224,train/images.npz,3224,domain_10,ct,none,generic,0,False,class_075
train_003225,train/images.npz,3225,domain_07,ct,none,generic,0,False,class_039
train_003226,train/images.npz,3226,domain_01,microscopy,contrast,generic,2,False,class_003
train_003227,train/images.npz,3227,domain_13,retinal,none,generic,0,False,class_091
train_003228,train/images.npz,3228,domain_11,microscopy,none,generic,0,False,class_086
train_003229,train/images.npz,3229,domain_15,microscopy,contrast,generic,1,False,class_104
train_003230,train/images.npz,3230,domain_13,retinal,none,generic,0,False,class_093
train_003231,train/images.npz,3231,domain_07,ct,brightness,generic,2,False,class_046
train_003232,train/images.npz,3232,domain_04,3d_projection,noise,generic,2,False,class_029
train_003233,train/images.npz,3233,domain_08,ct,noise,generic,1,False,class_056
train_003234,train/images.npz,3234,domain_13,retinal,contrast,generic,1,False,class_095
train_003235,train/images.npz,3235,domain_15,microscopy,brightness,generic,2,False,class_099
train_003236,train/images.npz,3236,domain_04,3d_projection,none,generic,0,False,class_029
train_003237,train/images.npz,3237,domain_13,retinal,none,generic,0,False,class_091
train_003238,train/images.npz,3238,domain_07,ct,none,generic,0,False,class_038
train_003239,train/images.npz,3239,domain_15,microscopy,noise,generic,2,False,class_103
train_003240,train/images.npz,3240,domain_08,ct,noise,generic,1,False,class_053
train_003241,train/images.npz,3241,domain_05,3d_projection,none,generic,0,False,class_030
train_003242,train/images.npz,3242,domain_08,ct,none,generic,0,False,class_052
train_003243,train/images.npz,3243,domain_08,ct,noise,generic,1,False,class_050
train_003244,train/images.npz,3244,domain_07,ct,noise,generic,2,False,class_046
train_003245,train/images.npz,3245,domain_09,3d_projection,none,generic,0,False,class_064
train_003246,train/images.npz,3246,domain_08,ct,blur,generic,1,False,class_055
train_003247,train/images.npz,3247,domain_08,ct,noise,generic,1,False,class_050
train_003248,train/images.npz,3248,domain_15,microscopy,contrast,generic,1,False,class_099
train_003249,train/images.npz,3249,domain_16,3d_projection,none,generic,0,False,class_107
train_003250,train/images.npz,3250,domain_15,microscopy,contrast,generic,1,False,class_105
train_003251,train/images.npz,3251,domain_11,microscopy,none,generic,0,False,class_080
train_003252,train/images.npz,3252,domain_03,xray,contrast,generic,1,False,class_021
train_003253,train/images.npz,3253,domain_15,microscopy,none,generic,0,False,class_101
train_003254,train/images.npz,3254,domain_03,xray,noise,generic,1,False,class_016
train_003255,train/images.npz,3255,domain_01,microscopy,blur,generic,1,False,class_008
train_003256,train/images.npz,3256,domain_07,ct,brightness,generic,1,False,class_043
train_003257,train/images.npz,3257,domain_05,3d_projection,noise,generic,1,False,class_030
train_003258,train/images.npz,3258,domain_11,microscopy,blur,generic,2,False,class_082
train_003259,train/images.npz,3259,domain_10,ct,none,generic,0,False,class_078
train_003260,train/images.npz,3260,domain_03,xray,noise,generic,2,False,class_020
train_003261,train/images.npz,3261,domain_13,retinal,noise,generic,1,False,class_095
train_003262,train/images.npz,3262,domain_16,3d_projection,noise,generic,2,False,class_107
train_003263,train/images.npz,3263,domain_10,ct,none,generic,0,False,class_074
train_003264,train/images.npz,3264,domain_01,microscopy,noise,generic,1,False,class_009
train_003265,train/images.npz,3265,domain_08,ct,contrast,generic,2,False,class_049
train_003266,train/images.npz,3266,domain_09,3d_projection,noise,generic,1,False,class_058
train_003267,train/images.npz,3267,domain_15,microscopy,none,generic,0,False,class_103
train_003268,train/images.npz,3268,domain_03,xray,noise,generic,2,False,class_013
train_003269,train/images.npz,3269,domain_01,microscopy,none,generic,0,False,class_002
train_003270,train/images.npz,3270,domain_13,retinal,contrast,generic,1,False,class_093
train_003271,train/images.npz,3271,domain_10,ct,noise,generic,1,False,class_072
train_003272,train/images.npz,3272,domain_03,xray,none,generic,0,False,class_026
train_003273,train/images.npz,3273,domain_03,xray,brightness,generic,1,False,class_021
train_003274,train/images.npz,3274,domain_15,microscopy,blur,generic,2,False,class_099
train_003275,train/images.npz,3275,domain_15,microscopy,none,generic,0,False,class_105
train_003276,train/images.npz,3276,domain_03,xray,brightness,generic,2,False,class_019
train_003277,train/images.npz,3277,domain_11,microscopy,contrast,generic,1,False,class_080
train_003278,train/images.npz,3278,domain_15,microscopy,none,generic,0,False,class_105
train_003279,train/images.npz,3279,domain_15,microscopy,noise,generic,2,False,class_102
train_003280,train/images.npz,3280,domain_16,3d_projection,brightness,generic,1,False,class_106
train_003281,train/images.npz,3281,domain_05,3d_projection,none,generic,0,False,class_031
train_003282,train/images.npz,3282,domain_11,microscopy,none,generic,0,False,class_080
train_003283,train/images.npz,3283,domain_01,microscopy,noise,generic,1,False,class_002
train_003284,train/images.npz,3284,domain_04,3d_projection,contrast,generic,1,False,class_027
train_003285,train/images.npz,3285,domain_09,3d_projection,none,generic,0,False,class_064
train_003286,train/images.npz,3286,domain_08,ct,blur,generic,1,False,class_057
train_003287,train/images.npz,3287,domain_11,microscopy,brightness,generic,1,False,class_082
train_003288,train/images.npz,3288,domain_09,3d_projection,none,generic,0,False,class_066
train_003289,train/images.npz,3289,domain_11,microscopy,contrast,generic,1,False,class_084
train_003290,train/images.npz,3290,domain_07,ct,contrast,generic,1,False,class_037
train_003291,train/images.npz,3291,domain_09,3d_projection,noise,generic,1,False,class_068
train_003292,train/images.npz,3292,domain_11,microscopy,none,generic,0,False,class_084
train_003293,train/images.npz,3293,domain_02,ultrasound,contrast,generic,1,False,class_010
train_003294,train/images.npz,3294,domain_03,xray,blur,generic,1,False,class_012
train_003295,train/images.npz,3295,domain_03,xray,blur,generic,1,False,class_015
train_003296,train/images.npz,3296,domain_10,ct,none,generic,0,False,class_078
train_003297,train/images.npz,3297,domain_03,xray,blur,generic,1,False,class_021
train_003298,train/images.npz,3298,domain_07,ct,none,generic,0,False,class_042
train_003299,train/images.npz,3299,domain_11,microscopy,contrast,generic,1,False,class_081
train_003300,train/images.npz,3300,domain_07,ct,none,generic,0,False,class_045
train_003301,train/images.npz,3301,domain_07,ct,blur,generic,2,False,class_042
train_003302,train/images.npz,3302,domain_10,ct,contrast,generic,1,False,class_072
train_003303,train/images.npz,3303,domain_01,microscopy,contrast,generic,1,False,class_009
train_003304,train/images.npz,3304,domain_11,microscopy,none,generic,0,False,class_080
train_003305,train/images.npz,3305,domain_02,ultrasound,none,generic,0,False,class_010
train_003306,train/images.npz,3306,domain_03,xray,noise,generic,1,False,class_020
train_003307,train/images.npz,3307,domain_13,retinal,blur,generic,1,False,class_091
train_003308,train/images.npz,3308,domain_12,xray,none,generic,0,False,class_090
train_003309,train/images.npz,3309,domain_03,xray,blur,generic,1,False,class_012
train_003310,train/images.npz,3310,domain_11,microscopy,noise,generic,1,False,class_083
train_003311,train/images.npz,3311,domain_11,microscopy,none,generic,0,False,class_085
train_003312,train/images.npz,3312,domain_10,ct,contrast,generic,2,False,class_077
train_003313,train/images.npz,3313,domain_10,ct,none,generic,0,False,class_075
train_003314,train/images.npz,3314,domain_07,ct,none,generic,0,False,class_045
train_003315,train/images.npz,3315,domain_13,retinal,none,generic,0,False,class_092
train_003316,train/images.npz,3316,domain_08,ct,blur,generic,2,False,class_048
train_003317,train/images.npz,3317,domain_06,retinal,none,generic,0,False,class_032
train_003318,train/images.npz,3318,domain_10,ct,contrast,generic,1,False,class_079
train_003319,train/images.npz,3319,domain_03,xray,none,generic,0,False,class_019
train_003320,train/images.npz,3320,domain_08,ct,blur,generic,1,False,class_050
train_003321,train/images.npz,3321,domain_07,ct,none,generic,0,False,class_045
train_003322,train/images.npz,3322,domain_03,xray,noise,generic,1,False,class_014
train_003323,train/images.npz,3323,domain_11,microscopy,none,generic,0,False,class_080
train_003324,train/images.npz,3324,domain_12,xray,none,generic,0,False,class_090
train_003325,train/images.npz,3325,domain_07,ct,noise,generic,1,False,class_041
train_003326,train/images.npz,3326,domain_08,ct,none,generic,0,False,class_051
train_003327,train/images.npz,3327,domain_03,xray,contrast,generic,1,False,class_016
train_003328,train/images.npz,3328,domain_15,microscopy,contrast,generic,2,False,class_102
train_003329,train/images.npz,3329,domain_11,microscopy,blur,generic,1,False,class_081
train_003330,train/images.npz,3330,domain_13,retinal,none,generic,0,False,class_094
train_003331,train/images.npz,3331,domain_08,ct,contrast,generic,1,False,class_055
train_003332,train/images.npz,3332,domain_07,ct,none,generic,0,False,class_045
train_003333,train/images.npz,3333,domain_11,microscopy,none,generic,0,False,class_080
train_003334,train/images.npz,3334,domain_09,3d_projection,none,generic,0,False,class_067
train_003335,train/images.npz,3335,domain_07,ct,blur,generic,2,False,class_041
train_003336,train/images.npz,3336,domain_11,microscopy,none,generic,0,False,class_083
train_003337,train/images.npz,3337,domain_08,ct,contrast,generic,1,False,class_050
train_003338,train/images.npz,3338,domain_03,xray,blur,generic,2,False,class_022
train_003339,train/images.npz,3339,domain_07,ct,contrast,generic,1,False,class_045
train_003340,train/images.npz,3340,domain_16,3d_projection,contrast,generic,1,False,class_106
train_003341,train/images.npz,3341,domain_03,xray,contrast,generic,1,False,class_020
train_003342,train/images.npz,3342,domain_09,3d_projection,none,generic,0,False,class_063
train_003343,train/images.npz,3343,domain_10,ct,brightness,generic,1,False,class_076
train_003344,train/images.npz,3344,domain_15,microscopy,contrast,generic,1,False,class_099
train_003345,train/images.npz,3345,domain_02,ultrasound,contrast,generic,2,False,class_011
train_003346,train/images.npz,3346,domain_12,xray,none,generic,0,False,class_089
train_003347,train/images.npz,3347,domain_15,microscopy,none,generic,0,False,class_098
train_003348,train/images.npz,3348,domain_03,xray,none,generic,0,False,class_017
train_003349,train/images.npz,3349,domain_04,3d_projection,blur,generic,1,False,class_029
train_003350,train/images.npz,3350,domain_10,ct,none,generic,0,False,class_071
train_003351,train/images.npz,3351,domain_07,ct,contrast,generic,1,False,class_040
train_003352,train/images.npz,3352,domain_11,microscopy,none,generic,0,False,class_088
train_003353,train/images.npz,3353,domain_07,ct,contrast,generic,1,False,class_040
train_003354,train/images.npz,3354,domain_15,microscopy,contrast,generic,1,False,class_099
train_003355,train/images.npz,3355,domain_08,ct,none,generic,0,False,class_054
train_003356,train/images.npz,3356,domain_11,microscopy,contrast,generic,1,False,class_081
train_003357,train/images.npz,3357,domain_08,ct,none,generic,0,False,class_052
train_003358,train/images.npz,3358,domain_03,xray,blur,generic,1,False,class_013
train_003359,train/images.npz,3359,domain_07,ct,brightness,generic,2,False,class_044
train_003360,train/images.npz,3360,domain_13,retinal,noise,generic,1,False,class_093
train_003361,train/images.npz,3361,domain_00,3d_projection,none,generic,0,False,class_001
train_003362,train/images.npz,3362,domain_07,ct,none,generic,0,False,class_038
train_003363,train/images.npz,3363,domain_07,ct,none,generic,0,False,class_037
train_003364,train/images.npz,3364,domain_03,xray,contrast,generic,1,False,class_018
train_003365,train/images.npz,3365,domain_01,microscopy,none,generic,0,False,class_009
train_003366,train/images.npz,3366,domain_09,3d_projection,none,generic,0,False,class_062
train_003367,train/images.npz,3367,domain_13,retinal,brightness,generic,1,False,class_093
train_003368,train/images.npz,3368,domain_01,microscopy,none,generic,0,False,class_008
train_003369,train/images.npz,3369,domain_08,ct,none,generic,0,False,class_052
train_003370,train/images.npz,3370,domain_14,3d_projection,brightness,generic,1,False,class_096
train_003371,train/images.npz,3371,domain_07,ct,none,generic,0,False,class_045
train_003372,train/images.npz,3372,domain_08,ct,none,generic,0,False,class_056
train_003373,train/images.npz,3373,domain_15,microscopy,none,generic,0,False,class_102
train_003374,train/images.npz,3374,domain_02,ultrasound,blur,generic,2,False,class_010
train_003375,train/images.npz,3375,domain_03,xray,none,generic,0,False,class_026
train_003376,train/images.npz,3376,domain_09,3d_projection,noise,generic,2,False,class_064
train_003377,train/images.npz,3377,domain_09,3d_projection,brightness,generic,1,False,class_067
train_003378,train/images.npz,3378,domain_06,retinal,none,generic,0,False,class_033
train_003379,train/images.npz,3379,domain_07,ct,contrast,generic,1,False,class_036
train_003380,train/images.npz,3380,domain_04,3d_projection,brightness,generic,1,False,class_028
train_003381,train/images.npz,3381,domain_11,microscopy,none,generic,0,False,class_083
train_003382,train/images.npz,3382,domain_03,xray,brightness,generic,1,False,class_018
train_003383,train/images.npz,3383,domain_05,3d_projection,blur,generic,1,False,class_031
train_003384,train/images.npz,3384,domain_09,3d_projection,none,generic,0,False,class_064
train_003385,train/images.npz,3385,domain_11,microscopy,none,generic,0,False,class_080
train_003386,train/images.npz,3386,domain_11,microscopy,none,generic,0,False,class_084
train_003387,train/images.npz,3387,domain_11,microscopy,brightness,generic,1,False,class_086
train_003388,train/images.npz,3388,domain_07,ct,noise,generic,1,False,class_044
train_003389,train/images.npz,3389,domain_10,ct,noise,generic,2,False,class_077
train_003390,train/images.npz,3390,domain_10,ct,none,generic,0,False,class_071
train_003391,train/images.npz,3391,domain_09,3d_projection,contrast,generic,2,False,class_061
train_003392,train/images.npz,3392,domain_09,3d_projection,noise,generic,1,False,class_062
train_003393,train/images.npz,3393,domain_06,retinal,contrast,generic,2,False,class_034
train_003394,train/images.npz,3394,domain_08,ct,brightness,generic,2,False,class_051
train_003395,train/images.npz,3395,domain_15,microscopy,none,generic,0,False,class_099
train_003396,train/images.npz,3396,domain_09,3d_projection,none,generic,0,False,class_059
train_003397,train/images.npz,3397,domain_07,ct,brightness,generic,1,False,class_042
train_003398,train/images.npz,3398,domain_09,3d_projection,none,generic,0,False,class_064
train_003399,train/images.npz,3399,domain_11,microscopy,brightness,generic,1,False,class_082
train_003400,train/images.npz,3400,domain_10,ct,none,generic,0,False,class_069
train_003401,train/images.npz,3401,domain_11,microscopy,none,generic,0,False,class_083
train_003402,train/images.npz,3402,domain_10,ct,noise,generic,1,False,class_076
train_003403,train/images.npz,3403,domain_12,xray,none,generic,0,False,class_090
train_003404,train/images.npz,3404,domain_04,3d_projection,brightness,generic,1,False,class_028
train_003405,train/images.npz,3405,domain_11,microscopy,none,generic,0,False,class_087
train_003406,train/images.npz,3406,domain_10,ct,noise,generic,1,False,class_071
train_003407,train/images.npz,3407,domain_05,3d_projection,noise,generic,1,False,class_031
train_003408,train/images.npz,3408,domain_14,3d_projection,noise,generic,1,False,class_097
train_003409,train/images.npz,3409,domain_03,xray,none,generic,0,False,class_025
train_003410,train/images.npz,3410,domain_10,ct,none,generic,0,False,class_078
train_003411,train/images.npz,3411,domain_08,ct,contrast,generic,1,False,class_055
train_003412,train/images.npz,3412,domain_09,3d_projection,noise,generic,2,False,class_058
train_003413,train/images.npz,3413,domain_07,ct,contrast,generic,1,False,class_044
train_003414,train/images.npz,3414,domain_06,retinal,none,generic,0,False,class_033
train_003415,train/images.npz,3415,domain_08,ct,none,generic,0,False,class_049
train_003416,train/images.npz,3416,domain_07,ct,contrast,generic,1,False,class_044
train_003417,train/images.npz,3417,domain_09,3d_projection,brightness,generic,1,False,class_064
train_003418,train/images.npz,3418,domain_03,xray,blur,generic,1,False,class_016
train_003419,train/images.npz,3419,domain_10,ct,none,generic,0,False,class_076
train_003420,train/images.npz,3420,domain_14,3d_projection,noise,generic,1,False,class_096
train_003421,train/images.npz,3421,domain_05,3d_projection,none,generic,0,False,class_030
train_003422,train/images.npz,3422,domain_07,ct,none,generic,0,False,class_037
train_003423,train/images.npz,3423,domain_03,xray,brightness,generic,1,False,class_017
train_003424,train/images.npz,3424,domain_07,ct,none,generic,0,False,class_044
train_003425,train/images.npz,3425,domain_03,xray,contrast,generic,1,False,class_024
train_003426,train/images.npz,3426,domain_11,microscopy,noise,generic,1,False,class_081
train_003427,train/images.npz,3427,domain_11,microscopy,none,generic,0,False,class_085
train_003428,train/images.npz,3428,domain_01,microscopy,none,generic,0,False,class_005
train_003429,train/images.npz,3429,domain_15,microscopy,none,generic,0,False,class_101
train_003430,train/images.npz,3430,domain_03,xray,none,generic,0,False,class_017
train_003431,train/images.npz,3431,domain_07,ct,blur,generic,1,False,class_037
train_003432,train/images.npz,3432,domain_04,3d_projection,noise,generic,1,False,class_028
train_003433,train/images.npz,3433,domain_10,ct,none,generic,0,False,class_072
train_003434,train/images.npz,3434,domain_03,xray,blur,generic,1,False,class_020
train_003435,train/images.npz,3435,domain_03,xray,noise,generic,1,False,class_024
train_003436,train/images.npz,3436,domain_09,3d_projection,none,generic,0,False,class_064
train_003437,train/images.npz,3437,domain_03,xray,none,generic,0,False,class_014
train_003438,train/images.npz,3438,domain_03,xray,none,generic,0,False,class_023
train_003439,train/images.npz,3439,domain_09,3d_projection,none,generic,0,False,class_063
train_003440,train/images.npz,3440,domain_09,3d_projection,noise,generic,1,False,class_063
train_003441,train/images.npz,3441,domain_03,xray,none,generic,0,False,class_017
train_003442,train/images.npz,3442,domain_03,xray,brightness,generic,2,False,class_020
train_003443,train/images.npz,3443,domain_11,microscopy,blur,generic,2,False,class_087
train_003444,train/images.npz,3444,domain_04,3d_projection,contrast,generic,2,False,class_027
train_003445,train/images.npz,3445,domain_10,ct,blur,generic,2,False,class_074
train_003446,train/images.npz,3446,domain_15,microscopy,none,generic,0,False,class_100
train_003447,train/images.npz,3447,domain_09,3d_projection,none,generic,0,False,class_059
train_003448,train/images.npz,3448,domain_09,3d_projection,none,generic,0,False,class_063
train_003449,train/images.npz,3449,domain_10,ct,none,generic,0,False,class_079
train_003450,train/images.npz,3450,domain_15,microscopy,none,generic,0,False,class_103
train_003451,train/images.npz,3451,domain_01,microscopy,none,generic,0,False,class_009
train_003452,train/images.npz,3452,domain_06,retinal,noise,generic,1,False,class_033
train_003453,train/images.npz,3453,domain_10,ct,contrast,generic,1,False,class_071
train_003454,train/images.npz,3454,domain_06,retinal,noise,generic,1,False,class_033
train_003455,train/images.npz,3455,domain_10,ct,contrast,generic,1,False,class_070
train_003456,train/images.npz,3456,domain_11,microscopy,brightness,generic,1,False,class_088
train_003457,train/images.npz,3457,domain_01,microscopy,none,generic,0,False,class_004
train_003458,train/images.npz,3458,domain_10,ct,none,generic,0,False,class_074
train_003459,train/images.npz,3459,domain_14,3d_projection,none,generic,0,False,class_097
train_003460,train/images.npz,3460,domain_01,microscopy,brightness,generic,1,False,class_004
train_003461,train/images.npz,3461,domain_07,ct,none,generic,0,False,class_043
train_003462,train/images.npz,3462,domain_15,microscopy,none,generic,0,False,class_103
train_003463,train/images.npz,3463,domain_09,3d_projection,none,generic,0,False,class_060
train_003464,train/images.npz,3464,domain_16,3d_projection,noise,generic,1,False,class_107
train_003465,train/images.npz,3465,domain_13,retinal,none,generic,0,False,class_095
train_003466,train/images.npz,3466,domain_10,ct,noise,generic,1,False,class_070
train_003467,train/images.npz,3467,domain_06,retinal,brightness,generic,1,False,class_033
train_003468,train/images.npz,3468,domain_10,ct,noise,generic,1,False,class_078
train_003469,train/images.npz,3469,domain_01,microscopy,noise,generic,1,False,class_005
train_003470,train/images.npz,3470,domain_05,3d_projection,contrast,generic,1,False,class_030
train_003471,train/images.npz,3471,domain_09,3d_projection,brightness,generic,2,False,class_064
train_003472,train/images.npz,3472,domain_14,3d_projection,none,generic,0,False,class_097
train_003473,train/images.npz,3473,domain_11,microscopy,none,generic,0,False,class_086
train_003474,train/images.npz,3474,domain_10,ct,none,generic,0,False,class_077
train_003475,train/images.npz,3475,domain_13,retinal,noise,generic,1,False,class_091
train_003476,train/images.npz,3476,domain_07,ct,contrast,generic,1,False,class_042
train_003477,train/images.npz,3477,domain_11,microscopy,none,generic,0,False,class_082
train_003478,train/images.npz,3478,domain_10,ct,noise,generic,2,False,class_076
train_003479,train/images.npz,3479,domain_10,ct,contrast,generic,2,False,class_077
train_003480,train/images.npz,3480,domain_08,ct,none,generic,0,False,class_048
train_003481,train/images.npz,3481,domain_07,ct,none,generic,0,False,class_042
train_003482,train/images.npz,3482,domain_15,microscopy,contrast,generic,1,False,class_104
train_003483,train/images.npz,3483,domain_11,microscopy,none,generic,0,False,class_085
train_003484,train/images.npz,3484,domain_03,xray,contrast,generic,1,False,class_025
train_003485,train/images.npz,3485,domain_03,xray,blur,generic,1,False,class_026
train_003486,train/images.npz,3486,domain_01,microscopy,noise,generic,1,False,class_005
train_003487,train/images.npz,3487,domain_09,3d_projection,contrast,generic,2,False,class_065
train_003488,train/images.npz,3488,domain_07,ct,blur,generic,1,False,class_038
train_003489,train/images.npz,3489,domain_08,ct,none,generic,0,False,class_053
train_003490,train/images.npz,3490,domain_10,ct,blur,generic,2,False,class_071
train_003491,train/images.npz,3491,domain_15,microscopy,noise,generic,1,False,class_103
train_003492,train/images.npz,3492,domain_11,microscopy,none,generic,0,False,class_084
train_003493,train/images.npz,3493,domain_08,ct,none,generic,0,False,class_056
train_003494,train/images.npz,3494,domain_07,ct,none,generic,0,False,class_046
train_003495,train/images.npz,3495,domain_08,ct,brightness,generic,1,False,class_054
train_003496,train/images.npz,3496,domain_11,microscopy,noise,generic,2,False,class_081
train_003497,train/images.npz,3497,domain_02,ultrasound,none,generic,0,False,class_011
train_003498,train/images.npz,3498,domain_01,microscopy,none,generic,0,False,class_008
train_003499,train/images.npz,3499,domain_04,3d_projection,contrast,generic,1,False,class_029
train_003500,train/images.npz,3500,domain_08,ct,contrast,generic,1,False,class_051
train_003501,train/images.npz,3501,domain_08,ct,brightness,generic,2,False,class_049
train_003502,train/images.npz,3502,domain_15,microscopy,none,generic,0,False,class_105
train_003503,train/images.npz,3503,domain_11,microscopy,none,generic,0,False,class_086
train_003504,train/images.npz,3504,domain_11,microscopy,contrast,generic,1,False,class_085
train_003505,train/images.npz,3505,domain_09,3d_projection,none,generic,0,False,class_061
train_003506,train/images.npz,3506,domain_09,3d_projection,none,generic,0,False,class_066
train_003507,train/images.npz,3507,domain_09,3d_projection,noise,generic,2,False,class_060
train_003508,train/images.npz,3508,domain_07,ct,none,generic,0,False,class_041
train_003509,train/images.npz,3509,domain_09,3d_projection,none,generic,0,False,class_063
train_003510,train/images.npz,3510,domain_03,xray,none,generic,0,False,class_021
train_003511,train/images.npz,3511,domain_06,retinal,none,generic,0,False,class_033
train_003512,train/images.npz,3512,domain_03,xray,contrast,generic,1,False,class_016
train_003513,train/images.npz,3513,domain_07,ct,noise,generic,1,False,class_040
train_003514,train/images.npz,3514,domain_07,ct,contrast,generic,2,False,class_041
train_003515,train/images.npz,3515,domain_07,ct,noise,generic,1,False,class_043
train_003516,train/images.npz,3516,domain_08,ct,blur,generic,1,False,class_055
train_003517,train/images.npz,3517,domain_07,ct,none,generic,0,False,class_045
train_003518,train/images.npz,3518,domain_01,microscopy,none,generic,0,False,class_002
train_003519,train/images.npz,3519,domain_10,ct,none,generic,0,False,class_079
train_003520,train/images.npz,3520,domain_08,ct,none,generic,0,False,class_056
train_003521,train/images.npz,3521,domain_07,ct,none,generic,0,False,class_042
train_003522,train/images.npz,3522,domain_10,ct,none,generic,0,False,class_077
train_003523,train/images.npz,3523,domain_08,ct,none,generic,0,False,class_047
train_003524,train/images.npz,3524,domain_10,ct,none,generic,0,False,class_074
train_003525,train/images.npz,3525,domain_01,microscopy,none,generic,0,False,class_003
train_003526,train/images.npz,3526,domain_11,microscopy,blur,generic,1,False,class_081
train_003527,train/images.npz,3527,domain_10,ct,none,generic,0,False,class_072
train_003528,train/images.npz,3528,domain_14,3d_projection,noise,generic,2,False,class_097
train_003529,train/images.npz,3529,domain_03,xray,none,generic,0,False,class_012
train_003530,train/images.npz,3530,domain_08,ct,none,generic,0,False,class_051
train_003531,train/images.npz,3531,domain_09,3d_projection,brightness,generic,1,False,class_064
train_003532,train/images.npz,3532,domain_02,ultrasound,blur,generic,1,False,class_010
train_003533,train/images.npz,3533,domain_10,ct,contrast,generic,1,False,class_077
train_003534,train/images.npz,3534,domain_02,ultrasound,none,generic,0,False,class_010
train_003535,train/images.npz,3535,domain_02,ultrasound,none,generic,0,False,class_011
train_003536,train/images.npz,3536,domain_10,ct,none,generic,0,False,class_073
train_003537,train/images.npz,3537,domain_08,ct,noise,generic,1,False,class_054
train_003538,train/images.npz,3538,domain_01,microscopy,contrast,generic,2,False,class_002
train_003539,train/images.npz,3539,domain_10,ct,noise,generic,2,False,class_070
train_003540,train/images.npz,3540,domain_15,microscopy,none,generic,0,False,class_104
train_003541,train/images.npz,3541,domain_03,xray,none,generic,0,False,class_018
train_003542,train/images.npz,3542,domain_07,ct,none,generic,0,False,class_044
train_003543,train/images.npz,3543,domain_02,ultrasound,blur,generic,1,False,class_011
train_003544,train/images.npz,3544,domain_00,3d_projection,noise,generic,1,False,class_001
train_003545,train/images.npz,3545,domain_10,ct,blur,generic,1,False,class_075
train_003546,train/images.npz,3546,domain_16,3d_projection,brightness,generic,1,False,class_107
train_003547,train/images.npz,3547,domain_09,3d_projection,contrast,generic,2,False,class_062
train_003548,train/images.npz,3548,domain_09,3d_projection,none,generic,0,False,class_060
train_003549,train/images.npz,3549,domain_01,microscopy,none,generic,0,False,class_008
train_003550,train/images.npz,3550,domain_01,microscopy,brightness,generic,1,False,class_007
train_003551,train/images.npz,3551,domain_13,retinal,none,generic,0,False,class_093
train_003552,train/images.npz,3552,domain_08,ct,none,generic,0,False,class_053
train_003553,train/images.npz,3553,domain_01,microscopy,noise,generic,1,False,class_008
train_003554,train/images.npz,3554,domain_09,3d_projection,none,generic,0,False,class_064
train_003555,train/images.npz,3555,domain_11,microscopy,noise,generic,2,False,class_084
train_003556,train/images.npz,3556,domain_01,microscopy,noise,generic,1,False,class_003
train_003557,train/images.npz,3557,domain_01,microscopy,contrast,generic,1,False,class_003
train_003558,train/images.npz,3558,domain_11,microscopy,contrast,generic,1,False,class_081
train_003559,train/images.npz,3559,domain_13,retinal,none,generic,0,False,class_091
train_003560,train/images.npz,3560,domain_12,xray,contrast,generic,1,False,class_090
train_003561,train/images.npz,3561,domain_15,microscopy,none,generic,0,False,class_098
train_003562,train/images.npz,3562,domain_15,microscopy,none,generic,0,False,class_101
train_003563,train/images.npz,3563,domain_03,xray,brightness,generic,1,False,class_023
train_003564,train/images.npz,3564,domain_15,microscopy,blur,generic,1,False,class_105
train_003565,train/images.npz,3565,domain_06,retinal,none,generic,0,False,class_032
train_003566,train/images.npz,3566,domain_08,ct,contrast,generic,2,False,class_047
train_003567,train/images.npz,3567,domain_08,ct,contrast,generic,1,False,class_057
train_003568,train/images.npz,3568,domain_04,3d_projection,none,generic,0,False,class_029
train_003569,train/images.npz,3569,domain_01,microscopy,none,generic,0,False,class_003
train_003570,train/images.npz,3570,domain_01,microscopy,noise,generic,1,False,class_006
train_003571,train/images.npz,3571,domain_13,retinal,none,generic,0,False,class_091
train_003572,train/images.npz,3572,domain_03,xray,brightness,generic,2,False,class_021
train_003573,train/images.npz,3573,domain_11,microscopy,none,generic,0,False,class_086
train_003574,train/images.npz,3574,domain_15,microscopy,contrast,generic,2,False,class_102
train_003575,train/images.npz,3575,domain_08,ct,none,generic,0,False,class_048
train_003576,train/images.npz,3576,domain_08,ct,none,generic,0,False,class_055
train_003577,train/images.npz,3577,domain_01,microscopy,none,generic,0,False,class_004
train_003578,train/images.npz,3578,domain_07,ct,contrast,generic,2,False,class_036
train_003579,train/images.npz,3579,domain_01,microscopy,none,generic,0,False,class_003
train_003580,train/images.npz,3580,domain_03,xray,none,generic,0,False,class_013
train_003581,train/images.npz,3581,domain_07,ct,none,generic,0,False,class_036
train_003582,train/images.npz,3582,domain_04,3d_projection,contrast,generic,2,False,class_027
train_003583,train/images.npz,3583,domain_10,ct,none,generic,0,False,class_077
train_003584,train/images.npz,3584,domain_07,ct,contrast,generic,1,False,class_038
train_003585,train/images.npz,3585,domain_10,ct,noise,generic,1,False,class_070
train_003586,train/images.npz,3586,domain_03,xray,noise,generic,1,False,class_024
train_003587,train/images.npz,3587,domain_02,ultrasound,noise,generic,1,False,class_010
train_003588,train/images.npz,3588,domain_01,microscopy,none,generic,0,False,class_002
train_003589,train/images.npz,3589,domain_01,microscopy,contrast,generic,1,False,class_006
train_003590,train/images.npz,3590,domain_16,3d_projection,none,generic,0,False,class_107
train_003591,train/images.npz,3591,domain_15,microscopy,contrast,generic,1,False,class_103
train_003592,train/images.npz,3592,domain_03,xray,blur,generic,1,False,class_023
train_003593,train/images.npz,3593,domain_08,ct,none,generic,0,False,class_055
train_003594,train/images.npz,3594,domain_08,ct,brightness,generic,1,False,class_055
train_003595,train/images.npz,3595,domain_15,microscopy,contrast,generic,1,False,class_099
train_003596,train/images.npz,3596,domain_10,ct,contrast,generic,1,False,class_069
train_003597,train/images.npz,3597,domain_14,3d_projection,brightness,generic,1,False,class_097
train_003598,train/images.npz,3598,domain_07,ct,none,generic,0,False,class_046
train_003599,train/images.npz,3599,domain_11,microscopy,none,generic,0,False,class_080
train_003600,train/images.npz,3600,domain_08,ct,none,generic,0,False,class_051
train_003601,train/images.npz,3601,domain_08,ct,brightness,generic,1,False,class_050
train_003602,train/images.npz,3602,domain_08,ct,contrast,generic,1,False,class_052
train_003603,train/images.npz,3603,domain_02,ultrasound,brightness,generic,2,False,class_011
train_003604,train/images.npz,3604,domain_01,microscopy,none,generic,0,False,class_006
train_003605,train/images.npz,3605,domain_07,ct,brightness,generic,2,False,class_043
train_003606,train/images.npz,3606,domain_09,3d_projection,contrast,generic,1,False,class_058
train_003607,train/images.npz,3607,domain_10,ct,contrast,generic,1,False,class_078
train_003608,train/images.npz,3608,domain_09,3d_projection,brightness,generic,1,False,class_065
train_003609,train/images.npz,3609,domain_08,ct,none,generic,0,False,class_051
train_003610,train/images.npz,3610,domain_03,xray,contrast,generic,1,False,class_023
train_003611,train/images.npz,3611,domain_11,microscopy,brightness,generic,1,False,class_083
train_003612,train/images.npz,3612,domain_15,microscopy,contrast,generic,1,False,class_098
train_003613,train/images.npz,3613,domain_13,retinal,none,generic,0,False,class_095
train_003614,train/images.npz,3614,domain_13,retinal,none,generic,0,False,class_094
train_003615,train/images.npz,3615,domain_10,ct,noise,generic,1,False,class_069
train_003616,train/images.npz,3616,domain_07,ct,contrast,generic,1,False,class_037
train_003617,train/images.npz,3617,domain_07,ct,brightness,generic,1,False,class_042
train_003618,train/images.npz,3618,domain_13,retinal,blur,generic,2,False,class_093
train_003619,train/images.npz,3619,domain_07,ct,contrast,generic,1,False,class_036
train_003620,train/images.npz,3620,domain_07,ct,none,generic,0,False,class_036
train_003621,train/images.npz,3621,domain_07,ct,none,generic,0,False,class_036
train_003622,train/images.npz,3622,domain_05,3d_projection,contrast,generic,1,False,class_030
train_003623,train/images.npz,3623,domain_08,ct,none,generic,0,False,class_055
train_003624,train/images.npz,3624,domain_10,ct,none,generic,0,False,class_074
train_003625,train/images.npz,3625,domain_10,ct,noise,generic,1,False,class_078
train_003626,train/images.npz,3626,domain_09,3d_projection,brightness,generic,1,False,class_064
train_003627,train/images.npz,3627,domain_00,3d_projection,none,generic,0,False,class_000
train_003628,train/images.npz,3628,domain_10,ct,none,generic,0,False,class_077
train_003629,train/images.npz,3629,domain_04,3d_projection,none,generic,0,False,class_029
train_003630,train/images.npz,3630,domain_06,retinal,noise,generic,1,False,class_035
train_003631,train/images.npz,3631,domain_11,microscopy,noise,generic,1,False,class_083
train_003632,train/images.npz,3632,domain_10,ct,none,generic,0,False,class_072
train_003633,train/images.npz,3633,domain_09,3d_projection,none,generic,0,False,class_058
train_003634,train/images.npz,3634,domain_06,retinal,none,generic,0,False,class_032
train_003635,train/images.npz,3635,domain_07,ct,blur,generic,1,False,class_044
train_003636,train/images.npz,3636,domain_11,microscopy,noise,generic,2,False,class_085
train_003637,train/images.npz,3637,domain_11,microscopy,noise,generic,2,False,class_080
train_003638,train/images.npz,3638,domain_10,ct,contrast,generic,1,False,class_079
train_003639,train/images.npz,3639,domain_03,xray,blur,generic,1,False,class_016
train_003640,train/images.npz,3640,domain_07,ct,none,generic,0,False,class_040
train_003641,train/images.npz,3641,domain_11,microscopy,contrast,generic,1,False,class_080
train_003642,train/images.npz,3642,domain_03,xray,blur,generic,2,False,class_016
train_003643,train/images.npz,3643,domain_08,ct,contrast,generic,2,False,class_052
train_003644,train/images.npz,3644,domain_11,microscopy,none,generic,0,False,class_081
train_003645,train/images.npz,3645,domain_13,retinal,contrast,generic,1,False,class_091
train_003646,train/images.npz,3646,domain_10,ct,none,generic,0,False,class_075
train_003647,train/images.npz,3647,domain_03,xray,noise,generic,1,False,class_017
train_003648,train/images.npz,3648,domain_10,ct,none,generic,0,False,class_078
train_003649,train/images.npz,3649,domain_11,microscopy,noise,generic,1,False,class_086
train_003650,train/images.npz,3650,domain_04,3d_projection,none,generic,0,False,class_029
train_003651,train/images.npz,3651,domain_03,xray,contrast,generic,2,False,class_023
train_003652,train/images.npz,3652,domain_08,ct,blur,generic,2,False,class_057
train_003653,train/images.npz,3653,domain_03,xray,blur,generic,1,False,class_018
train_003654,train/images.npz,3654,domain_10,ct,none,generic,0,False,class_069
train_003655,train/images.npz,3655,domain_03,xray,blur,generic,1,False,class_017
train_003656,train/images.npz,3656,domain_08,ct,none,generic,0,False,class_051
train_003657,train/images.npz,3657,domain_03,xray,none,generic,0,False,class_022
train_003658,train/images.npz,3658,domain_02,ultrasound,brightness,generic,1,False,class_011
train_003659,train/images.npz,3659,domain_01,microscopy,none,generic,0,False,class_006
train_003660,train/images.npz,3660,domain_07,ct,none,generic,0,False,class_043
train_003661,train/images.npz,3661,domain_03,xray,contrast,generic,1,False,class_019
train_003662,train/images.npz,3662,domain_11,microscopy,none,generic,0,False,class_088
train_003663,train/images.npz,3663,domain_03,xray,brightness,generic,1,False,class_026
train_003664,train/images.npz,3664,domain_11,microscopy,none,generic,0,False,class_086
train_003665,train/images.npz,3665,domain_01,microscopy,contrast,generic,2,False,class_007
train_003666,train/images.npz,3666,domain_08,ct,contrast,generic,2,False,class_054
train_003667,train/images.npz,3667,domain_08,ct,none,generic,0,False,class_056
train_003668,train/images.npz,3668,domain_03,xray,none,generic,0,False,class_026
train_003669,train/images.npz,3669,domain_08,ct,noise,generic,2,False,class_054
train_003670,train/images.npz,3670,domain_10,ct,blur,generic,2,False,class_079
train_003671,train/images.npz,3671,domain_16,3d_projection,noise,generic,1,False,class_106
train_003672,train/images.npz,3672,domain_12,xray,blur,generic,1,False,class_090
train_003673,train/images.npz,3673,domain_11,microscopy,none,generic,0,False,class_080
train_003674,train/images.npz,3674,domain_08,ct,contrast,generic,1,False,class_048
train_003675,train/images.npz,3675,domain_03,xray,contrast,generic,1,False,class_021
train_003676,train/images.npz,3676,domain_06,retinal,blur,generic,1,False,class_035
train_003677,train/images.npz,3677,domain_08,ct,contrast,generic,2,False,class_056
train_003678,train/images.npz,3678,domain_03,xray,none,generic,0,False,class_024
train_003679,train/images.npz,3679,domain_09,3d_projection,none,generic,0,False,class_068
train_003680,train/images.npz,3680,domain_06,retinal,none,generic,0,False,class_035
train_003681,train/images.npz,3681,domain_09,3d_projection,none,generic,0,False,class_066
train_003682,train/images.npz,3682,domain_07,ct,contrast,generic,1,False,class_039
train_003683,train/images.npz,3683,domain_08,ct,none,generic,0,False,class_052
train_003684,train/images.npz,3684,domain_14,3d_projection,none,generic,0,False,class_096
train_003685,train/images.npz,3685,domain_03,xray,none,generic,0,False,class_020
train_003686,train/images.npz,3686,domain_14,3d_projection,none,generic,0,False,class_096
train_003687,train/images.npz,3687,domain_03,xray,none,generic,0,False,class_014
train_003688,train/images.npz,3688,domain_07,ct,contrast,generic,2,False,class_042
train_003689,train/images.npz,3689,domain_08,ct,noise,generic,1,False,class_056
train_003690,train/images.npz,3690,domain_13,retinal,none,generic,0,False,class_092
train_003691,train/images.npz,3691,domain_11,microscopy,none,generic,0,False,class_085
train_003692,train/images.npz,3692,domain_11,microscopy,none,generic,0,False,class_087
train_003693,train/images.npz,3693,domain_14,3d_projection,none,generic,0,False,class_097
train_003694,train/images.npz,3694,domain_11,microscopy,none,generic,0,False,class_086
train_003695,train/images.npz,3695,domain_07,ct,noise,generic,1,False,class_037
train_003696,train/images.npz,3696,domain_07,ct,blur,generic,2,False,class_045
train_003697,train/images.npz,3697,domain_03,xray,contrast,generic,1,False,class_023
train_003698,train/images.npz,3698,domain_09,3d_projection,contrast,generic,2,False,class_063
train_003699,train/images.npz,3699,domain_10,ct,none,generic,0,False,class_069
train_003700,train/images.npz,3700,domain_10,ct,noise,generic,1,False,class_069
train_003701,train/images.npz,3701,domain_02,ultrasound,contrast,generic,1,False,class_010
train_003702,train/images.npz,3702,domain_13,retinal,none,generic,0,False,class_094
train_003703,train/images.npz,3703,domain_01,microscopy,none,generic,0,False,class_004
train_003704,train/images.npz,3704,domain_09,3d_projection,noise,generic,1,False,class_061
train_003705,train/images.npz,3705,domain_04,3d_projection,none,generic,0,False,class_029
train_003706,train/images.npz,3706,domain_15,microscopy,none,generic,0,False,class_098
train_003707,train/images.npz,3707,domain_01,microscopy,contrast,generic,1,False,class_004
train_003708,train/images.npz,3708,domain_01,microscopy,none,generic,0,False,class_005
train_003709,train/images.npz,3709,domain_10,ct,none,generic,0,False,class_069
train_003710,train/images.npz,3710,domain_01,microscopy,contrast,generic,1,False,class_002
train_003711,train/images.npz,3711,domain_01,microscopy,none,generic,0,False,class_007
train_003712,train/images.npz,3712,domain_11,microscopy,noise,generic,1,False,class_088
train_003713,train/images.npz,3713,domain_11,microscopy,none,generic,0,False,class_082
train_003714,train/images.npz,3714,domain_01,microscopy,none,generic,0,False,class_005
train_003715,train/images.npz,3715,domain_07,ct,none,generic,0,False,class_040
train_003716,train/images.npz,3716,domain_08,ct,contrast,generic,2,False,class_048
train_003717,train/images.npz,3717,domain_11,microscopy,brightness,generic,2,False,class_088
train_003718,train/images.npz,3718,domain_06,retinal,none,generic,0,False,class_033
train_003719,train/images.npz,3719,domain_15,microscopy,none,generic,0,False,class_101
train_003720,train/images.npz,3720,domain_05,3d_projection,contrast,generic,1,False,class_031
train_003721,train/images.npz,3721,domain_07,ct,none,generic,0,False,class_036
train_003722,train/images.npz,3722,domain_13,retinal,none,generic,0,False,class_091
train_003723,train/images.npz,3723,domain_05,3d_projection,blur,generic,2,False,class_031
train_003724,train/images.npz,3724,domain_07,ct,none,generic,0,False,class_040
train_003725,train/images.npz,3725,domain_01,microscopy,brightness,generic,1,False,class_004
train_003726,train/images.npz,3726,domain_01,microscopy,none,generic,0,False,class_002
train_003727,train/images.npz,3727,domain_09,3d_projection,contrast,generic,1,False,class_067
train_003728,train/images.npz,3728,domain_08,ct,none,generic,0,False,class_053
train_003729,train/images.npz,3729,domain_08,ct,contrast,generic,1,False,class_051
train_003730,train/images.npz,3730,domain_15,microscopy,none,generic,0,False,class_105
train_003731,train/images.npz,3731,domain_01,microscopy,noise,generic,1,False,class_009
train_003732,train/images.npz,3732,domain_10,ct,contrast,generic,1,False,class_077
train_003733,train/images.npz,3733,domain_08,ct,blur,generic,1,False,class_048
train_003734,train/images.npz,3734,domain_13,retinal,contrast,generic,1,False,class_095
train_003735,train/images.npz,3735,domain_09,3d_projection,blur,generic,1,False,class_068
train_003736,train/images.npz,3736,domain_03,xray,contrast,generic,2,False,class_016
train_003737,train/images.npz,3737,domain_08,ct,contrast,generic,1,False,class_057
train_003738,train/images.npz,3738,domain_01,microscopy,none,generic,0,False,class_004
train_003739,train/images.npz,3739,domain_13,retinal,none,generic,0,False,class_094
train_003740,train/images.npz,3740,domain_03,xray,none,generic,0,False,class_013
train_003741,train/images.npz,3741,domain_03,xray,contrast,generic,1,False,class_022
train_003742,train/images.npz,3742,domain_03,xray,noise,generic,1,False,class_019
train_003743,train/images.npz,3743,domain_08,ct,contrast,generic,2,False,class_051
train_003744,train/images.npz,3744,domain_10,ct,contrast,generic,1,False,class_069
train_003745,train/images.npz,3745,domain_10,ct,none,generic,0,False,class_070
train_003746,train/images.npz,3746,domain_10,ct,none,generic,0,False,class_071
train_003747,train/images.npz,3747,domain_02,ultrasound,none,generic,0,False,class_010
train_003748,train/images.npz,3748,domain_15,microscopy,none,generic,0,False,class_100
train_003749,train/images.npz,3749,domain_06,retinal,none,generic,0,False,class_032
train_003750,train/images.npz,3750,domain_03,xray,none,generic,0,False,class_022
train_003751,train/images.npz,3751,domain_02,ultrasound,brightness,generic,1,False,class_010
train_003752,train/images.npz,3752,domain_15,microscopy,contrast,generic,2,False,class_105
train_003753,train/images.npz,3753,domain_03,xray,contrast,generic,2,False,class_017
train_003754,train/images.npz,3754,domain_12,xray,noise,generic,1,False,class_090
train_003755,train/images.npz,3755,domain_08,ct,contrast,generic,2,False,class_049
train_003756,train/images.npz,3756,domain_08,ct,none,generic,0,False,class_053
train_003757,train/images.npz,3757,domain_01,microscopy,contrast,generic,1,False,class_002
train_003758,train/images.npz,3758,domain_03,xray,blur,generic,1,False,class_018
train_003759,train/images.npz,3759,domain_01,microscopy,none,generic,0,False,class_007
train_003760,train/images.npz,3760,domain_09,3d_projection,none,generic,0,False,class_062
train_003761,train/images.npz,3761,domain_00,3d_projection,none,generic,0,False,class_000
train_003762,train/images.npz,3762,domain_08,ct,contrast,generic,1,False,class_047
train_003763,train/images.npz,3763,domain_06,retinal,contrast,generic,2,False,class_034
train_003764,train/images.npz,3764,domain_11,microscopy,none,generic,0,False,class_080
train_003765,train/images.npz,3765,domain_10,ct,noise,generic,2,False,class_075
train_003766,train/images.npz,3766,domain_05,3d_projection,brightness,generic,1,False,class_030
train_003767,train/images.npz,3767,domain_07,ct,none,generic,0,False,class_038
train_003768,train/images.npz,3768,domain_04,3d_projection,none,generic,0,False,class_027
train_003769,train/images.npz,3769,domain_03,xray,blur,generic,2,False,class_014
train_003770,train/images.npz,3770,domain_08,ct,brightness,generic,2,False,class_050
train_003771,train/images.npz,3771,domain_07,ct,noise,generic,1,False,class_041
train_003772,train/images.npz,3772,domain_15,microscopy,blur,generic,2,False,class_102
train_003773,train/images.npz,3773,domain_09,3d_projection,none,generic,0,False,class_058
train_003774,train/images.npz,3774,domain_08,ct,none,generic,0,False,class_051
train_003775,train/images.npz,3775,domain_13,retinal,none,generic,0,False,class_092
train_003776,train/images.npz,3776,domain_13,retinal,brightness,generic,1,False,class_095
train_003777,train/images.npz,3777,domain_03,xray,none,generic,0,False,class_019
train_003778,train/images.npz,3778,domain_08,ct,none,generic,0,False,class_050
train_003779,train/images.npz,3779,domain_08,ct,noise,generic,1,False,class_053
train_003780,train/images.npz,3780,domain_08,ct,contrast,generic,1,False,class_054
train_003781,train/images.npz,3781,domain_01,microscopy,none,generic,0,False,class_006
train_003782,train/images.npz,3782,domain_15,microscopy,none,generic,0,False,class_099
train_003783,train/images.npz,3783,domain_03,xray,blur,generic,2,False,class_025
train_003784,train/images.npz,3784,domain_10,ct,noise,generic,2,False,class_075
train_003785,train/images.npz,3785,domain_06,retinal,none,generic,0,False,class_035
train_003786,train/images.npz,3786,domain_04,3d_projection,noise,generic,1,False,class_028
train_003787,train/images.npz,3787,domain_10,ct,contrast,generic,1,False,class_076
train_003788,train/images.npz,3788,domain_10,ct,blur,generic,1,False,class_069
train_003789,train/images.npz,3789,domain_03,xray,contrast,generic,2,False,class_021
train_003790,train/images.npz,3790,domain_00,3d_projection,blur,generic,1,False,class_001
train_003791,train/images.npz,3791,domain_08,ct,contrast,generic,1,False,class_049
train_003792,train/images.npz,3792,domain_08,ct,noise,generic,2,False,class_053
train_003793,train/images.npz,3793,domain_06,retinal,noise,generic,1,False,class_034
train_003794,train/images.npz,3794,domain_03,xray,none,generic,0,False,class_025
train_003795,train/images.npz,3795,domain_15,microscopy,none,generic,0,False,class_101
train_003796,train/images.npz,3796,domain_03,xray,blur,generic,2,False,class_015
train_003797,train/images.npz,3797,domain_15,microscopy,contrast,generic,1,False,class_101
train_003798,train/images.npz,3798,domain_03,xray,none,generic,0,False,class_021
train_003799,train/images.npz,3799,domain_11,microscopy,contrast,generic,1,False,class_082
train_003800,train/images.npz,3800,domain_04,3d_projection,none,generic,0,False,class_027
train_003801,train/images.npz,3801,domain_09,3d_projection,brightness,generic,1,False,class_060
train_003802,train/images.npz,3802,domain_08,ct,contrast,generic,1,False,class_053
train_003803,train/images.npz,3803,domain_15,microscopy,contrast,generic,1,False,class_102
train_003804,train/images.npz,3804,domain_15,microscopy,none,generic,0,False,class_099
train_003805,train/images.npz,3805,domain_11,microscopy,none,generic,0,False,class_081
train_003806,train/images.npz,3806,domain_02,ultrasound,none,generic,0,False,class_010
train_003807,train/images.npz,3807,domain_13,retinal,none,generic,0,False,class_093
train_003808,train/images.npz,3808,domain_01,microscopy,brightness,generic,1,False,class_009
train_003809,train/images.npz,3809,domain_16,3d_projection,contrast,generic,1,False,class_107
train_003810,train/images.npz,3810,domain_11,microscopy,brightness,generic,2,False,class_080
train_003811,train/images.npz,3811,domain_11,microscopy,none,generic,0,False,class_086
train_003812,train/images.npz,3812,domain_07,ct,none,generic,0,False,class_038
train_003813,train/images.npz,3813,domain_09,3d_projection,none,generic,0,False,class_064
train_003814,train/images.npz,3814,domain_15,microscopy,none,generic,0,False,class_098
train_003815,train/images.npz,3815,domain_01,microscopy,contrast,generic,1,False,class_004
train_003816,train/images.npz,3816,domain_06,retinal,none,generic,0,False,class_035
train_003817,train/images.npz,3817,domain_08,ct,contrast,generic,1,False,class_054
train_003818,train/images.npz,3818,domain_11,microscopy,noise,generic,1,False,class_083
train_003819,train/images.npz,3819,domain_11,microscopy,none,generic,0,False,class_083
train_003820,train/images.npz,3820,domain_10,ct,none,generic,0,False,class_076
train_003821,train/images.npz,3821,domain_11,microscopy,noise,generic,1,False,class_082
train_003822,train/images.npz,3822,domain_07,ct,brightness,generic,1,False,class_037
train_003823,train/images.npz,3823,domain_10,ct,noise,generic,1,False,class_079
train_003824,train/images.npz,3824,domain_06,retinal,none,generic,0,False,class_034
train_003825,train/images.npz,3825,domain_04,3d_projection,brightness,generic,1,False,class_029
train_003826,train/images.npz,3826,domain_13,retinal,contrast,generic,1,False,class_091
train_003827,train/images.npz,3827,domain_07,ct,noise,generic,2,False,class_037
train_003828,train/images.npz,3828,domain_07,ct,none,generic,0,False,class_042
train_003829,train/images.npz,3829,domain_10,ct,none,generic,0,False,class_074
train_003830,train/images.npz,3830,domain_08,ct,none,generic,0,False,class_051
train_003831,train/images.npz,3831,domain_10,ct,blur,generic,2,False,class_076
train_003832,train/images.npz,3832,domain_13,retinal,contrast,generic,1,False,class_091
train_003833,train/images.npz,3833,domain_01,microscopy,noise,generic,1,False,class_006
train_003834,train/images.npz,3834,domain_03,xray,contrast,generic,1,False,class_017
train_003835,train/images.npz,3835,domain_10,ct,none,generic,0,False,class_071
train_003836,train/images.npz,3836,domain_13,retinal,brightness,generic,1,False,class_092
train_003837,train/images.npz,3837,domain_06,retinal,brightness,generic,1,False,class_032
train_003838,train/images.npz,3838,domain_08,ct,contrast,generic,1,False,class_057
train_003839,train/images.npz,3839,domain_05,3d_projection,none,generic,0,False,class_031
train_003840,train/images.npz,3840,domain_03,xray,noise,generic,1,False,class_016
train_003841,train/images.npz,3841,domain_03,xray,brightness,generic,2,False,class_026
train_003842,train/images.npz,3842,domain_07,ct,none,generic,0,False,class_038
train_003843,train/images.npz,3843,domain_01,microscopy,contrast,generic,2,False,class_007
train_003844,train/images.npz,3844,domain_07,ct,none,generic,0,False,class_039
train_003845,train/images.npz,3845,domain_10,ct,blur,generic,1,False,class_072
train_003846,train/images.npz,3846,domain_11,microscopy,noise,generic,1,False,class_081
train_003847,train/images.npz,3847,domain_11,microscopy,contrast,generic,1,False,class_081
train_003848,train/images.npz,3848,domain_03,xray,blur,generic,2,False,class_012
train_003849,train/images.npz,3849,domain_05,3d_projection,none,generic,0,False,class_030
train_003850,train/images.npz,3850,domain_08,ct,noise,generic,1,False,class_055
train_003851,train/images.npz,3851,domain_01,microscopy,none,generic,0,False,class_007
train_003852,train/images.npz,3852,domain_01,microscopy,none,generic,0,False,class_008
train_003853,train/images.npz,3853,domain_14,3d_projection,noise,generic,2,False,class_096
train_003854,train/images.npz,3854,domain_10,ct,brightness,generic,1,False,class_074
train_003855,train/images.npz,3855,domain_11,microscopy,brightness,generic,2,False,class_087
train_003856,train/images.npz,3856,domain_10,ct,none,generic,0,False,class_073
train_003857,train/images.npz,3857,domain_10,ct,noise,generic,1,False,class_076
train_003858,train/images.npz,3858,domain_10,ct,none,generic,0,False,class_077
train_003859,train/images.npz,3859,domain_03,xray,blur,generic,1,False,class_016
train_003860,train/images.npz,3860,domain_09,3d_projection,none,generic,0,False,class_062
train_003861,train/images.npz,3861,domain_02,ultrasound,noise,generic,2,False,class_010
train_003862,train/images.npz,3862,domain_09,3d_projection,blur,generic,1,False,class_061
train_003863,train/images.npz,3863,domain_09,3d_projection,noise,generic,2,False,class_064
train_003864,train/images.npz,3864,domain_16,3d_projection,none,generic,0,False,class_107
train_003865,train/images.npz,3865,domain_04,3d_projection,noise,generic,2,False,class_029
train_003866,train/images.npz,3866,domain_01,microscopy,none,generic,0,False,class_007
train_003867,train/images.npz,3867,domain_16,3d_projection,noise,generic,1,False,class_107
train_003868,train/images.npz,3868,domain_08,ct,noise,generic,1,False,class_053
train_003869,train/images.npz,3869,domain_09,3d_projection,none,generic,0,False,class_062
train_003870,train/images.npz,3870,domain_09,3d_projection,none,generic,0,False,class_065
train_003871,train/images.npz,3871,domain_04,3d_projection,none,generic,0,False,class_027
train_003872,train/images.npz,3872,domain_03,xray,contrast,generic,1,False,class_014
train_003873,train/images.npz,3873,domain_07,ct,none,generic,0,False,class_036
train_003874,train/images.npz,3874,domain_06,retinal,brightness,generic,1,False,class_032
train_003875,train/images.npz,3875,domain_03,xray,contrast,generic,1,False,class_015
train_003876,train/images.npz,3876,domain_09,3d_projection,none,generic,0,False,class_059
train_003877,train/images.npz,3877,domain_11,microscopy,none,generic,0,False,class_087
train_003878,train/images.npz,3878,domain_01,microscopy,none,generic,0,False,class_002
train_003879,train/images.npz,3879,domain_08,ct,brightness,generic,1,False,class_048
train_003880,train/images.npz,3880,domain_15,microscopy,none,generic,0,False,class_103
train_003881,train/images.npz,3881,domain_10,ct,contrast,generic,1,False,class_070
train_003882,train/images.npz,3882,domain_11,microscopy,blur,generic,1,False,class_082
train_003883,train/images.npz,3883,domain_09,3d_projection,brightness,generic,1,False,class_064
train_003884,train/images.npz,3884,domain_08,ct,none,generic,0,False,class_056
train_003885,train/images.npz,3885,domain_10,ct,none,generic,0,False,class_073
train_003886,train/images.npz,3886,domain_10,ct,noise,generic,2,False,class_072
train_003887,train/images.npz,3887,domain_08,ct,noise,generic,1,False,class_057
train_003888,train/images.npz,3888,domain_04,3d_projection,none,generic,0,False,class_027
train_003889,train/images.npz,3889,domain_16,3d_projection,noise,generic,1,False,class_107
train_003890,train/images.npz,3890,domain_16,3d_projection,brightness,generic,1,False,class_106
train_003891,train/images.npz,3891,domain_03,xray,none,generic,0,False,class_024
train_003892,train/images.npz,3892,domain_09,3d_projection,noise,generic,1,False,class_058
train_003893,train/images.npz,3893,domain_11,microscopy,contrast,generic,1,False,class_081
train_003894,train/images.npz,3894,domain_07,ct,brightness,generic,1,False,class_039
train_003895,train/images.npz,3895,domain_09,3d_projection,none,generic,0,False,class_062
train_003896,train/images.npz,3896,domain_13,retinal,brightness,generic,1,False,class_095
train_003897,train/images.npz,3897,domain_08,ct,brightness,generic,1,False,class_048
train_003898,train/images.npz,3898,domain_11,microscopy,brightness,generic,1,False,class_081
train_003899,train/images.npz,3899,domain_07,ct,contrast,generic,1,False,class_044
train_003900,train/images.npz,3900,domain_12,xray,brightness,generic,1,False,class_089
train_003901,train/images.npz,3901,domain_15,microscopy,contrast,generic,1,False,class_100
train_003902,train/images.npz,3902,domain_05,3d_projection,brightness,generic,1,False,class_030
train_003903,train/images.npz,3903,domain_10,ct,none,generic,0,False,class_074
train_003904,train/images.npz,3904,domain_06,retinal,blur,generic,1,False,class_034
train_003905,train/images.npz,3905,domain_10,ct,none,generic,0,False,class_069
train_003906,train/images.npz,3906,domain_01,microscopy,none,generic,0,False,class_009
train_003907,train/images.npz,3907,domain_07,ct,contrast,generic,2,False,class_044
train_003908,train/images.npz,3908,domain_07,ct,contrast,generic,1,False,class_044
train_003909,train/images.npz,3909,domain_07,ct,noise,generic,2,False,class_046
train_003910,train/images.npz,3910,domain_03,xray,none,generic,0,False,class_017
train_003911,train/images.npz,3911,domain_11,microscopy,noise,generic,1,False,class_084
train_003912,train/images.npz,3912,domain_02,ultrasound,contrast,generic,1,False,class_011
train_003913,train/images.npz,3913,domain_10,ct,none,generic,0,False,class_072
train_003914,train/images.npz,3914,domain_06,retinal,blur,generic,1,False,class_034
train_003915,train/images.npz,3915,domain_03,xray,none,generic,0,False,class_019
train_003916,train/images.npz,3916,domain_01,microscopy,noise,generic,2,False,class_005
train_003917,train/images.npz,3917,domain_08,ct,none,generic,0,False,class_056
train_003918,train/images.npz,3918,domain_11,microscopy,none,generic,0,False,class_088
train_003919,train/images.npz,3919,domain_07,ct,none,generic,0,False,class_044
train_003920,train/images.npz,3920,domain_07,ct,none,generic,0,False,class_039
train_003921,train/images.npz,3921,domain_04,3d_projection,contrast,generic,1,False,class_028
train_003922,train/images.npz,3922,domain_01,microscopy,none,generic,0,False,class_009
train_003923,train/images.npz,3923,domain_11,microscopy,noise,generic,2,False,class_081
train_003924,train/images.npz,3924,domain_08,ct,blur,generic,1,False,class_047
train_003925,train/images.npz,3925,domain_08,ct,brightness,generic,1,False,class_048
train_003926,train/images.npz,3926,domain_10,ct,none,generic,0,False,class_071
train_003927,train/images.npz,3927,domain_13,retinal,none,generic,0,False,class_092
train_003928,train/images.npz,3928,domain_06,retinal,contrast,generic,1,False,class_032
train_003929,train/images.npz,3929,domain_13,retinal,noise,generic,1,False,class_091
train_003930,train/images.npz,3930,domain_08,ct,contrast,generic,1,False,class_050
train_003931,train/images.npz,3931,domain_14,3d_projection,brightness,generic,1,False,class_097
train_003932,train/images.npz,3932,domain_13,retinal,none,generic,0,False,class_091
train_003933,train/images.npz,3933,domain_06,retinal,noise,generic,2,False,class_035
train_003934,train/images.npz,3934,domain_11,microscopy,none,generic,0,False,class_088
train_003935,train/images.npz,3935,domain_03,xray,none,generic,0,False,class_013
train_003936,train/images.npz,3936,domain_08,ct,brightness,generic,1,False,class_054
train_003937,train/images.npz,3937,domain_15,microscopy,none,generic,0,False,class_099
train_003938,train/images.npz,3938,domain_07,ct,blur,generic,1,False,class_036
train_003939,train/images.npz,3939,domain_01,microscopy,noise,generic,1,False,class_006
train_003940,train/images.npz,3940,domain_11,microscopy,none,generic,0,False,class_082
train_003941,train/images.npz,3941,domain_10,ct,none,generic,0,False,class_074
train_003942,train/images.npz,3942,domain_03,xray,none,generic,0,False,class_023
train_003943,train/images.npz,3943,domain_00,3d_projection,none,generic,0,False,class_001
train_003944,train/images.npz,3944,domain_11,microscopy,noise,generic,1,False,class_086
train_003945,train/images.npz,3945,domain_03,xray,brightness,generic,1,False,class_015
train_003946,train/images.npz,3946,domain_08,ct,none,generic,0,False,class_055
train_003947,train/images.npz,3947,domain_07,ct,blur,generic,1,False,class_045
train_003948,train/images.npz,3948,domain_00,3d_projection,none,generic,0,False,class_000
train_003949,train/images.npz,3949,domain_11,microscopy,brightness,generic,2,False,class_086
train_003950,train/images.npz,3950,domain_08,ct,none,generic,0,False,class_052
train_003951,train/images.npz,3951,domain_09,3d_projection,brightness,generic,2,False,class_065
train_003952,train/images.npz,3952,domain_03,xray,contrast,generic,1,False,class_019
train_003953,train/images.npz,3953,domain_07,ct,none,generic,0,False,class_042
train_003954,train/images.npz,3954,domain_09,3d_projection,noise,generic,2,False,class_060
train_003955,train/images.npz,3955,domain_08,ct,blur,generic,1,False,class_048
train_003956,train/images.npz,3956,domain_00,3d_projection,noise,generic,1,False,class_001
train_003957,train/images.npz,3957,domain_11,microscopy,none,generic,0,False,class_087
train_003958,train/images.npz,3958,domain_10,ct,brightness,generic,1,False,class_079
train_003959,train/images.npz,3959,domain_10,ct,blur,generic,1,False,class_070
train_003960,train/images.npz,3960,domain_03,xray,blur,generic,1,False,class_023
train_003961,train/images.npz,3961,domain_03,xray,none,generic,0,False,class_022
train_003962,train/images.npz,3962,domain_07,ct,contrast,generic,1,False,class_044
train_003963,train/images.npz,3963,domain_10,ct,none,generic,0,False,class_074
train_003964,train/images.npz,3964,domain_15,microscopy,none,generic,0,False,class_104
train_003965,train/images.npz,3965,domain_13,retinal,contrast,generic,1,False,class_095
train_003966,train/images.npz,3966,domain_01,microscopy,none,generic,0,False,class_007
train_003967,train/images.npz,3967,domain_03,xray,none,generic,0,False,class_015
train_003968,train/images.npz,3968,domain_09,3d_projection,contrast,generic,1,False,class_058
train_003969,train/images.npz,3969,domain_03,xray,none,generic,0,False,class_012
train_003970,train/images.npz,3970,domain_01,microscopy,contrast,generic,2,False,class_007
train_003971,train/images.npz,3971,domain_08,ct,blur,generic,1,False,class_056
train_003972,train/images.npz,3972,domain_13,retinal,brightness,generic,1,False,class_095
train_003973,train/images.npz,3973,domain_09,3d_projection,none,generic,0,False,class_059
train_003974,train/images.npz,3974,domain_05,3d_projection,blur,generic,1,False,class_031
train_003975,train/images.npz,3975,domain_01,microscopy,noise,generic,2,False,class_006
train_003976,train/images.npz,3976,domain_03,xray,contrast,generic,1,False,class_019
train_003977,train/images.npz,3977,domain_08,ct,none,generic,0,False,class_056
train_003978,train/images.npz,3978,domain_11,microscopy,none,generic,0,False,class_081
train_003979,train/images.npz,3979,domain_10,ct,none,generic,0,False,class_070
train_003980,train/images.npz,3980,domain_10,ct,none,generic,0,False,class_071
train_003981,train/images.npz,3981,domain_03,xray,none,generic,0,False,class_019
train_003982,train/images.npz,3982,domain_02,ultrasound,none,generic,0,False,class_011
train_003983,train/images.npz,3983,domain_09,3d_projection,noise,generic,1,False,class_064
train_003984,train/images.npz,3984,domain_07,ct,none,generic,0,False,class_043
train_003985,train/images.npz,3985,domain_03,xray,brightness,generic,1,False,class_022
train_003986,train/images.npz,3986,domain_06,retinal,blur,generic,1,False,class_032
train_003987,train/images.npz,3987,domain_08,ct,brightness,generic,1,False,class_054
train_003988,train/images.npz,3988,domain_00,3d_projection,blur,generic,1,False,class_001
train_003989,train/images.npz,3989,domain_03,xray,brightness,generic,1,False,class_013
train_003990,train/images.npz,3990,domain_07,ct,none,generic,0,False,class_041
train_003991,train/images.npz,3991,domain_00,3d_projection,contrast,generic,1,False,class_001
train_003992,train/images.npz,3992,domain_11,microscopy,blur,generic,2,False,class_087
train_003993,train/images.npz,3993,domain_01,microscopy,none,generic,0,False,class_003
train_003994,train/images.npz,3994,domain_11,microscopy,contrast,generic,1,False,class_082
train_003995,train/images.npz,3995,domain_07,ct,none,generic,0,False,class_044
train_003996,train/images.npz,3996,domain_10,ct,none,generic,0,False,class_070
train_003997,train/images.npz,3997,domain_08,ct,none,generic,0,False,class_047
train_003998,train/images.npz,3998,domain_06,retinal,none,generic,0,False,class_032
train_003999,train/images.npz,3999,domain_03,xray,noise,generic,2,False,class_018
train_004000,train/images.npz,4000,domain_03,xray,noise,generic,1,False,class_026
train_004001,train/images.npz,4001,domain_08,ct,none,generic,0,False,class_054
train_004002,train/images.npz,4002,domain_10,ct,noise,generic,1,False,class_072
train_004003,train/images.npz,4003,domain_02,ultrasound,noise,generic,2,False,class_011
train_004004,train/images.npz,4004,domain_06,retinal,blur,generic,1,False,class_035
train_004005,train/images.npz,4005,domain_14,3d_projection,none,generic,0,False,class_097
train_004006,train/images.npz,4006,domain_08,ct,none,generic,0,False,class_050
train_004007,train/images.npz,4007,domain_08,ct,none,generic,0,False,class_047
train_004008,train/images.npz,4008,domain_15,microscopy,blur,generic,1,False,class_105
train_004009,train/images.npz,4009,domain_03,xray,brightness,generic,1,False,class_012
train_004010,train/images.npz,4010,domain_00,3d_projection,none,generic,0,False,class_001
train_004011,train/images.npz,4011,domain_10,ct,none,generic,0,False,class_074
train_004012,train/images.npz,4012,domain_03,xray,none,generic,0,False,class_025
train_004013,train/images.npz,4013,domain_08,ct,none,generic,0,False,class_056
train_004014,train/images.npz,4014,domain_05,3d_projection,none,generic,0,False,class_031
train_004015,train/images.npz,4015,domain_04,3d_projection,blur,generic,1,False,class_029
train_004016,train/images.npz,4016,domain_07,ct,none,generic,0,False,class_044
train_004017,train/images.npz,4017,domain_08,ct,noise,generic,1,False,class_054
train_004018,train/images.npz,4018,domain_07,ct,contrast,generic,1,False,class_036
train_004019,train/images.npz,4019,domain_03,xray,none,generic,0,False,class_026
train_004020,train/images.npz,4020,domain_08,ct,none,generic,0,False,class_050
train_004021,train/images.npz,4021,domain_14,3d_projection,none,generic,0,False,class_096
train_004022,train/images.npz,4022,domain_16,3d_projection,none,generic,0,False,class_107
train_004023,train/images.npz,4023,domain_03,xray,none,generic,0,False,class_013
train_004024,train/images.npz,4024,domain_07,ct,noise,generic,1,False,class_039
train_004025,train/images.npz,4025,domain_08,ct,none,generic,0,False,class_055
train_004026,train/images.npz,4026,domain_08,ct,none,generic,0,False,class_053
train_004027,train/images.npz,4027,domain_07,ct,brightness,generic,2,False,class_040
train_004028,train/images.npz,4028,domain_12,xray,contrast,generic,2,False,class_090
train_004029,train/images.npz,4029,domain_12,xray,noise,generic,1,False,class_089
train_004030,train/images.npz,4030,domain_07,ct,contrast,generic,2,False,class_045
train_004031,train/images.npz,4031,domain_03,xray,contrast,generic,2,False,class_013
train_004032,train/images.npz,4032,domain_03,xray,contrast,generic,1,False,class_026
train_004033,train/images.npz,4033,domain_07,ct,none,generic,0,False,class_043
train_004034,train/images.npz,4034,domain_07,ct,none,generic,0,False,class_037
train_004035,train/images.npz,4035,domain_10,ct,brightness,generic,1,False,class_072
train_004036,train/images.npz,4036,domain_11,microscopy,brightness,generic,1,False,class_081
train_004037,train/images.npz,4037,domain_03,xray,noise,generic,2,False,class_017
train_004038,train/images.npz,4038,domain_03,xray,none,generic,0,False,class_025
train_004039,train/images.npz,4039,domain_08,ct,none,generic,0,False,class_052
train_004040,train/images.npz,4040,domain_10,ct,contrast,generic,1,False,class_074
train_004041,train/images.npz,4041,domain_04,3d_projection,noise,generic,2,False,class_028
train_004042,train/images.npz,4042,domain_03,xray,none,generic,0,False,class_020
train_004043,train/images.npz,4043,domain_09,3d_projection,none,generic,0,False,class_064
train_004044,train/images.npz,4044,domain_06,retinal,none,generic,0,False,class_034
train_004045,train/images.npz,4045,domain_03,xray,none,generic,0,False,class_016
train_004046,train/images.npz,4046,domain_09,3d_projection,blur,generic,1,False,class_065
train_004047,train/images.npz,4047,domain_03,xray,none,generic,0,False,class_016
train_004048,train/images.npz,4048,domain_04,3d_projection,contrast,generic,1,False,class_028
train_004049,train/images.npz,4049,domain_10,ct,blur,generic,2,False,class_073
train_004050,train/images.npz,4050,domain_01,microscopy,none,generic,0,False,class_005
train_004051,train/images.npz,4051,domain_02,ultrasound,none,generic,0,False,class_010
train_004052,train/images.npz,4052,domain_14,3d_projection,noise,generic,1,False,class_097
train_004053,train/images.npz,4053,domain_03,xray,none,generic,0,False,class_026
train_004054,train/images.npz,4054,domain_15,microscopy,none,generic,0,False,class_101
train_004055,train/images.npz,4055,domain_10,ct,noise,generic,2,False,class_072
train_004056,train/images.npz,4056,domain_08,ct,none,generic,0,False,class_047
train_004057,train/images.npz,4057,domain_09,3d_projection,none,generic,0,False,class_065
train_004058,train/images.npz,4058,domain_07,ct,contrast,generic,2,False,class_036
train_004059,train/images.npz,4059,domain_16,3d_projection,none,generic,0,False,class_106
train_004060,train/images.npz,4060,domain_07,ct,none,generic,0,False,class_046
train_004061,train/images.npz,4061,domain_09,3d_projection,blur,generic,2,False,class_068
train_004062,train/images.npz,4062,domain_15,microscopy,blur,generic,1,False,class_100
train_004063,train/images.npz,4063,domain_07,ct,none,generic,0,False,class_037
train_004064,train/images.npz,4064,domain_04,3d_projection,none,generic,0,False,class_029
train_004065,train/images.npz,4065,domain_11,microscopy,contrast,generic,1,False,class_081
train_004066,train/images.npz,4066,domain_03,xray,none,generic,0,False,class_015
train_004067,train/images.npz,4067,domain_08,ct,none,generic,0,False,class_054
train_004068,train/images.npz,4068,domain_03,xray,none,generic,0,False,class_014
train_004069,train/images.npz,4069,domain_06,retinal,none,generic,0,False,class_034
train_004070,train/images.npz,4070,domain_06,retinal,none,generic,0,False,class_033
train_004071,train/images.npz,4071,domain_10,ct,noise,generic,2,False,class_074
train_004072,train/images.npz,4072,domain_06,retinal,blur,generic,1,False,class_035
train_004073,train/images.npz,4073,domain_10,ct,contrast,generic,1,False,class_071
train_004074,train/images.npz,4074,domain_15,microscopy,none,generic,0,False,class_101
train_004075,train/images.npz,4075,domain_09,3d_projection,noise,generic,1,False,class_063
train_004076,train/images.npz,4076,domain_15,microscopy,contrast,generic,2,False,class_101
train_004077,train/images.npz,4077,domain_00,3d_projection,brightness,generic,1,False,class_000
train_004078,train/images.npz,4078,domain_03,xray,brightness,generic,2,False,class_019
train_004079,train/images.npz,4079,domain_10,ct,none,generic,0,False,class_077
train_004080,train/images.npz,4080,domain_07,ct,brightness,generic,1,False,class_040
train_004081,train/images.npz,4081,domain_01,microscopy,noise,generic,1,False,class_005
train_004082,train/images.npz,4082,domain_15,microscopy,noise,generic,1,False,class_104
train_004083,train/images.npz,4083,domain_15,microscopy,none,generic,0,False,class_103
train_004084,train/images.npz,4084,domain_07,ct,none,generic,0,False,class_039
train_004085,train/images.npz,4085,domain_00,3d_projection,contrast,generic,2,False,class_001
train_004086,train/images.npz,4086,domain_06,retinal,noise,generic,1,False,class_033
train_004087,train/images.npz,4087,domain_08,ct,none,generic,0,False,class_047
train_004088,train/images.npz,4088,domain_10,ct,none,generic,0,False,class_071
train_004089,train/images.npz,4089,domain_15,microscopy,contrast,generic,1,False,class_102
train_004090,train/images.npz,4090,domain_15,microscopy,none,generic,0,False,class_103
train_004091,train/images.npz,4091,domain_01,microscopy,none,generic,0,False,class_008
train_004092,train/images.npz,4092,domain_01,microscopy,none,generic,0,False,class_009
train_004093,train/images.npz,4093,domain_02,ultrasound,none,generic,0,False,class_011
train_004094,train/images.npz,4094,domain_10,ct,noise,generic,1,False,class_069
train_004095,train/images.npz,4095,domain_14,3d_projection,blur,generic,2,False,class_097
train_004096,train/images.npz,4096,domain_07,ct,contrast,generic,1,False,class_040
train_004097,train/images.npz,4097,domain_01,microscopy,none,generic,0,False,class_006
train_004098,train/images.npz,4098,domain_08,ct,brightness,generic,1,False,class_047
train_004099,train/images.npz,4099,domain_06,retinal,none,generic,0,False,class_035
train_004100,train/images.npz,4100,domain_01,microscopy,contrast,generic,1,False,class_003
train_004101,train/images.npz,4101,domain_01,microscopy,none,generic,0,False,class_002
train_004102,train/images.npz,4102,domain_10,ct,none,generic,0,False,class_069
train_004103,train/images.npz,4103,domain_13,retinal,contrast,generic,1,False,class_093
train_004104,train/images.npz,4104,domain_09,3d_projection,brightness,generic,1,False,class_064
train_004105,train/images.npz,4105,domain_07,ct,none,generic,0,False,class_039
train_004106,train/images.npz,4106,domain_03,xray,contrast,generic,1,False,class_014
train_004107,train/images.npz,4107,domain_03,xray,brightness,generic,1,False,class_017
train_004108,train/images.npz,4108,domain_13,retinal,blur,generic,1,False,class_095
train_004109,train/images.npz,4109,domain_07,ct,noise,generic,2,False,class_042
train_004110,train/images.npz,4110,domain_10,ct,none,generic,0,False,class_073
train_004111,train/images.npz,4111,domain_11,microscopy,contrast,generic,1,False,class_088
train_004112,train/images.npz,4112,domain_05,3d_projection,none,generic,0,False,class_030
train_004113,train/images.npz,4113,domain_01,microscopy,none,generic,0,False,class_003
train_004114,train/images.npz,4114,domain_08,ct,none,generic,0,False,class_056
train_004115,train/images.npz,4115,domain_04,3d_projection,brightness,generic,2,False,class_029
train_004116,train/images.npz,4116,domain_08,ct,none,generic,0,False,class_053
train_004117,train/images.npz,4117,domain_08,ct,contrast,generic,2,False,class_051
train_004118,train/images.npz,4118,domain_13,retinal,brightness,generic,1,False,class_094
train_004119,train/images.npz,4119,domain_03,xray,none,generic,0,False,class_024
train_004120,train/images.npz,4120,domain_10,ct,brightness,generic,1,False,class_077
train_004121,train/images.npz,4121,domain_08,ct,contrast,generic,1,False,class_053
train_004122,train/images.npz,4122,domain_04,3d_projection,contrast,generic,1,False,class_029
train_004123,train/images.npz,4123,domain_10,ct,noise,generic,1,False,class_074
train_004124,train/images.npz,4124,domain_03,xray,brightness,generic,1,False,class_022
train_004125,train/images.npz,4125,domain_07,ct,none,generic,0,False,class_046
train_004126,train/images.npz,4126,domain_13,retinal,none,generic,0,False,class_093
train_004127,train/images.npz,4127,domain_03,xray,none,generic,0,False,class_022
train_004128,train/images.npz,4128,domain_15,microscopy,none,generic,0,False,class_099
train_004129,train/images.npz,4129,domain_07,ct,none,generic,0,False,class_042
train_004130,train/images.npz,4130,domain_09,3d_projection,contrast,generic,1,False,class_068
train_004131,train/images.npz,4131,domain_03,xray,contrast,generic,2,False,class_018
train_004132,train/images.npz,4132,domain_10,ct,noise,generic,1,False,class_075
train_004133,train/images.npz,4133,domain_13,retinal,none,generic,0,False,class_095
train_004134,train/images.npz,4134,domain_07,ct,noise,generic,1,False,class_038
train_004135,train/images.npz,4135,domain_09,3d_projection,none,generic,0,False,class_059
train_004136,train/images.npz,4136,domain_15,microscopy,none,generic,0,False,class_105
train_004137,train/images.npz,4137,domain_03,xray,none,generic,0,False,class_019
train_004138,train/images.npz,4138,domain_03,xray,none,generic,0,False,class_020
train_004139,train/images.npz,4139,domain_04,3d_projection,none,generic,0,False,class_029
train_004140,train/images.npz,4140,domain_02,ultrasound,noise,generic,2,False,class_011
train_004141,train/images.npz,4141,domain_07,ct,contrast,generic,2,False,class_044
train_004142,train/images.npz,4142,domain_07,ct,brightness,generic,1,False,class_039
train_004143,train/images.npz,4143,domain_01,microscopy,none,generic,0,False,class_003
train_004144,train/images.npz,4144,domain_08,ct,none,generic,0,False,class_055
train_004145,train/images.npz,4145,domain_00,3d_projection,brightness,generic,2,False,class_001
train_004146,train/images.npz,4146,domain_11,microscopy,brightness,generic,1,False,class_082
train_004147,train/images.npz,4147,domain_13,retinal,none,generic,0,False,class_095
train_004148,train/images.npz,4148,domain_03,xray,noise,generic,1,False,class_015
train_004149,train/images.npz,4149,domain_03,xray,none,generic,0,False,class_012
train_004150,train/images.npz,4150,domain_08,ct,blur,generic,1,False,class_053
train_004151,train/images.npz,4151,domain_09,3d_projection,noise,generic,1,False,class_060
train_004152,train/images.npz,4152,domain_03,xray,noise,generic,1,False,class_024
train_004153,train/images.npz,4153,domain_10,ct,blur,generic,2,False,class_069
train_004154,train/images.npz,4154,domain_15,microscopy,brightness,generic,2,False,class_100
train_004155,train/images.npz,4155,domain_11,microscopy,none,generic,0,False,class_080
train_004156,train/images.npz,4156,domain_08,ct,none,generic,0,False,class_050
train_004157,train/images.npz,4157,domain_11,microscopy,contrast,generic,1,False,class_080
train_004158,train/images.npz,4158,domain_06,retinal,none,generic,0,False,class_032
train_004159,train/images.npz,4159,domain_08,ct,contrast,generic,1,False,class_057
train_004160,train/images.npz,4160,domain_03,xray,noise,generic,1,False,class_012
train_004161,train/images.npz,4161,domain_06,retinal,noise,generic,1,False,class_032
train_004162,train/images.npz,4162,domain_07,ct,none,generic,0,False,class_039
train_004163,train/images.npz,4163,domain_07,ct,brightness,generic,1,False,class_037
train_004164,train/images.npz,4164,domain_03,xray,noise,generic,1,False,class_014
train_004165,train/images.npz,4165,domain_01,microscopy,noise,generic,1,False,class_008
train_004166,train/images.npz,4166,domain_07,ct,noise,generic,2,False,class_037
train_004167,train/images.npz,4167,domain_10,ct,none,generic,0,False,class_077
train_004168,train/images.npz,4168,domain_15,microscopy,none,generic,0,False,class_105
train_004169,train/images.npz,4169,domain_11,microscopy,noise,generic,1,False,class_085
train_004170,train/images.npz,4170,domain_03,xray,contrast,generic,2,False,class_023
train_004171,train/images.npz,4171,domain_09,3d_projection,blur,generic,1,False,class_066
train_004172,train/images.npz,4172,domain_14,3d_projection,noise,generic,1,False,class_097
train_004173,train/images.npz,4173,domain_13,retinal,none,generic,0,False,class_094
train_004174,train/images.npz,4174,domain_03,xray,none,generic,0,False,class_015
train_004175,train/images.npz,4175,domain_03,xray,contrast,generic,2,False,class_026
train_004176,train/images.npz,4176,domain_09,3d_projection,noise,generic,1,False,class_064
train_004177,train/images.npz,4177,domain_11,microscopy,none,generic,0,False,class_087
train_004178,train/images.npz,4178,domain_16,3d_projection,contrast,generic,1,False,class_106
train_004179,train/images.npz,4179,domain_10,ct,none,generic,0,False,class_078
train_004180,train/images.npz,4180,domain_03,xray,none,generic,0,False,class_019
train_004181,train/images.npz,4181,domain_06,retinal,contrast,generic,1,False,class_032
train_004182,train/images.npz,4182,domain_07,ct,contrast,generic,1,False,class_042
train_004183,train/images.npz,4183,domain_11,microscopy,none,generic,0,False,class_087
train_004184,train/images.npz,4184,domain_11,microscopy,brightness,generic,1,False,class_084
train_004185,train/images.npz,4185,domain_10,ct,none,generic,0,False,class_074
train_004186,train/images.npz,4186,domain_08,ct,none,generic,0,False,class_048
train_004187,train/images.npz,4187,domain_09,3d_projection,none,generic,0,False,class_063
train_004188,train/images.npz,4188,domain_09,3d_projection,noise,generic,2,False,class_068
train_004189,train/images.npz,4189,domain_08,ct,none,generic,0,False,class_055
train_004190,train/images.npz,4190,domain_07,ct,noise,generic,1,False,class_037
train_004191,train/images.npz,4191,domain_16,3d_projection,brightness,generic,1,False,class_107
train_004192,train/images.npz,4192,domain_01,microscopy,contrast,generic,1,False,class_007
train_004193,train/images.npz,4193,domain_05,3d_projection,noise,generic,1,False,class_031
train_004194,train/images.npz,4194,domain_13,retinal,none,generic,0,False,class_093
train_004195,train/images.npz,4195,domain_10,ct,none,generic,0,False,class_074
train_004196,train/images.npz,4196,domain_00,3d_projection,none,generic,0,False,class_000
train_004197,train/images.npz,4197,domain_09,3d_projection,noise,generic,1,False,class_067
train_004198,train/images.npz,4198,domain_07,ct,none,generic,0,False,class_044
train_004199,train/images.npz,4199,domain_15,microscopy,noise,generic,1,False,class_098
train_004200,train/images.npz,4200,domain_03,xray,none,generic,0,False,class_022
train_004201,train/images.npz,4201,domain_11,microscopy,brightness,generic,1,False,class_087
train_004202,train/images.npz,4202,domain_01,microscopy,none,generic,0,False,class_002
train_004203,train/images.npz,4203,domain_13,retinal,brightness,generic,1,False,class_092
train_004204,train/images.npz,4204,domain_07,ct,none,generic,0,False,class_042
train_004205,train/images.npz,4205,domain_03,xray,brightness,generic,1,False,class_021
train_004206,train/images.npz,4206,domain_10,ct,none,generic,0,False,class_072
train_004207,train/images.npz,4207,domain_03,xray,none,generic,0,False,class_014
train_004208,train/images.npz,4208,domain_03,xray,none,generic,0,False,class_012
train_004209,train/images.npz,4209,domain_10,ct,none,generic,0,False,class_072
train_004210,train/images.npz,4210,domain_15,microscopy,none,generic,0,False,class_100
train_004211,train/images.npz,4211,domain_03,xray,contrast,generic,1,False,class_014
train_004212,train/images.npz,4212,domain_13,retinal,brightness,generic,1,False,class_092
train_004213,train/images.npz,4213,domain_15,microscopy,contrast,generic,2,False,class_103
train_004214,train/images.npz,4214,domain_04,3d_projection,noise,generic,1,False,class_029
train_004215,train/images.npz,4215,domain_10,ct,none,generic,0,False,class_071
train_004216,train/images.npz,4216,domain_10,ct,noise,generic,1,False,class_074
train_004217,train/images.npz,4217,domain_08,ct,none,generic,0,False,class_052
train_004218,train/images.npz,4218,domain_10,ct,contrast,generic,1,False,class_075
train_004219,train/images.npz,4219,domain_04,3d_projection,none,generic,0,False,class_029
train_004220,train/images.npz,4220,domain_15,microscopy,noise,generic,1,False,class_100
train_004221,train/images.npz,4221,domain_12,xray,contrast,generic,1,False,class_090
train_004222,train/images.npz,4222,domain_03,xray,none,generic,0,False,class_023
train_004223,train/images.npz,4223,domain_03,xray,none,generic,0,False,class_019
train_004224,train/images.npz,4224,domain_07,ct,none,generic,0,False,class_046
train_004225,train/images.npz,4225,domain_08,ct,none,generic,0,False,class_047
train_004226,train/images.npz,4226,domain_01,microscopy,contrast,generic,1,False,class_008
train_004227,train/images.npz,4227,domain_15,microscopy,none,generic,0,False,class_100
train_004228,train/images.npz,4228,domain_09,3d_projection,brightness,generic,1,False,class_060
train_004229,train/images.npz,4229,domain_08,ct,none,generic,0,False,class_049
train_004230,train/images.npz,4230,domain_09,3d_projection,none,generic,0,False,class_067
train_004231,train/images.npz,4231,domain_12,xray,none,generic,0,False,class_089
train_004232,train/images.npz,4232,domain_10,ct,none,generic,0,False,class_077
train_004233,train/images.npz,4233,domain_10,ct,contrast,generic,1,False,class_076
train_004234,train/images.npz,4234,domain_01,microscopy,none,generic,0,False,class_007
train_004235,train/images.npz,4235,domain_03,xray,none,generic,0,False,class_020
train_004236,train/images.npz,4236,domain_03,xray,contrast,generic,1,False,class_018
train_004237,train/images.npz,4237,domain_07,ct,noise,generic,1,False,class_041
train_004238,train/images.npz,4238,domain_10,ct,blur,generic,1,False,class_074
train_004239,train/images.npz,4239,domain_13,retinal,noise,generic,1,False,class_095
train_004240,train/images.npz,4240,domain_01,microscopy,none,generic,0,False,class_003
train_004241,train/images.npz,4241,domain_15,microscopy,noise,generic,1,False,class_098
train_004242,train/images.npz,4242,domain_08,ct,blur,generic,1,False,class_056
train_004243,train/images.npz,4243,domain_11,microscopy,noise,generic,1,False,class_080
train_004244,train/images.npz,4244,domain_08,ct,noise,generic,2,False,class_057
train_004245,train/images.npz,4245,domain_07,ct,none,generic,0,False,class_043
train_004246,train/images.npz,4246,domain_16,3d_projection,brightness,generic,2,False,class_107
train_004247,train/images.npz,4247,domain_08,ct,blur,generic,1,False,class_050
train_004248,train/images.npz,4248,domain_00,3d_projection,blur,generic,2,False,class_000
train_004249,train/images.npz,4249,domain_09,3d_projection,none,generic,0,False,class_058
train_004250,train/images.npz,4250,domain_00,3d_projection,contrast,generic,1,False,class_001
train_004251,train/images.npz,4251,domain_01,microscopy,contrast,generic,2,False,class_004
train_004252,train/images.npz,4252,domain_00,3d_projection,brightness,generic,1,False,class_000
train_004253,train/images.npz,4253,domain_08,ct,none,generic,0,False,class_051
train_004254,train/images.npz,4254,domain_08,ct,none,generic,0,False,class_052
train_004255,train/images.npz,4255,domain_11,microscopy,none,generic,0,False,class_087
train_004256,train/images.npz,4256,domain_09,3d_projection,contrast,generic,1,False,class_063
train_004257,train/images.npz,4257,domain_03,xray,none,generic,0,False,class_015
train_004258,train/images.npz,4258,domain_07,ct,none,generic,0,False,class_039
train_004259,train/images.npz,4259,domain_03,xray,blur,generic,2,False,class_026
train_004260,train/images.npz,4260,domain_09,3d_projection,none,generic,0,False,class_068
train_004261,train/images.npz,4261,domain_07,ct,none,generic,0,False,class_046
train_004262,train/images.npz,4262,domain_09,3d_projection,blur,generic,1,False,class_068
train_004263,train/images.npz,4263,domain_09,3d_projection,none,generic,0,False,class_061
train_004264,train/images.npz,4264,domain_00,3d_projection,noise,generic,1,False,class_001
train_004265,train/images.npz,4265,domain_10,ct,none,generic,0,False,class_079
train_004266,train/images.npz,4266,domain_15,microscopy,contrast,generic,2,False,class_098
train_004267,train/images.npz,4267,domain_15,microscopy,brightness,generic,1,False,class_103
train_004268,train/images.npz,4268,domain_08,ct,contrast,generic,1,False,class_051
train_004269,train/images.npz,4269,domain_09,3d_projection,brightness,generic,1,False,class_067
train_004270,train/images.npz,4270,domain_15,microscopy,none,generic,0,False,class_102
train_004271,train/images.npz,4271,domain_01,microscopy,noise,generic,2,False,class_006
train_004272,train/images.npz,4272,domain_08,ct,noise,generic,2,False,class_051
train_004273,train/images.npz,4273,domain_08,ct,blur,generic,1,False,class_057
train_004274,train/images.npz,4274,domain_03,xray,none,generic,0,False,class_017
train_004275,train/images.npz,4275,domain_15,microscopy,none,generic,0,False,class_098
train_004276,train/images.npz,4276,domain_06,retinal,noise,generic,1,False,class_034
train_004277,train/images.npz,4277,domain_09,3d_projection,blur,generic,1,False,class_060
train_004278,train/images.npz,4278,domain_11,microscopy,brightness,generic,1,False,class_086
train_004279,train/images.npz,4279,domain_11,microscopy,none,generic,0,False,class_085
train_004280,train/images.npz,4280,domain_08,ct,blur,generic,1,False,class_054
train_004281,train/images.npz,4281,domain_07,ct,contrast,generic,2,False,class_038
train_004282,train/images.npz,4282,domain_01,microscopy,none,generic,0,False,class_002
train_004283,train/images.npz,4283,domain_01,microscopy,none,generic,0,False,class_002
train_004284,train/images.npz,4284,domain_16,3d_projection,contrast,generic,2,False,class_107
train_004285,train/images.npz,4285,domain_10,ct,blur,generic,1,False,class_070
train_004286,train/images.npz,4286,domain_05,3d_projection,blur,generic,2,False,class_030
train_004287,train/images.npz,4287,domain_10,ct,none,generic,0,False,class_069
train_004288,train/images.npz,4288,domain_01,microscopy,noise,generic,1,False,class_002
train_004289,train/images.npz,4289,domain_08,ct,noise,generic,1,False,class_051
train_004290,train/images.npz,4290,domain_03,xray,contrast,generic,1,False,class_026
train_004291,train/images.npz,4291,domain_13,retinal,none,generic,0,False,class_095
train_004292,train/images.npz,4292,domain_01,microscopy,contrast,generic,1,False,class_005
train_004293,train/images.npz,4293,domain_01,microscopy,brightness,generic,1,False,class_002
train_004294,train/images.npz,4294,domain_09,3d_projection,contrast,generic,2,False,class_058
train_004295,train/images.npz,4295,domain_13,retinal,none,generic,0,False,class_093
train_004296,train/images.npz,4296,domain_07,ct,contrast,generic,1,False,class_041
train_004297,train/images.npz,4297,domain_10,ct,noise,generic,1,False,class_069
train_004298,train/images.npz,4298,domain_15,microscopy,none,generic,0,False,class_099
train_004299,train/images.npz,4299,domain_01,microscopy,none,generic,0,False,class_003
train_004300,train/images.npz,4300,domain_00,3d_projection,contrast,generic,1,False,class_001
train_004301,train/images.npz,4301,domain_13,retinal,none,generic,0,False,class_094
train_004302,train/images.npz,4302,domain_03,xray,noise,generic,1,False,class_012
train_004303,train/images.npz,4303,domain_12,xray,none,generic,0,False,class_089
train_004304,train/images.npz,4304,domain_03,xray,noise,generic,1,False,class_020
train_004305,train/images.npz,4305,domain_07,ct,none,generic,0,False,class_036
train_004306,train/images.npz,4306,domain_15,microscopy,contrast,generic,1,False,class_102
train_004307,train/images.npz,4307,domain_10,ct,blur,generic,1,False,class_071
train_004308,train/images.npz,4308,domain_10,ct,noise,generic,1,False,class_070
train_004309,train/images.npz,4309,domain_03,xray,contrast,generic,1,False,class_026
train_004310,train/images.npz,4310,domain_09,3d_projection,none,generic,0,False,class_068
train_004311,train/images.npz,4311,domain_10,ct,none,generic,0,False,class_073
train_004312,train/images.npz,4312,domain_16,3d_projection,none,generic,0,False,class_107
train_004313,train/images.npz,4313,domain_01,microscopy,contrast,generic,2,False,class_007
train_004314,train/images.npz,4314,domain_15,microscopy,brightness,generic,1,False,class_102
train_004315,train/images.npz,4315,domain_15,microscopy,none,generic,0,False,class_103
train_004316,train/images.npz,4316,domain_10,ct,noise,generic,1,False,class_078
train_004317,train/images.npz,4317,domain_08,ct,none,generic,0,False,class_055
train_004318,train/images.npz,4318,domain_16,3d_projection,none,generic,0,False,class_106
train_004319,train/images.npz,4319,domain_13,retinal,contrast,generic,1,False,class_092
train_004320,train/images.npz,4320,domain_03,xray,noise,generic,2,False,class_018
train_004321,train/images.npz,4321,domain_08,ct,none,generic,0,False,class_053
train_004322,train/images.npz,4322,domain_04,3d_projection,none,generic,0,False,class_028
train_004323,train/images.npz,4323,domain_15,microscopy,blur,generic,1,False,class_101
train_004324,train/images.npz,4324,domain_03,xray,none,generic,0,False,class_024
train_004325,train/images.npz,4325,domain_00,3d_projection,none,generic,0,False,class_000
train_004326,train/images.npz,4326,domain_09,3d_projection,none,generic,0,False,class_059
train_004327,train/images.npz,4327,domain_15,microscopy,none,generic,0,False,class_102
train_004328,train/images.npz,4328,domain_09,3d_projection,blur,generic,1,False,class_063
train_004329,train/images.npz,4329,domain_15,microscopy,contrast,generic,1,False,class_105
train_004330,train/images.npz,4330,domain_15,microscopy,none,generic,0,False,class_103
train_004331,train/images.npz,4331,domain_01,microscopy,none,generic,0,False,class_007
train_004332,train/images.npz,4332,domain_03,xray,none,generic,0,False,class_012
train_004333,train/images.npz,4333,domain_06,retinal,contrast,generic,1,False,class_035
train_004334,train/images.npz,4334,domain_07,ct,none,generic,0,False,class_042
train_004335,train/images.npz,4335,domain_07,ct,contrast,generic,2,False,class_038
train_004336,train/images.npz,4336,domain_14,3d_projection,contrast,generic,1,False,class_096
train_004337,train/images.npz,4337,domain_15,microscopy,none,generic,0,False,class_105
train_004338,train/images.npz,4338,domain_15,microscopy,contrast,generic,2,False,class_104
train_004339,train/images.npz,4339,domain_12,xray,none,generic,0,False,class_090
train_004340,train/images.npz,4340,domain_07,ct,none,generic,0,False,class_039
train_004341,train/images.npz,4341,domain_03,xray,none,generic,0,False,class_012
train_004342,train/images.npz,4342,domain_11,microscopy,none,generic,0,False,class_081
train_004343,train/images.npz,4343,domain_15,microscopy,noise,generic,1,False,class_104
train_004344,train/images.npz,4344,domain_06,retinal,none,generic,0,False,class_033
train_004345,train/images.npz,4345,domain_10,ct,noise,generic,2,False,class_070
train_004346,train/images.npz,4346,domain_03,xray,noise,generic,1,False,class_012
train_004347,train/images.npz,4347,domain_09,3d_projection,brightness,generic,1,False,class_067
train_004348,train/images.npz,4348,domain_09,3d_projection,brightness,generic,1,False,class_061
train_004349,train/images.npz,4349,domain_11,microscopy,noise,generic,1,False,class_088
train_004350,train/images.npz,4350,domain_13,retinal,contrast,generic,1,False,class_092
train_004351,train/images.npz,4351,domain_09,3d_projection,contrast,generic,1,False,class_060
train_004352,train/images.npz,4352,domain_03,xray,contrast,generic,1,False,class_024
train_004353,train/images.npz,4353,domain_13,retinal,contrast,generic,2,False,class_094
train_004354,train/images.npz,4354,domain_08,ct,none,generic,0,False,class_056
train_004355,train/images.npz,4355,domain_10,ct,blur,generic,1,False,class_075
train_004356,train/images.npz,4356,domain_08,ct,contrast,generic,1,False,class_054
train_004357,train/images.npz,4357,domain_12,xray,none,generic,0,False,class_089
train_004358,train/images.npz,4358,domain_14,3d_projection,none,generic,0,False,class_097
train_004359,train/images.npz,4359,domain_13,retinal,none,generic,0,False,class_091
train_004360,train/images.npz,4360,domain_15,microscopy,none,generic,0,False,class_098
train_004361,train/images.npz,4361,domain_03,xray,brightness,generic,1,False,class_019
train_004362,train/images.npz,4362,domain_15,microscopy,brightness,generic,1,False,class_099
train_004363,train/images.npz,4363,domain_03,xray,brightness,generic,1,False,class_015
train_004364,train/images.npz,4364,domain_10,ct,none,generic,0,False,class_071
train_004365,train/images.npz,4365,domain_09,3d_projection,blur,generic,1,False,class_063
train_004366,train/images.npz,4366,domain_07,ct,none,generic,0,False,class_036
train_004367,train/images.npz,4367,domain_03,xray,none,generic,0,False,class_016
train_004368,train/images.npz,4368,domain_01,microscopy,noise,generic,2,False,class_008
train_004369,train/images.npz,4369,domain_09,3d_projection,none,generic,0,False,class_059
train_004370,train/images.npz,4370,domain_10,ct,none,generic,0,False,class_077
train_004371,train/images.npz,4371,domain_06,retinal,contrast,generic,1,False,class_035
train_004372,train/images.npz,4372,domain_08,ct,none,generic,0,False,class_057
train_004373,train/images.npz,4373,domain_12,xray,noise,generic,1,False,class_090
train_004374,train/images.npz,4374,domain_12,xray,contrast,generic,1,False,class_090
train_004375,train/images.npz,4375,domain_10,ct,none,generic,0,False,class_072
train_004376,train/images.npz,4376,domain_09,3d_projection,none,generic,0,False,class_060
train_004377,train/images.npz,4377,domain_08,ct,none,generic,0,False,class_056
train_004378,train/images.npz,4378,domain_01,microscopy,none,generic,0,False,class_009
train_004379,train/images.npz,4379,domain_06,retinal,noise,generic,1,False,class_033
train_004380,train/images.npz,4380,domain_10,ct,none,generic,0,False,class_075
train_004381,train/images.npz,4381,domain_03,xray,brightness,generic,1,False,class_012
train_004382,train/images.npz,4382,domain_08,ct,noise,generic,1,False,class_047
train_004383,train/images.npz,4383,domain_08,ct,none,generic,0,False,class_057
train_004384,train/images.npz,4384,domain_13,retinal,noise,generic,1,False,class_091
train_004385,train/images.npz,4385,domain_11,microscopy,none,generic,0,False,class_080
train_004386,train/images.npz,4386,domain_11,microscopy,none,generic,0,False,class_084
train_004387,train/images.npz,4387,domain_10,ct,none,generic,0,False,class_073
train_004388,train/images.npz,4388,domain_04,3d_projection,noise,generic,1,False,class_029
train_004389,train/images.npz,4389,domain_10,ct,blur,generic,1,False,class_074
train_004390,train/images.npz,4390,domain_07,ct,noise,generic,1,False,class_045
train_004391,train/images.npz,4391,domain_03,xray,noise,generic,1,False,class_021
train_004392,train/images.npz,4392,domain_01,microscopy,none,generic,0,False,class_008
train_004393,train/images.npz,4393,domain_15,microscopy,contrast,generic,2,False,class_100
train_004394,train/images.npz,4394,domain_15,microscopy,brightness,generic,1,False,class_102
train_004395,train/images.npz,4395,domain_07,ct,contrast,generic,2,False,class_046
train_004396,train/images.npz,4396,domain_03,xray,noise,generic,1,False,class_025
train_004397,train/images.npz,4397,domain_09,3d_projection,contrast,generic,1,False,class_062
train_004398,train/images.npz,4398,domain_08,ct,blur,generic,1,False,class_047
train_004399,train/images.npz,4399,domain_03,xray,none,generic,0,False,class_012
train_004400,train/images.npz,4400,domain_10,ct,noise,generic,1,False,class_079
train_004401,train/images.npz,4401,domain_10,ct,noise,generic,1,False,class_071
train_004402,train/images.npz,4402,domain_12,xray,none,generic,0,False,class_089
train_004403,train/images.npz,4403,domain_08,ct,noise,generic,2,False,class_051
train_004404,train/images.npz,4404,domain_03,xray,none,generic,0,False,class_018
train_004405,train/images.npz,4405,domain_03,xray,none,generic,0,False,class_018
train_004406,train/images.npz,4406,domain_07,ct,blur,generic,1,False,class_036
train_004407,train/images.npz,4407,domain_16,3d_projection,contrast,generic,1,False,class_106
train_004408,train/images.npz,4408,domain_03,xray,none,generic,0,False,class_016
train_004409,train/images.npz,4409,domain_03,xray,none,generic,0,False,class_024
train_004410,train/images.npz,4410,domain_10,ct,none,generic,0,False,class_071
train_004411,train/images.npz,4411,domain_02,ultrasound,none,generic,0,False,class_011
train_004412,train/images.npz,4412,domain_03,xray,none,generic,0,False,class_012
train_004413,train/images.npz,4413,domain_01,microscopy,none,generic,0,False,class_009
train_004414,train/images.npz,4414,domain_08,ct,none,generic,0,False,class_048
train_004415,train/images.npz,4415,domain_07,ct,contrast,generic,1,False,class_041
train_004416,train/images.npz,4416,domain_01,microscopy,noise,generic,1,False,class_008
train_004417,train/images.npz,4417,domain_07,ct,blur,generic,1,False,class_041
train_004418,train/images.npz,4418,domain_15,microscopy,contrast,generic,1,False,class_104
train_004419,train/images.npz,4419,domain_10,ct,noise,generic,1,False,class_070
train_004420,train/images.npz,4420,domain_03,xray,none,generic,0,False,class_012
train_004421,train/images.npz,4421,domain_11,microscopy,brightness,generic,1,False,class_081
train_004422,train/images.npz,4422,domain_07,ct,none,generic,0,False,class_044
train_004423,train/images.npz,4423,domain_09,3d_projection,contrast,generic,1,False,class_059
train_004424,train/images.npz,4424,domain_01,microscopy,noise,generic,2,False,class_008
train_004425,train/images.npz,4425,domain_05,3d_projection,blur,generic,1,False,class_031
train_004426,train/images.npz,4426,domain_03,xray,none,generic,0,False,class_021
train_004427,train/images.npz,4427,domain_16,3d_projection,contrast,generic,1,False,class_107
train_004428,train/images.npz,4428,domain_08,ct,brightness,generic,1,False,class_057
train_004429,train/images.npz,4429,domain_11,microscopy,none,generic,0,False,class_080
train_004430,train/images.npz,4430,domain_10,ct,none,generic,0,False,class_076
train_004431,train/images.npz,4431,domain_03,xray,contrast,generic,1,False,class_026
train_004432,train/images.npz,4432,domain_03,xray,none,generic,0,False,class_012
train_004433,train/images.npz,4433,domain_07,ct,none,generic,0,False,class_036
train_004434,train/images.npz,4434,domain_03,xray,contrast,generic,1,False,class_021
train_004435,train/images.npz,4435,domain_08,ct,brightness,generic,1,False,class_053
train_004436,train/images.npz,4436,domain_12,xray,noise,generic,1,False,class_090
train_004437,train/images.npz,4437,domain_01,microscopy,blur,generic,1,False,class_002
train_004438,train/images.npz,4438,domain_07,ct,none,generic,0,False,class_036
train_004439,train/images.npz,4439,domain_11,microscopy,blur,generic,2,False,class_087
train_004440,train/images.npz,4440,domain_07,ct,none,generic,0,False,class_039
train_004441,train/images.npz,4441,domain_15,microscopy,brightness,generic,2,False,class_103
train_004442,train/images.npz,4442,domain_04,3d_projection,none,generic,0,False,class_028
train_004443,train/images.npz,4443,domain_00,3d_projection,none,generic,0,False,class_001
train_004444,train/images.npz,4444,domain_10,ct,contrast,generic,1,False,class_069
train_004445,train/images.npz,4445,domain_09,3d_projection,contrast,generic,1,False,class_059
train_004446,train/images.npz,4446,domain_06,retinal,noise,generic,2,False,class_035
train_004447,train/images.npz,4447,domain_09,3d_projection,none,generic,0,False,class_059
train_004448,train/images.npz,4448,domain_06,retinal,none,generic,0,False,class_035
train_004449,train/images.npz,4449,domain_09,3d_projection,brightness,generic,1,False,class_062
train_004450,train/images.npz,4450,domain_11,microscopy,none,generic,0,False,class_088
train_004451,train/images.npz,4451,domain_15,microscopy,contrast,generic,1,False,class_103
train_004452,train/images.npz,4452,domain_03,xray,brightness,generic,1,False,class_019
train_004453,train/images.npz,4453,domain_15,microscopy,none,generic,0,False,class_098
train_004454,train/images.npz,4454,domain_16,3d_projection,contrast,generic,2,False,class_107
train_004455,train/images.npz,4455,domain_03,xray,none,generic,0,False,class_020
train_004456,train/images.npz,4456,domain_01,microscopy,none,generic,0,False,class_002
train_004457,train/images.npz,4457,domain_12,xray,none,generic,0,False,class_089
train_004458,train/images.npz,4458,domain_12,xray,none,generic,0,False,class_090
train_004459,train/images.npz,4459,domain_03,xray,none,generic,0,False,class_013
train_004460,train/images.npz,4460,domain_08,ct,noise,generic,2,False,class_054
train_004461,train/images.npz,4461,domain_03,xray,brightness,generic,1,False,class_023
train_004462,train/images.npz,4462,domain_00,3d_projection,none,generic,0,False,class_000
train_004463,train/images.npz,4463,domain_03,xray,contrast,generic,1,False,class_025
train_004464,train/images.npz,4464,domain_10,ct,none,generic,0,False,class_077
train_004465,train/images.npz,4465,domain_14,3d_projection,none,generic,0,False,class_097
train_004466,train/images.npz,4466,domain_13,retinal,noise,generic,1,False,class_095
train_004467,train/images.npz,4467,domain_07,ct,noise,generic,2,False,class_046
train_004468,train/images.npz,4468,domain_11,microscopy,contrast,generic,2,False,class_083
train_004469,train/images.npz,4469,domain_10,ct,none,generic,0,False,class_077
train_004470,train/images.npz,4470,domain_09,3d_projection,brightness,generic,1,False,class_063
train_004471,train/images.npz,4471,domain_12,xray,none,generic,0,False,class_089
train_004472,train/images.npz,4472,domain_11,microscopy,noise,generic,1,False,class_084
train_004473,train/images.npz,4473,domain_07,ct,none,generic,0,False,class_042
train_004474,train/images.npz,4474,domain_13,retinal,none,generic,0,False,class_093
train_004475,train/images.npz,4475,domain_13,retinal,contrast,generic,2,False,class_093
train_004476,train/images.npz,4476,domain_09,3d_projection,none,generic,0,False,class_060
train_004477,train/images.npz,4477,domain_07,ct,none,generic,0,False,class_042
train_004478,train/images.npz,4478,domain_05,3d_projection,contrast,generic,1,False,class_030
train_004479,train/images.npz,4479,domain_09,3d_projection,contrast,generic,1,False,class_067
train_004480,train/images.npz,4480,domain_10,ct,contrast,generic,1,False,class_074
train_004481,train/images.npz,4481,domain_08,ct,noise,generic,2,False,class_047
train_004482,train/images.npz,4482,domain_11,microscopy,noise,generic,2,False,class_088
train_004483,train/images.npz,4483,domain_10,ct,contrast,generic,1,False,class_069
train_004484,train/images.npz,4484,domain_03,xray,none,generic,0,False,class_023
train_004485,train/images.npz,4485,domain_11,microscopy,blur,generic,1,False,class_081
train_004486,train/images.npz,4486,domain_08,ct,contrast,generic,1,False,class_056
train_004487,train/images.npz,4487,domain_06,retinal,noise,generic,1,False,class_032
train_004488,train/images.npz,4488,domain_10,ct,blur,generic,1,False,class_076
train_004489,train/images.npz,4489,domain_13,retinal,none,generic,0,False,class_091
train_004490,train/images.npz,4490,domain_10,ct,none,generic,0,False,class_072
train_004491,train/images.npz,4491,domain_09,3d_projection,contrast,generic,1,False,class_065
train_004492,train/images.npz,4492,domain_03,xray,noise,generic,1,False,class_020
train_004493,train/images.npz,4493,domain_02,ultrasound,noise,generic,1,False,class_010
train_004494,train/images.npz,4494,domain_10,ct,none,generic,0,False,class_077
train_004495,train/images.npz,4495,domain_09,3d_projection,none,generic,0,False,class_067
train_004496,train/images.npz,4496,domain_07,ct,none,generic,0,False,class_037
train_004497,train/images.npz,4497,domain_03,xray,contrast,generic,1,False,class_012
train_004498,train/images.npz,4498,domain_15,microscopy,noise,generic,2,False,class_103
train_004499,train/images.npz,4499,domain_02,ultrasound,none,generic,0,False,class_011
train_004500,train/images.npz,4500,domain_09,3d_projection,none,generic,0,False,class_058
train_004501,train/images.npz,4501,domain_08,ct,contrast,generic,1,False,class_049
train_004502,train/images.npz,4502,domain_07,ct,none,generic,0,False,class_040
train_004503,train/images.npz,4503,domain_03,xray,none,generic,0,False,class_019
train_004504,train/images.npz,4504,domain_04,3d_projection,none,generic,0,False,class_029
train_004505,train/images.npz,4505,domain_16,3d_projection,contrast,generic,1,False,class_106
train_004506,train/images.npz,4506,domain_08,ct,noise,generic,1,False,class_055
train_004507,train/images.npz,4507,domain_03,xray,contrast,generic,1,False,class_013
train_004508,train/images.npz,4508,domain_15,microscopy,none,generic,0,False,class_099
train_004509,train/images.npz,4509,domain_12,xray,none,generic,0,False,class_089
train_004510,train/images.npz,4510,domain_03,xray,noise,generic,1,False,class_022
train_004511,train/images.npz,4511,domain_03,xray,noise,generic,1,False,class_012
train_004512,train/images.npz,4512,domain_09,3d_projection,noise,generic,1,False,class_068
train_004513,train/images.npz,4513,domain_15,microscopy,noise,generic,1,False,class_100
train_004514,train/images.npz,4514,domain_08,ct,brightness,generic,1,False,class_049
train_004515,train/images.npz,4515,domain_08,ct,none,generic,0,False,class_052
train_004516,train/images.npz,4516,domain_11,microscopy,brightness,generic,1,False,class_083
train_004517,train/images.npz,4517,domain_03,xray,blur,generic,1,False,class_019
train_004518,train/images.npz,4518,domain_03,xray,blur,generic,1,False,class_015
train_004519,train/images.npz,4519,domain_10,ct,noise,generic,1,False,class_075
train_004520,train/images.npz,4520,domain_03,xray,none,generic,0,False,class_020
train_004521,train/images.npz,4521,domain_03,xray,none,generic,0,False,class_019
train_004522,train/images.npz,4522,domain_09,3d_projection,brightness,generic,1,False,class_067
train_004523,train/images.npz,4523,domain_10,ct,contrast,generic,1,False,class_072
train_004524,train/images.npz,4524,domain_06,retinal,brightness,generic,1,False,class_033
train_004525,train/images.npz,4525,domain_15,microscopy,noise,generic,2,False,class_102
train_004526,train/images.npz,4526,domain_01,microscopy,noise,generic,1,False,class_007
train_004527,train/images.npz,4527,domain_10,ct,none,generic,0,False,class_079
train_004528,train/images.npz,4528,domain_06,retinal,brightness,generic,1,False,class_035
train_004529,train/images.npz,4529,domain_09,3d_projection,none,generic,0,False,class_060
train_004530,train/images.npz,4530,domain_08,ct,contrast,generic,1,False,class_057
train_004531,train/images.npz,4531,domain_03,xray,noise,generic,2,False,class_022
train_004532,train/images.npz,4532,domain_15,microscopy,none,generic,0,False,class_105
train_004533,train/images.npz,4533,domain_04,3d_projection,none,generic,0,False,class_029
train_004534,train/images.npz,4534,domain_08,ct,contrast,generic,1,False,class_047
train_004535,train/images.npz,4535,domain_04,3d_projection,blur,generic,1,False,class_028
train_004536,train/images.npz,4536,domain_12,xray,none,generic,0,False,class_090
train_004537,train/images.npz,4537,domain_03,xray,brightness,generic,2,False,class_022
train_004538,train/images.npz,4538,domain_03,xray,none,generic,0,False,class_015
train_004539,train/images.npz,4539,domain_03,xray,none,generic,0,False,class_023
train_004540,train/images.npz,4540,domain_13,retinal,none,generic,0,False,class_093
train_004541,train/images.npz,4541,domain_01,microscopy,contrast,generic,1,False,class_008
train_004542,train/images.npz,4542,domain_10,ct,contrast,generic,1,False,class_079
train_004543,train/images.npz,4543,domain_09,3d_projection,none,generic,0,False,class_064
train_004544,train/images.npz,4544,domain_15,microscopy,none,generic,0,False,class_104
train_004545,train/images.npz,4545,domain_01,microscopy,noise,generic,1,False,class_009
train_004546,train/images.npz,4546,domain_09,3d_projection,brightness,generic,1,False,class_060
train_004547,train/images.npz,4547,domain_02,ultrasound,noise,generic,2,False,class_011
train_004548,train/images.npz,4548,domain_16,3d_projection,none,generic,0,False,class_106
train_004549,train/images.npz,4549,domain_04,3d_projection,blur,generic,1,False,class_029
train_004550,train/images.npz,4550,domain_11,microscopy,none,generic,0,False,class_084
train_004551,train/images.npz,4551,domain_12,xray,noise,generic,1,False,class_090
train_004552,train/images.npz,4552,domain_15,microscopy,blur,generic,1,False,class_098
train_004553,train/images.npz,4553,domain_03,xray,none,generic,0,False,class_014
train_004554,train/images.npz,4554,domain_04,3d_projection,noise,generic,1,False,class_027
train_004555,train/images.npz,4555,domain_16,3d_projection,none,generic,0,False,class_106
train_004556,train/images.npz,4556,domain_15,microscopy,none,generic,0,False,class_102
train_004557,train/images.npz,4557,domain_08,ct,brightness,generic,1,False,class_053
train_004558,train/images.npz,4558,domain_01,microscopy,blur,generic,1,False,class_004
train_004559,train/images.npz,4559,domain_10,ct,none,generic,0,False,class_074
train_004560,train/images.npz,4560,domain_10,ct,none,generic,0,False,class_079
train_004561,train/images.npz,4561,domain_10,ct,none,generic,0,False,class_071
train_004562,train/images.npz,4562,domain_12,xray,noise,generic,1,False,class_090
train_004563,train/images.npz,4563,domain_09,3d_projection,contrast,generic,1,False,class_059
train_004564,train/images.npz,4564,domain_09,3d_projection,noise,generic,2,False,class_059
train_004565,train/images.npz,4565,domain_11,microscopy,noise,generic,1,False,class_088
train_004566,train/images.npz,4566,domain_07,ct,brightness,generic,2,False,class_044
train_004567,train/images.npz,4567,domain_08,ct,none,generic,0,False,class_052
train_004568,train/images.npz,4568,domain_10,ct,brightness,generic,1,False,class_079
train_004569,train/images.npz,4569,domain_03,xray,noise,generic,2,False,class_024
train_004570,train/images.npz,4570,domain_08,ct,brightness,generic,1,False,class_057
train_004571,train/images.npz,4571,domain_10,ct,noise,generic,2,False,class_073
train_004572,train/images.npz,4572,domain_04,3d_projection,none,generic,0,False,class_027
train_004573,train/images.npz,4573,domain_09,3d_projection,noise,generic,1,False,class_058
train_004574,train/images.npz,4574,domain_09,3d_projection,none,generic,0,False,class_058
train_004575,train/images.npz,4575,domain_14,3d_projection,brightness,generic,1,False,class_096
train_004576,train/images.npz,4576,domain_05,3d_projection,blur,generic,1,False,class_030
train_004577,train/images.npz,4577,domain_02,ultrasound,none,generic,0,False,class_010
train_004578,train/images.npz,4578,domain_07,ct,none,generic,0,False,class_046
train_004579,train/images.npz,4579,domain_08,ct,none,generic,0,False,class_048
train_004580,train/images.npz,4580,domain_01,microscopy,contrast,generic,1,False,class_004
train_004581,train/images.npz,4581,domain_00,3d_projection,none,generic,0,False,class_000
train_004582,train/images.npz,4582,domain_00,3d_projection,none,generic,0,False,class_001
train_004583,train/images.npz,4583,domain_09,3d_projection,none,generic,0,False,class_060
train_004584,train/images.npz,4584,domain_15,microscopy,none,generic,0,False,class_105
train_004585,train/images.npz,4585,domain_09,3d_projection,brightness,generic,1,False,class_066
train_004586,train/images.npz,4586,domain_13,retinal,blur,generic,2,False,class_094
train_004587,train/images.npz,4587,domain_05,3d_projection,contrast,generic,2,False,class_030
train_004588,train/images.npz,4588,domain_08,ct,none,generic,0,False,class_048
train_004589,train/images.npz,4589,domain_01,microscopy,contrast,generic,1,False,class_003
train_004590,train/images.npz,4590,domain_03,xray,blur,generic,1,False,class_018
train_004591,train/images.npz,4591,domain_15,microscopy,blur,generic,1,False,class_105
train_004592,train/images.npz,4592,domain_07,ct,noise,generic,1,False,class_041
train_004593,train/images.npz,4593,domain_15,microscopy,none,generic,0,False,class_105
train_004594,train/images.npz,4594,domain_08,ct,blur,generic,1,False,class_056
train_004595,train/images.npz,4595,domain_10,ct,none,generic,0,False,class_070
train_004596,train/images.npz,4596,domain_10,ct,contrast,generic,1,False,class_069
train_004597,train/images.npz,4597,domain_07,ct,brightness,generic,2,False,class_038
train_004598,train/images.npz,4598,domain_02,ultrasound,noise,generic,1,False,class_010
train_004599,train/images.npz,4599,domain_14,3d_projection,none,generic,0,False,class_096
train_004600,train/images.npz,4600,domain_15,microscopy,none,generic,0,False,class_105
train_004601,train/images.npz,4601,domain_07,ct,brightness,generic,1,False,class_042
train_004602,train/images.npz,4602,domain_09,3d_projection,none,generic,0,False,class_068
train_004603,train/images.npz,4603,domain_07,ct,blur,generic,1,False,class_038
train_004604,train/images.npz,4604,domain_11,microscopy,none,generic,0,False,class_086
train_004605,train/images.npz,4605,domain_08,ct,none,generic,0,False,class_047
train_004606,train/images.npz,4606,domain_07,ct,none,generic,0,False,class_037
train_004607,train/images.npz,4607,domain_16,3d_projection,noise,generic,1,False,class_107
train_004608,train/images.npz,4608,domain_03,xray,blur,generic,1,False,class_026
train_004609,train/images.npz,4609,domain_14,3d_projection,none,generic,0,False,class_097
train_004610,train/images.npz,4610,domain_03,xray,none,generic,0,False,class_016
train_004611,train/images.npz,4611,domain_03,xray,noise,generic,1,False,class_012
train_004612,train/images.npz,4612,domain_10,ct,contrast,generic,1,False,class_079
train_004613,train/images.npz,4613,domain_04,3d_projection,blur,generic,2,False,class_028
train_004614,train/images.npz,4614,domain_06,retinal,contrast,generic,1,False,class_034
train_004615,train/images.npz,4615,domain_07,ct,none,generic,0,False,class_037
train_004616,train/images.npz,4616,domain_07,ct,contrast,generic,1,False,class_036
train_004617,train/images.npz,4617,domain_11,microscopy,noise,generic,1,False,class_088
train_004618,train/images.npz,4618,domain_13,retinal,none,generic,0,False,class_093
train_004619,train/images.npz,4619,domain_03,xray,noise,generic,1,False,class_012
train_004620,train/images.npz,4620,domain_08,ct,blur,generic,1,False,class_048
train_004621,train/images.npz,4621,domain_01,microscopy,contrast,generic,2,False,class_003
train_004622,train/images.npz,4622,domain_03,xray,noise,generic,1,False,class_022
train_004623,train/images.npz,4623,domain_10,ct,brightness,generic,1,False,class_079
train_004624,train/images.npz,4624,domain_02,ultrasound,noise,generic,1,False,class_011
train_004625,train/images.npz,4625,domain_15,microscopy,none,generic,0,False,class_105
train_004626,train/images.npz,4626,domain_02,ultrasound,none,generic,0,False,class_011
train_004627,train/images.npz,4627,domain_01,microscopy,none,generic,0,False,class_005
train_004628,train/images.npz,4628,domain_08,ct,none,generic,0,False,class_054
train_004629,train/images.npz,4629,domain_01,microscopy,none,generic,0,False,class_002
train_004630,train/images.npz,4630,domain_07,ct,none,generic,0,False,class_037
train_004631,train/images.npz,4631,domain_03,xray,noise,generic,1,False,class_012
train_004632,train/images.npz,4632,domain_07,ct,none,generic,0,False,class_045
train_004633,train/images.npz,4633,domain_08,ct,none,generic,0,False,class_048
train_004634,train/images.npz,4634,domain_12,xray,brightness,generic,2,False,class_089
train_004635,train/images.npz,4635,domain_08,ct,none,generic,0,False,class_054
train_004636,train/images.npz,4636,domain_08,ct,noise,generic,1,False,class_051
train_004637,train/images.npz,4637,domain_07,ct,none,generic,0,False,class_037
train_004638,train/images.npz,4638,domain_03,xray,noise,generic,1,False,class_013
train_004639,train/images.npz,4639,domain_09,3d_projection,noise,generic,1,False,class_068
train_004640,train/images.npz,4640,domain_09,3d_projection,noise,generic,1,False,class_062
train_004641,train/images.npz,4641,domain_07,ct,blur,generic,2,False,class_042
train_004642,train/images.npz,4642,domain_07,ct,none,generic,0,False,class_038
train_004643,train/images.npz,4643,domain_15,microscopy,contrast,generic,1,False,class_103
train_004644,train/images.npz,4644,domain_08,ct,noise,generic,1,False,class_052
train_004645,train/images.npz,4645,domain_01,microscopy,none,generic,0,False,class_007
train_004646,train/images.npz,4646,domain_11,microscopy,noise,generic,1,False,class_086
train_004647,train/images.npz,4647,domain_13,retinal,none,generic,0,False,class_095
train_004648,train/images.npz,4648,domain_02,ultrasound,none,generic,0,False,class_011
train_004649,train/images.npz,4649,domain_01,microscopy,noise,generic,1,False,class_006
train_004650,train/images.npz,4650,domain_13,retinal,blur,generic,1,False,class_094
train_004651,train/images.npz,4651,domain_11,microscopy,contrast,generic,1,False,class_086
train_004652,train/images.npz,4652,domain_15,microscopy,noise,generic,1,False,class_100
train_004653,train/images.npz,4653,domain_15,microscopy,contrast,generic,1,False,class_098
train_004654,train/images.npz,4654,domain_09,3d_projection,contrast,generic,1,False,class_058
train_004655,train/images.npz,4655,domain_09,3d_projection,contrast,generic,2,False,class_059
train_004656,train/images.npz,4656,domain_07,ct,none,generic,0,False,class_044
train_004657,train/images.npz,4657,domain_10,ct,noise,generic,1,False,class_072
train_004658,train/images.npz,4658,domain_09,3d_projection,none,generic,0,False,class_065
train_004659,train/images.npz,4659,domain_03,xray,noise,generic,1,False,class_025
train_004660,train/images.npz,4660,domain_13,retinal,noise,generic,2,False,class_092
train_004661,train/images.npz,4661,domain_00,3d_projection,blur,generic,1,False,class_001
train_004662,train/images.npz,4662,domain_15,microscopy,none,generic,0,False,class_103
train_004663,train/images.npz,4663,domain_03,xray,contrast,generic,2,False,class_013
train_004664,train/images.npz,4664,domain_15,microscopy,noise,generic,1,False,class_100
train_004665,train/images.npz,4665,domain_01,microscopy,none,generic,0,False,class_005
train_004666,train/images.npz,4666,domain_12,xray,none,generic,0,False,class_089
train_004667,train/images.npz,4667,domain_03,xray,blur,generic,2,False,class_021
train_004668,train/images.npz,4668,domain_03,xray,contrast,generic,1,False,class_018
train_004669,train/images.npz,4669,domain_03,xray,noise,generic,1,False,class_023
train_004670,train/images.npz,4670,domain_10,ct,blur,generic,1,False,class_079
train_004671,train/images.npz,4671,domain_10,ct,none,generic,0,False,class_078
train_004672,train/images.npz,4672,domain_10,ct,contrast,generic,1,False,class_069
train_004673,train/images.npz,4673,domain_03,xray,blur,generic,2,False,class_015
train_004674,train/images.npz,4674,domain_01,microscopy,blur,generic,1,False,class_006
train_004675,train/images.npz,4675,domain_13,retinal,contrast,generic,2,False,class_093
train_004676,train/images.npz,4676,domain_01,microscopy,contrast,generic,1,False,class_004
train_004677,train/images.npz,4677,domain_09,3d_projection,none,generic,0,False,class_059
train_004678,train/images.npz,4678,domain_03,xray,noise,generic,1,False,class_016
train_004679,train/images.npz,4679,domain_08,ct,none,generic,0,False,class_050
train_004680,train/images.npz,4680,domain_15,microscopy,none,generic,0,False,class_103
train_004681,train/images.npz,4681,domain_11,microscopy,none,generic,0,False,class_088
train_004682,train/images.npz,4682,domain_11,microscopy,contrast,generic,1,False,class_084
train_004683,train/images.npz,4683,domain_08,ct,none,generic,0,False,class_056
train_004684,train/images.npz,4684,domain_03,xray,none,generic,0,False,class_017
train_004685,train/images.npz,4685,domain_13,retinal,contrast,generic,1,False,class_093
train_004686,train/images.npz,4686,domain_07,ct,noise,generic,2,False,class_041
train_004687,train/images.npz,4687,domain_13,retinal,noise,generic,1,False,class_094
train_004688,train/images.npz,4688,domain_09,3d_projection,blur,generic,2,False,class_068
train_004689,train/images.npz,4689,domain_01,microscopy,contrast,generic,1,False,class_008
train_004690,train/images.npz,4690,domain_11,microscopy,contrast,generic,2,False,class_084
train_004691,train/images.npz,4691,domain_08,ct,noise,generic,2,False,class_048
train_004692,train/images.npz,4692,domain_15,microscopy,noise,generic,1,False,class_104
train_004693,train/images.npz,4693,domain_09,3d_projection,contrast,generic,1,False,class_068
train_004694,train/images.npz,4694,domain_13,retinal,noise,generic,1,False,class_092
train_004695,train/images.npz,4695,domain_01,microscopy,blur,generic,1,False,class_008
train_004696,train/images.npz,4696,domain_03,xray,brightness,generic,1,False,class_015
train_004697,train/images.npz,4697,domain_02,ultrasound,blur,generic,1,False,class_010
train_004698,train/images.npz,4698,domain_15,microscopy,noise,generic,1,False,class_104
train_004699,train/images.npz,4699,domain_11,microscopy,blur,generic,1,False,class_080
train_004700,train/images.npz,4700,domain_15,microscopy,contrast,generic,1,False,class_105
train_004701,train/images.npz,4701,domain_06,retinal,none,generic,0,False,class_032
train_004702,train/images.npz,4702,domain_15,microscopy,contrast,generic,1,False,class_099
train_004703,train/images.npz,4703,domain_08,ct,noise,generic,1,False,class_054
train_004704,train/images.npz,4704,domain_09,3d_projection,none,generic,0,False,class_066
train_004705,train/images.npz,4705,domain_15,microscopy,brightness,generic,1,False,class_098
train_004706,train/images.npz,4706,domain_16,3d_projection,none,generic,0,False,class_106
train_004707,train/images.npz,4707,domain_13,retinal,none,generic,0,False,class_094
train_004708,train/images.npz,4708,domain_04,3d_projection,none,generic,0,False,class_027
train_004709,train/images.npz,4709,domain_08,ct,blur,generic,1,False,class_050
train_004710,train/images.npz,4710,domain_15,microscopy,noise,generic,1,False,class_104
train_004711,train/images.npz,4711,domain_09,3d_projection,brightness,generic,2,False,class_063
train_004712,train/images.npz,4712,domain_10,ct,blur,generic,2,False,class_072
train_004713,train/images.npz,4713,domain_01,microscopy,noise,generic,2,False,class_009
train_004714,train/images.npz,4714,domain_03,xray,contrast,generic,1,False,class_015
train_004715,train/images.npz,4715,domain_10,ct,none,generic,0,False,class_077
train_004716,train/images.npz,4716,domain_03,xray,none,generic,0,False,class_019
train_004717,train/images.npz,4717,domain_15,microscopy,brightness,generic,1,False,class_099
train_004718,train/images.npz,4718,domain_10,ct,blur,generic,1,False,class_077
train_004719,train/images.npz,4719,domain_03,xray,none,generic,0,False,class_022
train_004720,train/images.npz,4720,domain_15,microscopy,none,generic,0,False,class_104
train_004721,train/images.npz,4721,domain_10,ct,noise,generic,1,False,class_078
train_004722,train/images.npz,4722,domain_09,3d_projection,brightness,generic,1,False,class_063
train_004723,train/images.npz,4723,domain_08,ct,contrast,generic,2,False,class_053
train_004724,train/images.npz,4724,domain_00,3d_projection,none,generic,0,False,class_000
train_004725,train/images.npz,4725,domain_09,3d_projection,none,generic,0,False,class_062
train_004726,train/images.npz,4726,domain_10,ct,noise,generic,1,False,class_075
train_004727,train/images.npz,4727,domain_08,ct,brightness,generic,2,False,class_049
train_004728,train/images.npz,4728,domain_08,ct,none,generic,0,False,class_056
train_004729,train/images.npz,4729,domain_01,microscopy,contrast,generic,1,False,class_009
train_004730,train/images.npz,4730,domain_10,ct,none,generic,0,False,class_073
train_004731,train/images.npz,4731,domain_08,ct,none,generic,0,False,class_057
train_004732,train/images.npz,4732,domain_08,ct,contrast,generic,1,False,class_051
train_004733,train/images.npz,4733,domain_07,ct,none,generic,0,False,class_046
train_004734,train/images.npz,4734,domain_10,ct,noise,generic,2,False,class_069
train_004735,train/images.npz,4735,domain_08,ct,contrast,generic,1,False,class_055
train_004736,train/images.npz,4736,domain_00,3d_projection,noise,generic,1,False,class_001
train_004737,train/images.npz,4737,domain_11,microscopy,none,generic,0,False,class_081
train_004738,train/images.npz,4738,domain_04,3d_projection,contrast,generic,1,False,class_028
train_004739,train/images.npz,4739,domain_08,ct,contrast,generic,1,False,class_057
train_004740,train/images.npz,4740,domain_01,microscopy,brightness,generic,1,False,class_006
train_004741,train/images.npz,4741,domain_07,ct,brightness,generic,2,False,class_037
train_004742,train/images.npz,4742,domain_07,ct,brightness,generic,2,False,class_040
train_004743,train/images.npz,4743,domain_06,retinal,none,generic,0,False,class_035
train_004744,train/images.npz,4744,domain_03,xray,none,generic,0,False,class_024
train_004745,train/images.npz,4745,domain_10,ct,blur,generic,2,False,class_078
train_004746,train/images.npz,4746,domain_01,microscopy,noise,generic,1,False,class_005
train_004747,train/images.npz,4747,domain_15,microscopy,contrast,generic,1,False,class_102
train_004748,train/images.npz,4748,domain_16,3d_projection,none,generic,0,False,class_107
train_004749,train/images.npz,4749,domain_04,3d_projection,none,generic,0,False,class_029
train_004750,train/images.npz,4750,domain_13,retinal,blur,generic,1,False,class_093
train_004751,train/images.npz,4751,domain_10,ct,none,generic,0,False,class_076
train_004752,train/images.npz,4752,domain_15,microscopy,contrast,generic,1,False,class_105
train_004753,train/images.npz,4753,domain_01,microscopy,noise,generic,1,False,class_005
train_004754,train/images.npz,4754,domain_11,microscopy,brightness,generic,2,False,class_081
train_004755,train/images.npz,4755,domain_11,microscopy,none,generic,0,False,class_083
train_004756,train/images.npz,4756,domain_08,ct,noise,generic,1,False,class_053
train_004757,train/images.npz,4757,domain_03,xray,brightness,generic,1,False,class_026
train_004758,train/images.npz,4758,domain_11,microscopy,blur,generic,1,False,class_080
train_004759,train/images.npz,4759,domain_10,ct,noise,generic,1,False,class_079
train_004760,train/images.npz,4760,domain_11,microscopy,noise,generic,2,False,class_085
train_004761,train/images.npz,4761,domain_11,microscopy,none,generic,0,False,class_081
train_004762,train/images.npz,4762,domain_01,microscopy,none,generic,0,False,class_002
train_004763,train/images.npz,4763,domain_09,3d_projection,contrast,generic,1,False,class_058
train_004764,train/images.npz,4764,domain_03,xray,brightness,generic,1,False,class_023
train_004765,train/images.npz,4765,domain_16,3d_projection,noise,generic,2,False,class_107
train_004766,train/images.npz,4766,domain_03,xray,blur,generic,1,False,class_024
train_004767,train/images.npz,4767,domain_08,ct,brightness,generic,1,False,class_057
train_004768,train/images.npz,4768,domain_04,3d_projection,none,generic,0,False,class_029
train_004769,train/images.npz,4769,domain_03,xray,brightness,generic,1,False,class_018
train_004770,train/images.npz,4770,domain_10,ct,contrast,generic,1,False,class_073
train_004771,train/images.npz,4771,domain_09,3d_projection,none,generic,0,False,class_063
train_004772,train/images.npz,4772,domain_03,xray,noise,generic,2,False,class_013
train_004773,train/images.npz,4773,domain_07,ct,none,generic,0,False,class_045
train_004774,train/images.npz,4774,domain_10,ct,none,generic,0,False,class_070
train_004775,train/images.npz,4775,domain_03,xray,contrast,generic,2,False,class_024
train_004776,train/images.npz,4776,domain_03,xray,none,generic,0,False,class_022
train_004777,train/images.npz,4777,domain_11,microscopy,contrast,generic,1,False,class_082
train_004778,train/images.npz,4778,domain_03,xray,none,generic,0,False,class_015
train_004779,train/images.npz,4779,domain_05,3d_projection,noise,generic,1,False,class_031
train_004780,train/images.npz,4780,domain_05,3d_projection,noise,generic,2,False,class_030
train_004781,train/images.npz,4781,domain_01,microscopy,contrast,generic,1,False,class_003
train_004782,train/images.npz,4782,domain_00,3d_projection,none,generic,0,False,class_000
train_004783,train/images.npz,4783,domain_03,xray,none,generic,0,False,class_025
train_004784,train/images.npz,4784,domain_03,xray,contrast,generic,2,False,class_024
train_004785,train/images.npz,4785,domain_10,ct,contrast,generic,1,False,class_072
train_004786,train/images.npz,4786,domain_10,ct,none,generic,0,False,class_071
train_004787,train/images.npz,4787,domain_09,3d_projection,none,generic,0,False,class_059
train_004788,train/images.npz,4788,domain_09,3d_projection,blur,generic,2,False,class_066
train_004789,train/images.npz,4789,domain_07,ct,contrast,generic,1,False,class_038
train_004790,train/images.npz,4790,domain_01,microscopy,noise,generic,1,False,class_008
train_004791,train/images.npz,4791,domain_13,retinal,contrast,generic,1,False,class_095
train_004792,train/images.npz,4792,domain_11,microscopy,noise,generic,2,False,class_083
train_004793,train/images.npz,4793,domain_09,3d_projection,brightness,generic,1,False,class_062
train_004794,train/images.npz,4794,domain_13,retinal,none,generic,0,False,class_095
train_004795,train/images.npz,4795,domain_13,retinal,noise,generic,2,False,class_094
train_004796,train/images.npz,4796,domain_10,ct,noise,generic,1,False,class_075
train_004797,train/images.npz,4797,domain_03,xray,none,generic,0,False,class_012
train_004798,train/images.npz,4798,domain_10,ct,none,generic,0,False,class_076
train_004799,train/images.npz,4799,domain_00,3d_projection,brightness,generic,2,False,class_001
train_004800,train/images.npz,4800,domain_09,3d_projection,contrast,generic,1,False,class_060
train_004801,train/images.npz,4801,domain_09,3d_projection,none,generic,0,False,class_068
train_004802,train/images.npz,4802,domain_03,xray,none,generic,0,False,class_025
train_004803,train/images.npz,4803,domain_12,xray,brightness,generic,1,False,class_089
train_004804,train/images.npz,4804,domain_06,retinal,none,generic,0,False,class_035
train_004805,train/images.npz,4805,domain_15,microscopy,blur,generic,2,False,class_103
train_004806,train/images.npz,4806,domain_07,ct,none,generic,0,False,class_040
train_004807,train/images.npz,4807,domain_07,ct,none,generic,0,False,class_043
train_004808,train/images.npz,4808,domain_08,ct,none,generic,0,False,class_054
train_004809,train/images.npz,4809,domain_01,microscopy,brightness,generic,1,False,class_003
train_004810,train/images.npz,4810,domain_16,3d_projection,none,generic,0,False,class_107
train_004811,train/images.npz,4811,domain_12,xray,contrast,generic,1,False,class_090
train_004812,train/images.npz,4812,domain_01,microscopy,none,generic,0,False,class_006
train_004813,train/images.npz,4813,domain_09,3d_projection,contrast,generic,1,False,class_064
train_004814,train/images.npz,4814,domain_07,ct,blur,generic,1,False,class_037
train_004815,train/images.npz,4815,domain_14,3d_projection,contrast,generic,2,False,class_096
train_004816,train/images.npz,4816,domain_05,3d_projection,blur,generic,1,False,class_030
train_004817,train/images.npz,4817,domain_01,microscopy,none,generic,0,False,class_008
train_004818,train/images.npz,4818,domain_06,retinal,blur,generic,1,False,class_033
train_004819,train/images.npz,4819,domain_03,xray,contrast,generic,1,False,class_016
train_004820,train/images.npz,4820,domain_02,ultrasound,contrast,generic,1,False,class_011
train_004821,train/images.npz,4821,domain_03,xray,none,generic,0,False,class_024
train_004822,train/images.npz,4822,domain_15,microscopy,noise,generic,2,False,class_098
train_004823,train/images.npz,4823,domain_16,3d_projection,none,generic,0,False,class_107
train_004824,train/images.npz,4824,domain_10,ct,none,generic,0,False,class_077
train_004825,train/images.npz,4825,domain_10,ct,none,generic,0,False,class_076
train_004826,train/images.npz,4826,domain_16,3d_projection,contrast,generic,1,False,class_106
train_004827,train/images.npz,4827,domain_09,3d_projection,brightness,generic,1,False,class_065
train_004828,train/images.npz,4828,domain_10,ct,blur,generic,1,False,class_077
train_004829,train/images.npz,4829,domain_12,xray,none,generic,0,False,class_089
train_004830,train/images.npz,4830,domain_07,ct,blur,generic,1,False,class_041
train_004831,train/images.npz,4831,domain_15,microscopy,none,generic,0,False,class_101
train_004832,train/images.npz,4832,domain_13,retinal,none,generic,0,False,class_091
train_004833,train/images.npz,4833,domain_07,ct,none,generic,0,False,class_043
train_004834,train/images.npz,4834,domain_09,3d_projection,contrast,generic,1,False,class_059
train_004835,train/images.npz,4835,domain_07,ct,noise,generic,1,False,class_041
train_004836,train/images.npz,4836,domain_09,3d_projection,none,generic,0,False,class_068
train_004837,train/images.npz,4837,domain_13,retinal,contrast,generic,1,False,class_095
train_004838,train/images.npz,4838,domain_03,xray,none,generic,0,False,class_019
train_004839,train/images.npz,4839,domain_09,3d_projection,none,generic,0,False,class_068
train_004840,train/images.npz,4840,domain_10,ct,brightness,generic,1,False,class_071
train_004841,train/images.npz,4841,domain_11,microscopy,none,generic,0,False,class_085
train_004842,train/images.npz,4842,domain_13,retinal,blur,generic,1,False,class_092
train_004843,train/images.npz,4843,domain_04,3d_projection,none,generic,0,False,class_029
train_004844,train/images.npz,4844,domain_08,ct,noise,generic,1,False,class_057
train_004845,train/images.npz,4845,domain_03,xray,none,generic,0,False,class_019
train_004846,train/images.npz,4846,domain_09,3d_projection,none,generic,0,False,class_066
train_004847,train/images.npz,4847,domain_07,ct,brightness,generic,2,False,class_038
train_004848,train/images.npz,4848,domain_03,xray,none,generic,0,False,class_020
train_004849,train/images.npz,4849,domain_08,ct,brightness,generic,1,False,class_052
train_004850,train/images.npz,4850,domain_03,xray,contrast,generic,1,False,class_023
train_004851,train/images.npz,4851,domain_08,ct,none,generic,0,False,class_052
train_004852,train/images.npz,4852,domain_15,microscopy,contrast,generic,1,False,class_103
train_004853,train/images.npz,4853,domain_00,3d_projection,brightness,generic,1,False,class_000
train_004854,train/images.npz,4854,domain_01,microscopy,contrast,generic,2,False,class_009
train_004855,train/images.npz,4855,domain_09,3d_projection,noise,generic,2,False,class_067
train_004856,train/images.npz,4856,domain_03,xray,contrast,generic,1,False,class_014
train_004857,train/images.npz,4857,domain_01,microscopy,blur,generic,1,False,class_009
train_004858,train/images.npz,4858,domain_01,microscopy,contrast,generic,1,False,class_005
train_004859,train/images.npz,4859,domain_07,ct,brightness,generic,2,False,class_036
train_004860,train/images.npz,4860,domain_08,ct,contrast,generic,1,False,class_051
train_004861,train/images.npz,4861,domain_09,3d_projection,none,generic,0,False,class_058
train_004862,train/images.npz,4862,domain_07,ct,noise,generic,1,False,class_039
train_004863,train/images.npz,4863,domain_03,xray,noise,generic,1,False,class_015
train_004864,train/images.npz,4864,domain_15,microscopy,brightness,generic,1,False,class_100
train_004865,train/images.npz,4865,domain_03,xray,blur,generic,1,False,class_014
train_004866,train/images.npz,4866,domain_09,3d_projection,none,generic,0,False,class_062
train_004867,train/images.npz,4867,domain_15,microscopy,none,generic,0,False,class_099
train_004868,train/images.npz,4868,domain_04,3d_projection,none,generic,0,False,class_028
train_004869,train/images.npz,4869,domain_15,microscopy,none,generic,0,False,class_102
train_004870,train/images.npz,4870,domain_07,ct,blur,generic,1,False,class_046
train_004871,train/images.npz,4871,domain_07,ct,none,generic,0,False,class_043
train_004872,train/images.npz,4872,domain_09,3d_projection,none,generic,0,False,class_059
train_004873,train/images.npz,4873,domain_03,xray,blur,generic,2,False,class_020
train_004874,train/images.npz,4874,domain_11,microscopy,none,generic,0,False,class_084
train_004875,train/images.npz,4875,domain_10,ct,none,generic,0,False,class_075
train_004876,train/images.npz,4876,domain_02,ultrasound,brightness,generic,1,False,class_010
train_004877,train/images.npz,4877,domain_07,ct,none,generic,0,False,class_041
train_004878,train/images.npz,4878,domain_15,microscopy,none,generic,0,False,class_099
train_004879,train/images.npz,4879,domain_08,ct,contrast,generic,1,False,class_055
train_004880,train/images.npz,4880,domain_03,xray,contrast,generic,1,False,class_012
train_004881,train/images.npz,4881,domain_14,3d_projection,noise,generic,1,False,class_096
train_004882,train/images.npz,4882,domain_03,xray,none,generic,0,False,class_025
train_004883,train/images.npz,4883,domain_12,xray,blur,generic,1,False,class_090
train_004884,train/images.npz,4884,domain_15,microscopy,contrast,generic,2,False,class_099
train_004885,train/images.npz,4885,domain_11,microscopy,blur,generic,1,False,class_083
train_004886,train/images.npz,4886,domain_11,microscopy,blur,generic,1,False,class_087
train_004887,train/images.npz,4887,domain_11,microscopy,none,generic,0,False,class_082
train_004888,train/images.npz,4888,domain_00,3d_projection,brightness,generic,1,False,class_000
train_004889,train/images.npz,4889,domain_07,ct,contrast,generic,1,False,class_045
train_004890,train/images.npz,4890,domain_00,3d_projection,noise,generic,1,False,class_001
train_004891,train/images.npz,4891,domain_13,retinal,none,generic,0,False,class_092
train_004892,train/images.npz,4892,domain_15,microscopy,none,generic,0,False,class_100
train_004893,train/images.npz,4893,domain_05,3d_projection,noise,generic,2,False,class_031
train_004894,train/images.npz,4894,domain_14,3d_projection,contrast,generic,1,False,class_096
train_004895,train/images.npz,4895,domain_13,retinal,brightness,generic,2,False,class_095
train_004896,train/images.npz,4896,domain_03,xray,blur,generic,1,False,class_020
train_004897,train/images.npz,4897,domain_15,microscopy,noise,generic,1,False,class_098
train_004898,train/images.npz,4898,domain_13,retinal,none,generic,0,False,class_095
train_004899,train/images.npz,4899,domain_06,retinal,noise,generic,1,False,class_035
train_004900,train/images.npz,4900,domain_06,retinal,noise,generic,1,False,class_033
train_004901,train/images.npz,4901,domain_06,retinal,contrast,generic,2,False,class_034
train_004902,train/images.npz,4902,domain_02,ultrasound,none,generic,0,False,class_010
train_004903,train/images.npz,4903,domain_03,xray,contrast,generic,1,False,class_023
train_004904,train/images.npz,4904,domain_10,ct,none,generic,0,False,class_075
train_004905,train/images.npz,4905,domain_06,retinal,none,generic,0,False,class_035
train_004906,train/images.npz,4906,domain_07,ct,none,generic,0,False,class_046
train_004907,train/images.npz,4907,domain_15,microscopy,none,generic,0,False,class_105
train_004908,train/images.npz,4908,domain_09,3d_projection,none,generic,0,False,class_061
train_004909,train/images.npz,4909,domain_04,3d_projection,noise,generic,1,False,class_029
train_004910,train/images.npz,4910,domain_10,ct,contrast,generic,1,False,class_079
train_004911,train/images.npz,4911,domain_03,xray,none,generic,0,False,class_021
train_004912,train/images.npz,4912,domain_09,3d_projection,none,generic,0,False,class_058
train_004913,train/images.npz,4913,domain_15,microscopy,blur,generic,1,False,class_103
train_004914,train/images.npz,4914,domain_13,retinal,noise,generic,1,False,class_095
train_004915,train/images.npz,4915,domain_07,ct,none,generic,0,False,class_044
train_004916,train/images.npz,4916,domain_06,retinal,noise,generic,1,False,class_033
train_004917,train/images.npz,4917,domain_10,ct,noise,generic,1,False,class_073
train_004918,train/images.npz,4918,domain_09,3d_projection,contrast,generic,1,False,class_062
train_004919,train/images.npz,4919,domain_03,xray,noise,generic,1,False,class_014
train_004920,train/images.npz,4920,domain_03,xray,none,generic,0,False,class_017
train_004921,train/images.npz,4921,domain_13,retinal,noise,generic,1,False,class_093
train_004922,train/images.npz,4922,domain_03,xray,contrast,generic,2,False,class_019
train_004923,train/images.npz,4923,domain_11,microscopy,noise,generic,1,False,class_081
train_004924,train/images.npz,4924,domain_08,ct,none,generic,0,False,class_050
train_004925,train/images.npz,4925,domain_07,ct,contrast,generic,2,False,class_043
train_004926,train/images.npz,4926,domain_09,3d_projection,none,generic,0,False,class_067
train_004927,train/images.npz,4927,domain_08,ct,none,generic,0,False,class_050
train_004928,train/images.npz,4928,domain_08,ct,blur,generic,2,False,class_047
train_004929,train/images.npz,4929,domain_09,3d_projection,blur,generic,1,False,class_066
train_004930,train/images.npz,4930,domain_10,ct,brightness,generic,1,False,class_070
train_004931,train/images.npz,4931,domain_03,xray,none,generic,0,False,class_012
train_004932,train/images.npz,4932,domain_01,microscopy,blur,generic,1,False,class_006
train_004933,train/images.npz,4933,domain_06,retinal,none,generic,0,False,class_034
train_004934,train/images.npz,4934,domain_08,ct,contrast,generic,2,False,class_050
train_004935,train/images.npz,4935,domain_08,ct,noise,generic,1,False,class_052
train_004936,train/images.npz,4936,domain_06,retinal,none,generic,0,False,class_034
train_004937,train/images.npz,4937,domain_10,ct,brightness,generic,1,False,class_070
train_004938,train/images.npz,4938,domain_10,ct,contrast,generic,1,False,class_079
train_004939,train/images.npz,4939,domain_07,ct,none,generic,0,False,class_041
train_004940,train/images.npz,4940,domain_15,microscopy,none,generic,0,False,class_100
train_004941,train/images.npz,4941,domain_01,microscopy,noise,generic,1,False,class_008
train_004942,train/images.npz,4942,domain_04,3d_projection,none,generic,0,False,class_027
train_004943,train/images.npz,4943,domain_03,xray,none,generic,0,False,class_026
train_004944,train/images.npz,4944,domain_10,ct,none,generic,0,False,class_071
train_004945,train/images.npz,4945,domain_09,3d_projection,noise,generic,2,False,class_059
train_004946,train/images.npz,4946,domain_10,ct,none,generic,0,False,class_070
train_004947,train/images.npz,4947,domain_11,microscopy,contrast,generic,1,False,class_086
train_004948,train/images.npz,4948,domain_12,xray,none,generic,0,False,class_089
train_004949,train/images.npz,4949,domain_05,3d_projection,none,generic,0,False,class_030
train_004950,train/images.npz,4950,domain_10,ct,none,generic,0,False,class_076
train_004951,train/images.npz,4951,domain_08,ct,noise,generic,1,False,class_052
train_004952,train/images.npz,4952,domain_12,xray,contrast,generic,1,False,class_090
train_004953,train/images.npz,4953,domain_06,retinal,none,generic,0,False,class_035
train_004954,train/images.npz,4954,domain_11,microscopy,none,generic,0,False,class_085
train_004955,train/images.npz,4955,domain_15,microscopy,brightness,generic,2,False,class_101
train_004956,train/images.npz,4956,domain_08,ct,noise,generic,1,False,class_055
train_004957,train/images.npz,4957,domain_10,ct,none,generic,0,False,class_071
train_004958,train/images.npz,4958,domain_07,ct,noise,generic,1,False,class_039
train_004959,train/images.npz,4959,domain_06,retinal,blur,generic,1,False,class_034
train_004960,train/images.npz,4960,domain_14,3d_projection,none,generic,0,False,class_097
train_004961,train/images.npz,4961,domain_07,ct,none,generic,0,False,class_040
train_004962,train/images.npz,4962,domain_11,microscopy,blur,generic,1,False,class_085
train_004963,train/images.npz,4963,domain_11,microscopy,brightness,generic,1,False,class_082
train_004964,train/images.npz,4964,domain_09,3d_projection,contrast,generic,1,False,class_064
train_004965,train/images.npz,4965,domain_09,3d_projection,contrast,generic,1,False,class_067
train_004966,train/images.npz,4966,domain_15,microscopy,none,generic,0,False,class_102
train_004967,train/images.npz,4967,domain_01,microscopy,blur,generic,1,False,class_003
train_004968,train/images.npz,4968,domain_03,xray,blur,generic,2,False,class_015
train_004969,train/images.npz,4969,domain_11,microscopy,contrast,generic,2,False,class_087
train_004970,train/images.npz,4970,domain_03,xray,none,generic,0,False,class_021
train_004971,train/images.npz,4971,domain_04,3d_projection,brightness,generic,1,False,class_028
train_004972,train/images.npz,4972,domain_10,ct,contrast,generic,1,False,class_077
train_004973,train/images.npz,4973,domain_06,retinal,none,generic,0,False,class_033
train_004974,train/images.npz,4974,domain_00,3d_projection,contrast,generic,1,False,class_001
train_004975,train/images.npz,4975,domain_03,xray,noise,generic,1,False,class_019
train_004976,train/images.npz,4976,domain_11,microscopy,contrast,generic,2,False,class_084
train_004977,train/images.npz,4977,domain_09,3d_projection,none,generic,0,False,class_060
train_004978,train/images.npz,4978,domain_06,retinal,none,generic,0,False,class_032
train_004979,train/images.npz,4979,domain_10,ct,none,generic,0,False,class_076
train_004980,train/images.npz,4980,domain_11,microscopy,noise,generic,1,False,class_080
train_004981,train/images.npz,4981,domain_10,ct,none,generic,0,False,class_076
train_004982,train/images.npz,4982,domain_09,3d_projection,blur,generic,1,False,class_059
train_004983,train/images.npz,4983,domain_03,xray,blur,generic,2,False,class_018
train_004984,train/images.npz,4984,domain_10,ct,none,generic,0,False,class_075
train_004985,train/images.npz,4985,domain_03,xray,none,generic,0,False,class_016
train_004986,train/images.npz,4986,domain_01,microscopy,contrast,generic,1,False,class_005
train_004987,train/images.npz,4987,domain_08,ct,none,generic,0,False,class_049
train_004988,train/images.npz,4988,domain_03,xray,noise,generic,1,False,class_012
train_004989,train/images.npz,4989,domain_03,xray,none,generic,0,False,class_019
train_004990,train/images.npz,4990,domain_03,xray,none,generic,0,False,class_019
train_004991,train/images.npz,4991,domain_07,ct,none,generic,0,False,class_042
train_004992,train/images.npz,4992,domain_09,3d_projection,none,generic,0,False,class_068
train_004993,train/images.npz,4993,domain_03,xray,none,generic,0,False,class_018
train_004994,train/images.npz,4994,domain_03,xray,none,generic,0,False,class_014
train_004995,train/images.npz,4995,domain_15,microscopy,none,generic,0,False,class_099
train_004996,train/images.npz,4996,domain_12,xray,brightness,generic,1,False,class_090
train_004997,train/images.npz,4997,domain_07,ct,noise,generic,2,False,class_046
train_004998,train/images.npz,4998,domain_01,microscopy,noise,generic,1,False,class_003
train_004999,train/images.npz,4999,domain_03,xray,none,generic,0,False,class_022
train_005000,train/images.npz,5000,domain_11,microscopy,none,generic,0,False,class_086
train_005001,train/images.npz,5001,domain_03,xray,brightness,generic,1,False,class_017
train_005002,train/images.npz,5002,domain_08,ct,none,generic,0,False,class_048
train_005003,train/images.npz,5003,domain_03,xray,contrast,generic,1,False,class_018
train_005004,train/images.npz,5004,domain_09,3d_projection,blur,generic,1,False,class_063
train_005005,train/images.npz,5005,domain_13,retinal,noise,generic,1,False,class_094
train_005006,train/images.npz,5006,domain_16,3d_projection,none,generic,0,False,class_107
train_005007,train/images.npz,5007,domain_08,ct,noise,generic,1,False,class_052
train_005008,train/images.npz,5008,domain_15,microscopy,none,generic,0,False,class_101
train_005009,train/images.npz,5009,domain_01,microscopy,noise,generic,1,False,class_005
train_005010,train/images.npz,5010,domain_11,microscopy,brightness,generic,1,False,class_083
train_005011,train/images.npz,5011,domain_03,xray,none,generic,0,False,class_013
train_005012,train/images.npz,5012,domain_07,ct,none,generic,0,False,class_038
train_005013,train/images.npz,5013,domain_01,microscopy,contrast,generic,1,False,class_005
train_005014,train/images.npz,5014,domain_15,microscopy,none,generic,0,False,class_099
train_005015,train/images.npz,5015,domain_08,ct,blur,generic,1,False,class_050
train_005016,train/images.npz,5016,domain_00,3d_projection,noise,generic,2,False,class_001
train_005017,train/images.npz,5017,domain_07,ct,blur,generic,1,False,class_043
train_005018,train/images.npz,5018,domain_08,ct,none,generic,0,False,class_052
train_005019,train/images.npz,5019,domain_09,3d_projection,none,generic,0,False,class_063
train_005020,train/images.npz,5020,domain_01,microscopy,contrast,generic,1,False,class_006
train_005021,train/images.npz,5021,domain_11,microscopy,none,generic,0,False,class_086
train_005022,train/images.npz,5022,domain_08,ct,noise,generic,1,False,class_051
train_005023,train/images.npz,5023,domain_08,ct,none,generic,0,False,class_053
train_005024,train/images.npz,5024,domain_06,retinal,none,generic,0,False,class_035
train_005025,train/images.npz,5025,domain_01,microscopy,contrast,generic,1,False,class_005
train_005026,train/images.npz,5026,domain_15,microscopy,blur,generic,1,False,class_098
train_005027,train/images.npz,5027,domain_08,ct,none,generic,0,False,class_050
train_005028,train/images.npz,5028,domain_15,microscopy,contrast,generic,1,False,class_100
train_005029,train/images.npz,5029,domain_08,ct,noise,generic,1,False,class_055
train_005030,train/images.npz,5030,domain_11,microscopy,none,generic,0,False,class_080
train_005031,train/images.npz,5031,domain_07,ct,brightness,generic,1,False,class_040
train_005032,train/images.npz,5032,domain_05,3d_projection,none,generic,0,False,class_030
train_005033,train/images.npz,5033,domain_08,ct,contrast,generic,1,False,class_056
train_005034,train/images.npz,5034,domain_06,retinal,none,generic,0,False,class_032
train_005035,train/images.npz,5035,domain_06,retinal,none,generic,0,False,class_033
train_005036,train/images.npz,5036,domain_04,3d_projection,none,generic,0,False,class_027
train_005037,train/images.npz,5037,domain_04,3d_projection,blur,generic,1,False,class_028
train_005038,train/images.npz,5038,domain_11,microscopy,none,generic,0,False,class_086
train_005039,train/images.npz,5039,domain_15,microscopy,contrast,generic,1,False,class_104
train_005040,train/images.npz,5040,domain_08,ct,none,generic,0,False,class_051
train_005041,train/images.npz,5041,domain_03,xray,none,generic,0,False,class_015
train_005042,train/images.npz,5042,domain_10,ct,noise,generic,2,False,class_072
train_005043,train/images.npz,5043,domain_10,ct,none,generic,0,False,class_076
train_005044,train/images.npz,5044,domain_07,ct,contrast,generic,1,False,class_043
train_005045,train/images.npz,5045,domain_05,3d_projection,none,generic,0,False,class_030
train_005046,train/images.npz,5046,domain_12,xray,none,generic,0,False,class_090
train_005047,train/images.npz,5047,domain_09,3d_projection,none,generic,0,False,class_059
train_005048,train/images.npz,5048,domain_09,3d_projection,none,generic,0,False,class_062
train_005049,train/images.npz,5049,domain_07,ct,noise,generic,1,False,class_041
train_005050,train/images.npz,5050,domain_09,3d_projection,noise,generic,2,False,class_067
train_005051,train/images.npz,5051,domain_04,3d_projection,contrast,generic,1,False,class_029
train_005052,train/images.npz,5052,domain_01,microscopy,none,generic,0,False,class_003
train_005053,train/images.npz,5053,domain_10,ct,none,generic,0,False,class_077
train_005054,train/images.npz,5054,domain_11,microscopy,contrast,generic,2,False,class_084
train_005055,train/images.npz,5055,domain_12,xray,none,generic,0,False,class_090
train_005056,train/images.npz,5056,domain_13,retinal,brightness,generic,1,False,class_091
train_005057,train/images.npz,5057,domain_07,ct,none,generic,0,False,class_037
train_005058,train/images.npz,5058,domain_13,retinal,noise,generic,1,False,class_094
train_005059,train/images.npz,5059,domain_08,ct,blur,generic,1,False,class_053
train_005060,train/images.npz,5060,domain_03,xray,blur,generic,2,False,class_017
train_005061,train/images.npz,5061,domain_04,3d_projection,brightness,generic,1,False,class_028
train_005062,train/images.npz,5062,domain_03,xray,none,generic,0,False,class_024
train_005063,train/images.npz,5063,domain_12,xray,none,generic,0,False,class_090
train_005064,train/images.npz,5064,domain_10,ct,contrast,generic,1,False,class_076
train_005065,train/images.npz,5065,domain_03,xray,none,generic,0,False,class_020
train_005066,train/images.npz,5066,domain_03,xray,noise,generic,1,False,class_018
train_005067,train/images.npz,5067,domain_00,3d_projection,blur,generic,2,False,class_000
train_005068,train/images.npz,5068,domain_13,retinal,none,generic,0,False,class_092
train_005069,train/images.npz,5069,domain_06,retinal,noise,generic,1,False,class_032
train_005070,train/images.npz,5070,domain_14,3d_projection,none,generic,0,False,class_096
train_005071,train/images.npz,5071,domain_11,microscopy,noise,generic,1,False,class_085
train_005072,train/images.npz,5072,domain_15,microscopy,none,generic,0,False,class_103
train_005073,train/images.npz,5073,domain_09,3d_projection,none,generic,0,False,class_065
train_005074,train/images.npz,5074,domain_09,3d_projection,noise,generic,2,False,class_065
train_005075,train/images.npz,5075,domain_01,microscopy,none,generic,0,False,class_005
train_005076,train/images.npz,5076,domain_09,3d_projection,none,generic,0,False,class_062
train_005077,train/images.npz,5077,domain_10,ct,noise,generic,1,False,class_075
train_005078,train/images.npz,5078,domain_09,3d_projection,none,generic,0,False,class_068
train_005079,train/images.npz,5079,domain_08,ct,noise,generic,2,False,class_047
train_005080,train/images.npz,5080,domain_12,xray,noise,generic,2,False,class_090
train_005081,train/images.npz,5081,domain_11,microscopy,brightness,generic,1,False,class_082
train_005082,train/images.npz,5082,domain_13,retinal,noise,generic,1,False,class_094
train_005083,train/images.npz,5083,domain_07,ct,none,generic,0,False,class_046
train_005084,train/images.npz,5084,domain_13,retinal,noise,generic,1,False,class_092
train_005085,train/images.npz,5085,domain_13,retinal,none,generic,0,False,class_091
train_005086,train/images.npz,5086,domain_10,ct,contrast,generic,1,False,class_074
train_005087,train/images.npz,5087,domain_15,microscopy,contrast,generic,1,False,class_105
train_005088,train/images.npz,5088,domain_08,ct,none,generic,0,False,class_057
train_005089,train/images.npz,5089,domain_08,ct,none,generic,0,False,class_057
train_005090,train/images.npz,5090,domain_11,microscopy,contrast,generic,1,False,class_082
train_005091,train/images.npz,5091,domain_08,ct,contrast,generic,1,False,class_055
train_005092,train/images.npz,5092,domain_03,xray,none,generic,0,False,class_015
train_005093,train/images.npz,5093,domain_03,xray,contrast,generic,1,False,class_019
train_005094,train/images.npz,5094,domain_07,ct,blur,generic,1,False,class_044
train_005095,train/images.npz,5095,domain_06,retinal,blur,generic,1,False,class_032
train_005096,train/images.npz,5096,domain_07,ct,none,generic,0,False,class_040
train_005097,train/images.npz,5097,domain_07,ct,none,generic,0,False,class_043
train_005098,train/images.npz,5098,domain_10,ct,noise,generic,2,False,class_077
train_005099,train/images.npz,5099,domain_15,microscopy,contrast,generic,1,False,class_105
train_005100,train/images.npz,5100,domain_06,retinal,blur,generic,1,False,class_035
train_005101,train/images.npz,5101,domain_08,ct,noise,generic,1,False,class_055
train_005102,train/images.npz,5102,domain_04,3d_projection,none,generic,0,False,class_028
train_005103,train/images.npz,5103,domain_03,xray,contrast,generic,2,False,class_023
train_005104,train/images.npz,5104,domain_16,3d_projection,none,generic,0,False,class_107
train_005105,train/images.npz,5105,domain_02,ultrasound,none,generic,0,False,class_010
train_005106,train/images.npz,5106,domain_01,microscopy,brightness,generic,1,False,class_004
train_005107,train/images.npz,5107,domain_10,ct,blur,generic,1,False,class_079
train_005108,train/images.npz,5108,domain_13,retinal,contrast,generic,2,False,class_093
train_005109,train/images.npz,5109,domain_11,microscopy,noise,generic,1,False,class_082
train_005110,train/images.npz,5110,domain_15,microscopy,noise,generic,1,False,class_105
train_005111,train/images.npz,5111,domain_09,3d_projection,none,generic,0,False,class_067
train_005112,train/images.npz,5112,domain_01,microscopy,contrast,generic,1,False,class_004
train_005113,train/images.npz,5113,domain_03,xray,contrast,generic,1,False,class_014
train_005114,train/images.npz,5114,domain_00,3d_projection,contrast,generic,1,False,class_001
train_005115,train/images.npz,5115,domain_01,microscopy,none,generic,0,False,class_007
train_005116,train/images.npz,5116,domain_07,ct,contrast,generic,2,False,class_040
train_005117,train/images.npz,5117,domain_10,ct,blur,generic,1,False,class_071
train_005118,train/images.npz,5118,domain_01,microscopy,noise,generic,1,False,class_007
train_005119,train/images.npz,5119,domain_03,xray,none,generic,0,False,class_015
train_005120,train/images.npz,5120,domain_00,3d_projection,none,generic,0,False,class_001
train_005121,train/images.npz,5121,domain_15,microscopy,noise,generic,1,False,class_102
train_005122,train/images.npz,5122,domain_01,microscopy,none,generic,0,False,class_007
train_005123,train/images.npz,5123,domain_12,xray,none,generic,0,False,class_090
train_005124,train/images.npz,5124,domain_10,ct,none,generic,0,False,class_072
train_005125,train/images.npz,5125,domain_10,ct,none,generic,0,False,class_073
train_005126,train/images.npz,5126,domain_05,3d_projection,contrast,generic,1,False,class_031
train_005127,train/images.npz,5127,domain_11,microscopy,blur,generic,1,False,class_085
train_005128,train/images.npz,5128,domain_01,microscopy,none,generic,0,False,class_005
train_005129,train/images.npz,5129,domain_08,ct,noise,generic,1,False,class_053
train_005130,train/images.npz,5130,domain_03,xray,blur,generic,1,False,class_022
train_005131,train/images.npz,5131,domain_03,xray,blur,generic,1,False,class_025
train_005132,train/images.npz,5132,domain_13,retinal,none,generic,0,False,class_093
train_005133,train/images.npz,5133,domain_15,microscopy,none,generic,0,False,class_099
train_005134,train/images.npz,5134,domain_04,3d_projection,none,generic,0,False,class_029
train_005135,train/images.npz,5135,domain_01,microscopy,noise,generic,2,False,class_007
train_005136,train/images.npz,5136,domain_15,microscopy,none,generic,0,False,class_100
train_005137,train/images.npz,5137,domain_08,ct,none,generic,0,False,class_051
train_005138,train/images.npz,5138,domain_06,retinal,contrast,generic,1,False,class_033
train_005139,train/images.npz,5139,domain_10,ct,blur,generic,1,False,class_075
train_005140,train/images.npz,5140,domain_09,3d_projection,contrast,generic,1,False,class_067
train_005141,train/images.npz,5141,domain_07,ct,noise,generic,2,False,class_040
train_005142,train/images.npz,5142,domain_00,3d_projection,contrast,generic,1,False,class_000
train_005143,train/images.npz,5143,domain_14,3d_projection,noise,generic,2,False,class_096
train_005144,train/images.npz,5144,domain_11,microscopy,contrast,generic,1,False,class_087
train_005145,train/images.npz,5145,domain_03,xray,blur,generic,2,False,class_017
train_005146,train/images.npz,5146,domain_03,xray,none,generic,0,False,class_024
train_005147,train/images.npz,5147,domain_09,3d_projection,contrast,generic,1,False,class_066
train_005148,train/images.npz,5148,domain_01,microscopy,none,generic,0,False,class_007
train_005149,train/images.npz,5149,domain_01,microscopy,none,generic,0,False,class_008
train_005150,train/images.npz,5150,domain_07,ct,contrast,generic,1,False,class_045
train_005151,train/images.npz,5151,domain_03,xray,blur,generic,1,False,class_017
train_005152,train/images.npz,5152,domain_07,ct,none,generic,0,False,class_038
train_005153,train/images.npz,5153,domain_09,3d_projection,noise,generic,1,False,class_062
train_005154,train/images.npz,5154,domain_03,xray,noise,generic,2,False,class_013
train_005155,train/images.npz,5155,domain_11,microscopy,noise,generic,1,False,class_087
train_005156,train/images.npz,5156,domain_01,microscopy,contrast,generic,1,False,class_002
train_005157,train/images.npz,5157,domain_07,ct,none,generic,0,False,class_046
train_005158,train/images.npz,5158,domain_15,microscopy,noise,generic,2,False,class_105
train_005159,train/images.npz,5159,domain_11,microscopy,none,generic,0,False,class_088
train_005160,train/images.npz,5160,domain_15,microscopy,noise,generic,1,False,class_103
train_005161,train/images.npz,5161,domain_15,microscopy,none,generic,0,False,class_102
train_005162,train/images.npz,5162,domain_03,xray,none,generic,0,False,class_025
train_005163,train/images.npz,5163,domain_10,ct,none,generic,0,False,class_071
train_005164,train/images.npz,5164,domain_01,microscopy,brightness,generic,1,False,class_009
train_005165,train/images.npz,5165,domain_10,ct,brightness,generic,1,False,class_075
train_005166,train/images.npz,5166,domain_09,3d_projection,brightness,generic,2,False,class_063
train_005167,train/images.npz,5167,domain_10,ct,none,generic,0,False,class_077
train_005168,train/images.npz,5168,domain_07,ct,none,generic,0,False,class_040
train_005169,train/images.npz,5169,domain_09,3d_projection,none,generic,0,False,class_062
train_005170,train/images.npz,5170,domain_09,3d_projection,none,generic,0,False,class_060
train_005171,train/images.npz,5171,domain_03,xray,contrast,generic,2,False,class_023
train_005172,train/images.npz,5172,domain_09,3d_projection,none,generic,0,False,class_059
train_005173,train/images.npz,5173,domain_06,retinal,contrast,generic,1,False,class_034
train_005174,train/images.npz,5174,domain_11,microscopy,contrast,generic,1,False,class_081
train_005175,train/images.npz,5175,domain_06,retinal,none,generic,0,False,class_032
train_005176,train/images.npz,5176,domain_09,3d_projection,none,generic,0,False,class_059
train_005177,train/images.npz,5177,domain_03,xray,none,generic,0,False,class_013
train_005178,train/images.npz,5178,domain_08,ct,noise,generic,1,False,class_054
train_005179,train/images.npz,5179,domain_03,xray,none,generic,0,False,class_017
train_005180,train/images.npz,5180,domain_07,ct,contrast,generic,2,False,class_038
train_005181,train/images.npz,5181,domain_03,xray,none,generic,0,False,class_025
train_005182,train/images.npz,5182,domain_08,ct,noise,generic,2,False,class_057
train_005183,train/images.npz,5183,domain_05,3d_projection,contrast,generic,1,False,class_030
train_005184,train/images.npz,5184,domain_01,microscopy,contrast,generic,1,False,class_007
train_005185,train/images.npz,5185,domain_14,3d_projection,none,generic,0,False,class_097
train_005186,train/images.npz,5186,domain_15,microscopy,none,generic,0,False,class_101
train_005187,train/images.npz,5187,domain_15,microscopy,none,generic,0,False,class_101
train_005188,train/images.npz,5188,domain_08,ct,none,generic,0,False,class_051
train_005189,train/images.npz,5189,domain_16,3d_projection,blur,generic,2,False,class_107
train_005190,train/images.npz,5190,domain_06,retinal,noise,generic,2,False,class_034
train_005191,train/images.npz,5191,domain_03,xray,none,generic,0,False,class_021
train_005192,train/images.npz,5192,domain_10,ct,none,generic,0,False,class_076
train_005193,train/images.npz,5193,domain_10,ct,brightness,generic,1,False,class_078
train_005194,train/images.npz,5194,domain_03,xray,contrast,generic,2,False,class_020
train_005195,train/images.npz,5195,domain_00,3d_projection,contrast,generic,1,False,class_000
train_005196,train/images.npz,5196,domain_11,microscopy,none,generic,0,False,class_086
train_005197,train/images.npz,5197,domain_06,retinal,none,generic,0,False,class_033
train_005198,train/images.npz,5198,domain_03,xray,none,generic,0,False,class_019
train_005199,train/images.npz,5199,domain_01,microscopy,blur,generic,1,False,class_002
train_005200,train/images.npz,5200,domain_01,microscopy,none,generic,0,False,class_003
train_005201,train/images.npz,5201,domain_04,3d_projection,none,generic,0,False,class_027
train_005202,train/images.npz,5202,domain_09,3d_projection,none,generic,0,False,class_068
train_005203,train/images.npz,5203,domain_11,microscopy,none,generic,0,False,class_085
train_005204,train/images.npz,5204,domain_13,retinal,none,generic,0,False,class_092
train_005205,train/images.npz,5205,domain_11,microscopy,none,generic,0,False,class_081
train_005206,train/images.npz,5206,domain_13,retinal,none,generic,0,False,class_095
train_005207,train/images.npz,5207,domain_13,retinal,brightness,generic,2,False,class_094
train_005208,train/images.npz,5208,domain_08,ct,contrast,generic,1,False,class_051
train_005209,train/images.npz,5209,domain_13,retinal,contrast,generic,1,False,class_092
train_005210,train/images.npz,5210,domain_01,microscopy,brightness,generic,1,False,class_003
train_005211,train/images.npz,5211,domain_01,microscopy,noise,generic,2,False,class_003
train_005212,train/images.npz,5212,domain_02,ultrasound,blur,generic,1,False,class_010
train_005213,train/images.npz,5213,domain_10,ct,contrast,generic,2,False,class_070
train_005214,train/images.npz,5214,domain_10,ct,none,generic,0,False,class_078
train_005215,train/images.npz,5215,domain_01,microscopy,brightness,generic,1,False,class_002
train_005216,train/images.npz,5216,domain_11,microscopy,none,generic,0,False,class_084
train_005217,train/images.npz,5217,domain_13,retinal,brightness,generic,1,False,class_095
train_005218,train/images.npz,5218,domain_09,3d_projection,blur,generic,1,False,class_058
train_005219,train/images.npz,5219,domain_03,xray,none,generic,0,False,class_016
train_005220,train/images.npz,5220,domain_08,ct,brightness,generic,2,False,class_048
train_005221,train/images.npz,5221,domain_03,xray,brightness,generic,1,False,class_021
train_005222,train/images.npz,5222,domain_10,ct,blur,generic,1,False,class_074
train_005223,train/images.npz,5223,domain_01,microscopy,none,generic,0,False,class_007
train_005224,train/images.npz,5224,domain_03,xray,none,generic,0,False,class_023
train_005225,train/images.npz,5225,domain_09,3d_projection,noise,generic,1,False,class_066
train_005226,train/images.npz,5226,domain_01,microscopy,none,generic,0,False,class_004
train_005227,train/images.npz,5227,domain_04,3d_projection,none,generic,0,False,class_027
train_005228,train/images.npz,5228,domain_10,ct,none,generic,0,False,class_073
train_005229,train/images.npz,5229,domain_03,xray,brightness,generic,2,False,class_020
train_005230,train/images.npz,5230,domain_01,microscopy,none,generic,0,False,class_002
train_005231,train/images.npz,5231,domain_00,3d_projection,none,generic,0,False,class_001
train_005232,train/images.npz,5232,domain_04,3d_projection,contrast,generic,1,False,class_028
train_005233,train/images.npz,5233,domain_08,ct,contrast,generic,1,False,class_053
train_005234,train/images.npz,5234,domain_09,3d_projection,contrast,generic,2,False,class_066
train_005235,train/images.npz,5235,domain_11,microscopy,none,generic,0,False,class_081
train_005236,train/images.npz,5236,domain_03,xray,noise,generic,1,False,class_026
train_005237,train/images.npz,5237,domain_07,ct,noise,generic,1,False,class_043
train_005238,train/images.npz,5238,domain_09,3d_projection,contrast,generic,1,False,class_058
train_005239,train/images.npz,5239,domain_03,xray,none,generic,0,False,class_013
train_005240,train/images.npz,5240,domain_15,microscopy,contrast,generic,1,False,class_101
train_005241,train/images.npz,5241,domain_07,ct,blur,generic,1,False,class_045
train_005242,train/images.npz,5242,domain_13,retinal,none,generic,0,False,class_093
train_005243,train/images.npz,5243,domain_15,microscopy,none,generic,0,False,class_103
train_005244,train/images.npz,5244,domain_07,ct,contrast,generic,1,False,class_043
train_005245,train/images.npz,5245,domain_08,ct,none,generic,0,False,class_049
train_005246,train/images.npz,5246,domain_11,microscopy,none,generic,0,False,class_083
train_005247,train/images.npz,5247,domain_08,ct,noise,generic,2,False,class_052
train_005248,train/images.npz,5248,domain_15,microscopy,contrast,generic,1,False,class_103
train_005249,train/images.npz,5249,domain_13,retinal,contrast,generic,1,False,class_092
train_005250,train/images.npz,5250,domain_09,3d_projection,blur,generic,1,False,class_059
train_005251,train/images.npz,5251,domain_10,ct,none,generic,0,False,class_071
train_005252,train/images.npz,5252,domain_07,ct,none,generic,0,False,class_038
train_005253,train/images.npz,5253,domain_10,ct,none,generic,0,False,class_071
train_005254,train/images.npz,5254,domain_13,retinal,none,generic,0,False,class_091
train_005255,train/images.npz,5255,domain_06,retinal,none,generic,0,False,class_033
train_005256,train/images.npz,5256,domain_10,ct,noise,generic,1,False,class_071
train_005257,train/images.npz,5257,domain_08,ct,contrast,generic,1,False,class_052
train_005258,train/images.npz,5258,domain_10,ct,blur,generic,2,False,class_077
train_005259,train/images.npz,5259,domain_13,retinal,contrast,generic,1,False,class_095
train_005260,train/images.npz,5260,domain_15,microscopy,none,generic,0,False,class_098
train_005261,train/images.npz,5261,domain_09,3d_projection,brightness,generic,2,False,class_059
train_005262,train/images.npz,5262,domain_03,xray,none,generic,0,False,class_018
train_005263,train/images.npz,5263,domain_15,microscopy,contrast,generic,1,False,class_104
train_005264,train/images.npz,5264,domain_08,ct,brightness,generic,1,False,class_057
train_005265,train/images.npz,5265,domain_07,ct,none,generic,0,False,class_037
train_005266,train/images.npz,5266,domain_09,3d_projection,brightness,generic,1,False,class_066
train_005267,train/images.npz,5267,domain_14,3d_projection,noise,generic,1,False,class_097
train_005268,train/images.npz,5268,domain_11,microscopy,none,generic,0,False,class_081
train_005269,train/images.npz,5269,domain_04,3d_projection,contrast,generic,2,False,class_029
train_005270,train/images.npz,5270,domain_09,3d_projection,brightness,generic,1,False,class_059
train_005271,train/images.npz,5271,domain_09,3d_projection,blur,generic,1,False,class_061
train_005272,train/images.npz,5272,domain_10,ct,none,generic,0,False,class_070
train_005273,train/images.npz,5273,domain_11,microscopy,none,generic,0,False,class_087
train_005274,train/images.npz,5274,domain_04,3d_projection,noise,generic,1,False,class_028
train_005275,train/images.npz,5275,domain_07,ct,none,generic,0,False,class_046
train_005276,train/images.npz,5276,domain_09,3d_projection,contrast,generic,1,False,class_062
train_005277,train/images.npz,5277,domain_02,ultrasound,contrast,generic,1,False,class_011
train_005278,train/images.npz,5278,domain_06,retinal,none,generic,0,False,class_032
train_005279,train/images.npz,5279,domain_08,ct,brightness,generic,1,False,class_054
train_005280,train/images.npz,5280,domain_03,xray,none,generic,0,False,class_019
train_005281,train/images.npz,5281,domain_02,ultrasound,contrast,generic,1,False,class_011
train_005282,train/images.npz,5282,domain_14,3d_projection,contrast,generic,1,False,class_096
train_005283,train/images.npz,5283,domain_08,ct,noise,generic,1,False,class_055
train_005284,train/images.npz,5284,domain_10,ct,none,generic,0,False,class_072
train_005285,train/images.npz,5285,domain_03,xray,none,generic,0,False,class_023
train_005286,train/images.npz,5286,domain_11,microscopy,noise,generic,1,False,class_088
train_005287,train/images.npz,5287,domain_01,microscopy,blur,generic,1,False,class_002
train_005288,train/images.npz,5288,domain_11,microscopy,contrast,generic,1,False,class_080
train_005289,train/images.npz,5289,domain_11,microscopy,blur,generic,1,False,class_087
train_005290,train/images.npz,5290,domain_12,xray,noise,generic,1,False,class_090
train_005291,train/images.npz,5291,domain_09,3d_projection,contrast,generic,1,False,class_064
train_005292,train/images.npz,5292,domain_14,3d_projection,brightness,generic,1,False,class_097
train_005293,train/images.npz,5293,domain_10,ct,none,generic,0,False,class_074
train_005294,train/images.npz,5294,domain_07,ct,none,generic,0,False,class_036
train_005295,train/images.npz,5295,domain_15,microscopy,noise,generic,2,False,class_098
train_005296,train/images.npz,5296,domain_01,microscopy,none,generic,0,False,class_009
train_005297,train/images.npz,5297,domain_06,retinal,blur,generic,1,False,class_034
train_005298,train/images.npz,5298,domain_15,microscopy,brightness,generic,1,False,class_104
train_005299,train/images.npz,5299,domain_15,microscopy,noise,generic,1,False,class_098
train_005300,train/images.npz,5300,domain_07,ct,none,generic,0,False,class_037
train_005301,train/images.npz,5301,domain_08,ct,noise,generic,2,False,class_050
train_005302,train/images.npz,5302,domain_01,microscopy,none,generic,0,False,class_007
train_005303,train/images.npz,5303,domain_03,xray,brightness,generic,1,False,class_013
train_005304,train/images.npz,5304,domain_01,microscopy,none,generic,0,False,class_009
train_005305,train/images.npz,5305,domain_07,ct,contrast,generic,1,False,class_039
train_005306,train/images.npz,5306,domain_10,ct,blur,generic,1,False,class_072
train_005307,train/images.npz,5307,domain_04,3d_projection,brightness,generic,2,False,class_028
train_005308,train/images.npz,5308,domain_08,ct,none,generic,0,False,class_056
train_005309,train/images.npz,5309,domain_14,3d_projection,contrast,generic,1,False,class_096
train_005310,train/images.npz,5310,domain_09,3d_projection,none,generic,0,False,class_063
train_005311,train/images.npz,5311,domain_12,xray,noise,generic,1,False,class_089
train_005312,train/images.npz,5312,domain_07,ct,none,generic,0,False,class_040
train_005313,train/images.npz,5313,domain_10,ct,brightness,generic,1,False,class_069
train_005314,train/images.npz,5314,domain_09,3d_projection,blur,generic,1,False,class_068
train_005315,train/images.npz,5315,domain_07,ct,noise,generic,1,False,class_037
train_005316,train/images.npz,5316,domain_03,xray,contrast,generic,1,False,class_024
train_005317,train/images.npz,5317,domain_06,retinal,noise,generic,1,False,class_033
train_005318,train/images.npz,5318,domain_03,xray,none,generic,0,False,class_018
train_005319,train/images.npz,5319,domain_15,microscopy,none,generic,0,False,class_101
train_005320,train/images.npz,5320,domain_07,ct,noise,generic,1,False,class_040
train_005321,train/images.npz,5321,domain_11,microscopy,none,generic,0,False,class_084
train_005322,train/images.npz,5322,domain_10,ct,blur,generic,1,False,class_069
train_005323,train/images.npz,5323,domain_09,3d_projection,noise,generic,1,False,class_064
train_005324,train/images.npz,5324,domain_11,microscopy,none,generic,0,False,class_083
train_005325,train/images.npz,5325,domain_10,ct,brightness,generic,2,False,class_076
train_005326,train/images.npz,5326,domain_08,ct,none,generic,0,False,class_056
train_005327,train/images.npz,5327,domain_09,3d_projection,none,generic,0,False,class_063
train_005328,train/images.npz,5328,domain_01,microscopy,none,generic,0,False,class_003
train_005329,train/images.npz,5329,domain_16,3d_projection,noise,generic,1,False,class_106
train_005330,train/images.npz,5330,domain_07,ct,none,generic,0,False,class_037
train_005331,train/images.npz,5331,domain_06,retinal,noise,generic,1,False,class_035
train_005332,train/images.npz,5332,domain_01,microscopy,none,generic,0,False,class_002
train_005333,train/images.npz,5333,domain_00,3d_projection,contrast,generic,1,False,class_000
train_005334,train/images.npz,5334,domain_10,ct,none,generic,0,False,class_069
train_005335,train/images.npz,5335,domain_08,ct,none,generic,0,False,class_053
train_005336,train/images.npz,5336,domain_11,microscopy,none,generic,0,False,class_083
train_005337,train/images.npz,5337,domain_08,ct,brightness,generic,1,False,class_054
train_005338,train/images.npz,5338,domain_06,retinal,none,generic,0,False,class_034
train_005339,train/images.npz,5339,domain_03,xray,blur,generic,1,False,class_020
train_005340,train/images.npz,5340,domain_03,xray,none,generic,0,False,class_017
train_005341,train/images.npz,5341,domain_01,microscopy,none,generic,0,False,class_002
train_005342,train/images.npz,5342,domain_15,microscopy,none,generic,0,False,class_099
train_005343,train/images.npz,5343,domain_15,microscopy,blur,generic,1,False,class_104
train_005344,train/images.npz,5344,domain_14,3d_projection,none,generic,0,False,class_096
train_005345,train/images.npz,5345,domain_10,ct,none,generic,0,False,class_079
train_005346,train/images.npz,5346,domain_11,microscopy,none,generic,0,False,class_088
train_005347,train/images.npz,5347,domain_10,ct,none,generic,0,False,class_078
train_005348,train/images.npz,5348,domain_13,retinal,none,generic,0,False,class_094
train_005349,train/images.npz,5349,domain_08,ct,none,generic,0,False,class_053
train_005350,train/images.npz,5350,domain_11,microscopy,none,generic,0,False,class_086
train_005351,train/images.npz,5351,domain_10,ct,noise,generic,1,False,class_078
train_005352,train/images.npz,5352,domain_10,ct,none,generic,0,False,class_069
train_005353,train/images.npz,5353,domain_12,xray,none,generic,0,False,class_089
train_005354,train/images.npz,5354,domain_09,3d_projection,none,generic,0,False,class_058
train_005355,train/images.npz,5355,domain_14,3d_projection,none,generic,0,False,class_097
train_005356,train/images.npz,5356,domain_03,xray,brightness,generic,2,False,class_024
train_005357,train/images.npz,5357,domain_12,xray,none,generic,0,False,class_090
train_005358,train/images.npz,5358,domain_15,microscopy,noise,generic,2,False,class_100
train_005359,train/images.npz,5359,domain_01,microscopy,none,generic,0,False,class_006
train_005360,train/images.npz,5360,domain_03,xray,blur,generic,1,False,class_023
train_005361,train/images.npz,5361,domain_16,3d_projection,none,generic,0,False,class_107
train_005362,train/images.npz,5362,domain_05,3d_projection,blur,generic,1,False,class_031
train_005363,train/images.npz,5363,domain_15,microscopy,none,generic,0,False,class_101
train_005364,train/images.npz,5364,domain_10,ct,none,generic,0,False,class_072
train_005365,train/images.npz,5365,domain_08,ct,none,generic,0,False,class_049
train_005366,train/images.npz,5366,domain_14,3d_projection,contrast,generic,1,False,class_096
train_005367,train/images.npz,5367,domain_08,ct,noise,generic,1,False,class_056
train_005368,train/images.npz,5368,domain_09,3d_projection,blur,generic,2,False,class_058
train_005369,train/images.npz,5369,domain_09,3d_projection,none,generic,0,False,class_068
train_005370,train/images.npz,5370,domain_09,3d_projection,none,generic,0,False,class_060
train_005371,train/images.npz,5371,domain_07,ct,blur,generic,1,False,class_046
train_005372,train/images.npz,5372,domain_03,xray,brightness,generic,2,False,class_020
train_005373,train/images.npz,5373,domain_11,microscopy,none,generic,0,False,class_080
train_005374,train/images.npz,5374,domain_09,3d_projection,none,generic,0,False,class_064
train_005375,train/images.npz,5375,domain_02,ultrasound,brightness,generic,2,False,class_011
train_005376,train/images.npz,5376,domain_04,3d_projection,none,generic,0,False,class_028
train_005377,train/images.npz,5377,domain_07,ct,none,generic,0,False,class_039
train_005378,train/images.npz,5378,domain_15,microscopy,none,generic,0,False,class_098
train_005379,train/images.npz,5379,domain_10,ct,none,generic,0,False,class_077
train_005380,train/images.npz,5380,domain_03,xray,blur,generic,1,False,class_014
train_005381,train/images.npz,5381,domain_05,3d_projection,none,generic,0,False,class_031
train_005382,train/images.npz,5382,domain_06,retinal,none,generic,0,False,class_035
train_005383,train/images.npz,5383,domain_11,microscopy,none,generic,0,False,class_083
train_005384,train/images.npz,5384,domain_03,xray,none,generic,0,False,class_012
train_005385,train/images.npz,5385,domain_01,microscopy,noise,generic,1,False,class_005
train_005386,train/images.npz,5386,domain_08,ct,none,generic,0,False,class_050
train_005387,train/images.npz,5387,domain_09,3d_projection,brightness,generic,1,False,class_067
train_005388,train/images.npz,5388,domain_11,microscopy,none,generic,0,False,class_086
train_005389,train/images.npz,5389,domain_07,ct,brightness,generic,2,False,class_043
train_005390,train/images.npz,5390,domain_09,3d_projection,noise,generic,1,False,class_062
train_005391,train/images.npz,5391,domain_08,ct,none,generic,0,False,class_057
train_005392,train/images.npz,5392,domain_07,ct,noise,generic,1,False,class_046
train_005393,train/images.npz,5393,domain_09,3d_projection,brightness,generic,2,False,class_063
train_005394,train/images.npz,5394,domain_03,xray,none,generic,0,False,class_012
train_005395,train/images.npz,5395,domain_03,xray,blur,generic,1,False,class_021
train_005396,train/images.npz,5396,domain_06,retinal,none,generic,0,False,class_033
train_005397,train/images.npz,5397,domain_13,retinal,brightness,generic,2,False,class_094
train_005398,train/images.npz,5398,domain_09,3d_projection,blur,generic,2,False,class_058
train_005399,train/images.npz,5399,domain_03,xray,contrast,generic,1,False,class_013
train_005400,train/images.npz,5400,domain_11,microscopy,none,generic,0,False,class_087
train_005401,train/images.npz,5401,domain_06,retinal,noise,generic,1,False,class_032
train_005402,train/images.npz,5402,domain_03,xray,none,generic,0,False,class_013
train_005403,train/images.npz,5403,domain_15,microscopy,blur,generic,1,False,class_099
train_005404,train/images.npz,5404,domain_12,xray,contrast,generic,1,False,class_090
train_005405,train/images.npz,5405,domain_14,3d_projection,brightness,generic,1,False,class_096
train_005406,train/images.npz,5406,domain_11,microscopy,none,generic,0,False,class_086
train_005407,train/images.npz,5407,domain_13,retinal,blur,generic,1,False,class_092
train_005408,train/images.npz,5408,domain_03,xray,noise,generic,1,False,class_015
train_005409,train/images.npz,5409,domain_01,microscopy,contrast,generic,2,False,class_002
train_005410,train/images.npz,5410,domain_11,microscopy,noise,generic,2,False,class_087
train_005411,train/images.npz,5411,domain_03,xray,none,generic,0,False,class_024
train_005412,train/images.npz,5412,domain_10,ct,none,generic,0,False,class_076
train_005413,train/images.npz,5413,domain_03,xray,none,generic,0,False,class_025
train_005414,train/images.npz,5414,domain_11,microscopy,blur,generic,2,False,class_086
train_005415,train/images.npz,5415,domain_03,xray,contrast,generic,2,False,class_018
train_005416,train/images.npz,5416,domain_08,ct,none,generic,0,False,class_057
train_005417,train/images.npz,5417,domain_08,ct,contrast,generic,1,False,class_049
train_005418,train/images.npz,5418,domain_15,microscopy,brightness,generic,1,False,class_100
train_005419,train/images.npz,5419,domain_04,3d_projection,contrast,generic,1,False,class_028
train_005420,train/images.npz,5420,domain_08,ct,none,generic,0,False,class_048
train_005421,train/images.npz,5421,domain_01,microscopy,none,generic,0,False,class_004
train_005422,train/images.npz,5422,domain_11,microscopy,none,generic,0,False,class_088
train_005423,train/images.npz,5423,domain_07,ct,blur,generic,1,False,class_044
train_005424,train/images.npz,5424,domain_03,xray,blur,generic,2,False,class_022
train_005425,train/images.npz,5425,domain_03,xray,none,generic,0,False,class_021
train_005426,train/images.npz,5426,domain_15,microscopy,noise,generic,1,False,class_105
train_005427,train/images.npz,5427,domain_08,ct,none,generic,0,False,class_053
train_005428,train/images.npz,5428,domain_03,xray,none,generic,0,False,class_019
train_005429,train/images.npz,5429,domain_01,microscopy,noise,generic,1,False,class_003
train_005430,train/images.npz,5430,domain_08,ct,contrast,generic,1,False,class_049
train_005431,train/images.npz,5431,domain_01,microscopy,none,generic,0,False,class_007
train_005432,train/images.npz,5432,domain_07,ct,none,generic,0,False,class_046
train_005433,train/images.npz,5433,domain_09,3d_projection,none,generic,0,False,class_059
train_005434,train/images.npz,5434,domain_04,3d_projection,brightness,generic,1,False,class_027
train_005435,train/images.npz,5435,domain_03,xray,blur,generic,2,False,class_026
train_005436,train/images.npz,5436,domain_11,microscopy,none,generic,0,False,class_080
train_005437,train/images.npz,5437,domain_08,ct,contrast,generic,1,False,class_052
train_005438,train/images.npz,5438,domain_08,ct,noise,generic,1,False,class_050
train_005439,train/images.npz,5439,domain_07,ct,blur,generic,1,False,class_037
train_005440,train/images.npz,5440,domain_09,3d_projection,contrast,generic,1,False,class_062
train_005441,train/images.npz,5441,domain_09,3d_projection,none,generic,0,False,class_068
train_005442,train/images.npz,5442,domain_01,microscopy,none,generic,0,False,class_002
train_005443,train/images.npz,5443,domain_07,ct,none,generic,0,False,class_040
train_005444,train/images.npz,5444,domain_07,ct,brightness,generic,2,False,class_041
train_005445,train/images.npz,5445,domain_03,xray,none,generic,0,False,class_013
train_005446,train/images.npz,5446,domain_06,retinal,none,generic,0,False,class_033
train_005447,train/images.npz,5447,domain_10,ct,none,generic,0,False,class_071
train_005448,train/images.npz,5448,domain_04,3d_projection,contrast,generic,1,False,class_028
train_005449,train/images.npz,5449,domain_11,microscopy,none,generic,0,False,class_080
train_005450,train/images.npz,5450,domain_07,ct,contrast,generic,1,False,class_037
train_005451,train/images.npz,5451,domain_05,3d_projection,contrast,generic,2,False,class_030
train_005452,train/images.npz,5452,domain_01,microscopy,none,generic,0,False,class_004
train_005453,train/images.npz,5453,domain_11,microscopy,contrast,generic,2,False,class_083
train_005454,train/images.npz,5454,domain_07,ct,noise,generic,2,False,class_040
train_005455,train/images.npz,5455,domain_08,ct,blur,generic,2,False,class_048
train_005456,train/images.npz,5456,domain_15,microscopy,none,generic,0,False,class_100
train_005457,train/images.npz,5457,domain_15,microscopy,none,generic,0,False,class_102
train_005458,train/images.npz,5458,domain_11,microscopy,noise,generic,1,False,class_083
train_005459,train/images.npz,5459,domain_16,3d_projection,noise,generic,1,False,class_107
train_005460,train/images.npz,5460,domain_09,3d_projection,none,generic,0,False,class_067
train_005461,train/images.npz,5461,domain_03,xray,none,generic,0,False,class_019
train_005462,train/images.npz,5462,domain_07,ct,contrast,generic,1,False,class_037
train_005463,train/images.npz,5463,domain_11,microscopy,none,generic,0,False,class_087
train_005464,train/images.npz,5464,domain_10,ct,none,generic,0,False,class_074
train_005465,train/images.npz,5465,domain_08,ct,none,generic,0,False,class_051
train_005466,train/images.npz,5466,domain_10,ct,none,generic,0,False,class_074
train_005467,train/images.npz,5467,domain_07,ct,noise,generic,1,False,class_038
train_005468,train/images.npz,5468,domain_10,ct,none,generic,0,False,class_073
train_005469,train/images.npz,5469,domain_03,xray,brightness,generic,1,False,class_023
train_005470,train/images.npz,5470,domain_10,ct,brightness,generic,1,False,class_070
train_005471,train/images.npz,5471,domain_00,3d_projection,none,generic,0,False,class_000
train_005472,train/images.npz,5472,domain_16,3d_projection,none,generic,0,False,class_107
train_005473,train/images.npz,5473,domain_04,3d_projection,contrast,generic,1,False,class_027
train_005474,train/images.npz,5474,domain_00,3d_projection,none,generic,0,False,class_000
train_005475,train/images.npz,5475,domain_11,microscopy,brightness,generic,1,False,class_084
train_005476,train/images.npz,5476,domain_07,ct,none,generic,0,False,class_039
train_005477,train/images.npz,5477,domain_07,ct,noise,generic,1,False,class_036
train_005478,train/images.npz,5478,domain_02,ultrasound,noise,generic,1,False,class_011
train_005479,train/images.npz,5479,domain_03,xray,noise,generic,1,False,class_016
train_005480,train/images.npz,5480,domain_03,xray,contrast,generic,1,False,class_018
train_005481,train/images.npz,5481,domain_00,3d_projection,noise,generic,1,False,class_001
train_005482,train/images.npz,5482,domain_00,3d_projection,none,generic,0,False,class_000
train_005483,train/images.npz,5483,domain_12,xray,contrast,generic,1,False,class_090
train_005484,train/images.npz,5484,domain_00,3d_projection,none,generic,0,False,class_001
train_005485,train/images.npz,5485,domain_02,ultrasound,noise,generic,1,False,class_010
train_005486,train/images.npz,5486,domain_10,ct,brightness,generic,2,False,class_075
train_005487,train/images.npz,5487,domain_01,microscopy,none,generic,0,False,class_005
train_005488,train/images.npz,5488,domain_15,microscopy,contrast,generic,1,False,class_098
train_005489,train/images.npz,5489,domain_08,ct,none,generic,0,False,class_051
train_005490,train/images.npz,5490,domain_01,microscopy,none,generic,0,False,class_006
train_005491,train/images.npz,5491,domain_05,3d_projection,none,generic,0,False,class_030
train_005492,train/images.npz,5492,domain_10,ct,none,generic,0,False,class_076
train_005493,train/images.npz,5493,domain_01,microscopy,contrast,generic,1,False,class_004
train_005494,train/images.npz,5494,domain_03,xray,none,generic,0,False,class_020
train_005495,train/images.npz,5495,domain_10,ct,contrast,generic,1,False,class_075
train_005496,train/images.npz,5496,domain_11,microscopy,none,generic,0,False,class_085
train_005497,train/images.npz,5497,domain_09,3d_projection,none,generic,0,False,class_063
train_005498,train/images.npz,5498,domain_10,ct,none,generic,0,False,class_072
train_005499,train/images.npz,5499,domain_00,3d_projection,none,generic,0,False,class_001
train_005500,train/images.npz,5500,domain_16,3d_projection,noise,generic,2,False,class_106
train_005501,train/images.npz,5501,domain_03,xray,contrast,generic,1,False,class_017
train_005502,train/images.npz,5502,domain_10,ct,none,generic,0,False,class_076
train_005503,train/images.npz,5503,domain_07,ct,none,generic,0,False,class_044
train_005504,train/images.npz,5504,domain_03,xray,noise,generic,1,False,class_019
train_005505,train/images.npz,5505,domain_07,ct,noise,generic,2,False,class_043
train_005506,train/images.npz,5506,domain_03,xray,none,generic,0,False,class_015
train_005507,train/images.npz,5507,domain_11,microscopy,blur,generic,1,False,class_088
train_005508,train/images.npz,5508,domain_15,microscopy,none,generic,0,False,class_099
train_005509,train/images.npz,5509,domain_09,3d_projection,contrast,generic,2,False,class_067
train_005510,train/images.npz,5510,domain_11,microscopy,blur,generic,1,False,class_087
train_005511,train/images.npz,5511,domain_13,retinal,brightness,generic,1,False,class_093
train_005512,train/images.npz,5512,domain_10,ct,none,generic,0,False,class_069
train_005513,train/images.npz,5513,domain_11,microscopy,none,generic,0,False,class_084
train_005514,train/images.npz,5514,domain_15,microscopy,brightness,generic,2,False,class_098
train_005515,train/images.npz,5515,domain_09,3d_projection,none,generic,0,False,class_067
train_005516,train/images.npz,5516,domain_16,3d_projection,contrast,generic,1,False,class_107
train_005517,train/images.npz,5517,domain_07,ct,none,generic,0,False,class_044
train_005518,train/images.npz,5518,domain_07,ct,none,generic,0,False,class_036
train_005519,train/images.npz,5519,domain_03,xray,noise,generic,2,False,class_025
train_005520,train/images.npz,5520,domain_03,xray,blur,generic,2,False,class_015
train_005521,train/images.npz,5521,domain_07,ct,none,generic,0,False,class_041
train_005522,train/images.npz,5522,domain_14,3d_projection,blur,generic,1,False,class_096
train_005523,train/images.npz,5523,domain_11,microscopy,noise,generic,2,False,class_082
train_005524,train/images.npz,5524,domain_11,microscopy,noise,generic,2,False,class_084
train_005525,train/images.npz,5525,domain_03,xray,blur,generic,2,False,class_016
train_005526,train/images.npz,5526,domain_11,microscopy,contrast,generic,2,False,class_083
train_005527,train/images.npz,5527,domain_15,microscopy,noise,generic,1,False,class_102
train_005528,train/images.npz,5528,domain_09,3d_projection,none,generic,0,False,class_063
train_005529,train/images.npz,5529,domain_04,3d_projection,none,generic,0,False,class_027
train_005530,train/images.npz,5530,domain_07,ct,blur,generic,2,False,class_040
train_005531,train/images.npz,5531,domain_11,microscopy,none,generic,0,False,class_085
train_005532,train/images.npz,5532,domain_07,ct,none,generic,0,False,class_043
train_005533,train/images.npz,5533,domain_11,microscopy,noise,generic,1,False,class_082
train_005534,train/images.npz,5534,domain_03,xray,contrast,generic,1,False,class_025
train_005535,train/images.npz,5535,domain_09,3d_projection,noise,generic,2,False,class_059
train_005536,train/images.npz,5536,domain_13,retinal,contrast,generic,1,False,class_093
train_005537,train/images.npz,5537,domain_10,ct,brightness,generic,1,False,class_071
train_005538,train/images.npz,5538,domain_09,3d_projection,blur,generic,1,False,class_063
train_005539,train/images.npz,5539,domain_02,ultrasound,none,generic,0,False,class_010
train_005540,train/images.npz,5540,domain_09,3d_projection,contrast,generic,1,False,class_061
train_005541,train/images.npz,5541,domain_08,ct,brightness,generic,1,False,class_048
train_005542,train/images.npz,5542,domain_07,ct,none,generic,0,False,class_044
train_005543,train/images.npz,5543,domain_07,ct,none,generic,0,False,class_036
train_005544,train/images.npz,5544,domain_05,3d_projection,none,generic,0,False,class_031
train_005545,train/images.npz,5545,domain_11,microscopy,contrast,generic,1,False,class_083
train_005546,train/images.npz,5546,domain_12,xray,noise,generic,1,False,class_089
train_005547,train/images.npz,5547,domain_14,3d_projection,none,generic,0,False,class_097
train_005548,train/images.npz,5548,domain_13,retinal,none,generic,0,False,class_091
train_005549,train/images.npz,5549,domain_03,xray,noise,generic,1,False,class_019
train_005550,train/images.npz,5550,domain_03,xray,none,generic,0,False,class_025
train_005551,train/images.npz,5551,domain_03,xray,brightness,generic,1,False,class_023
train_005552,train/images.npz,5552,domain_12,xray,noise,generic,1,False,class_089
train_005553,train/images.npz,5553,domain_03,xray,none,generic,0,False,class_012
train_005554,train/images.npz,5554,domain_08,ct,none,generic,0,False,class_054
train_005555,train/images.npz,5555,domain_01,microscopy,noise,generic,1,False,class_004
train_005556,train/images.npz,5556,domain_09,3d_projection,noise,generic,2,False,class_068
train_005557,train/images.npz,5557,domain_02,ultrasound,contrast,generic,1,False,class_011
train_005558,train/images.npz,5558,domain_08,ct,none,generic,0,False,class_049
train_005559,train/images.npz,5559,domain_04,3d_projection,none,generic,0,False,class_029
train_005560,train/images.npz,5560,domain_15,microscopy,none,generic,0,False,class_102
train_005561,train/images.npz,5561,domain_09,3d_projection,none,generic,0,False,class_063
train_005562,train/images.npz,5562,domain_11,microscopy,contrast,generic,1,False,class_082
train_005563,train/images.npz,5563,domain_06,retinal,none,generic,0,False,class_033
train_005564,train/images.npz,5564,domain_03,xray,none,generic,0,False,class_025
train_005565,train/images.npz,5565,domain_09,3d_projection,contrast,generic,1,False,class_062
train_005566,train/images.npz,5566,domain_01,microscopy,none,generic,0,False,class_009
train_005567,train/images.npz,5567,domain_07,ct,blur,generic,1,False,class_036
train_005568,train/images.npz,5568,domain_06,retinal,none,generic,0,False,class_035
train_005569,train/images.npz,5569,domain_08,ct,none,generic,0,False,class_051
train_005570,train/images.npz,5570,domain_09,3d_projection,contrast,generic,1,False,class_067
train_005571,train/images.npz,5571,domain_10,ct,contrast,generic,2,False,class_077
train_005572,train/images.npz,5572,domain_01,microscopy,noise,generic,1,False,class_005
train_005573,train/images.npz,5573,domain_07,ct,brightness,generic,1,False,class_044
train_005574,train/images.npz,5574,domain_05,3d_projection,none,generic,0,False,class_030
train_005575,train/images.npz,5575,domain_01,microscopy,none,generic,0,False,class_002
train_005576,train/images.npz,5576,domain_03,xray,none,generic,0,False,class_022
train_005577,train/images.npz,5577,domain_07,ct,noise,generic,1,False,class_039
train_005578,train/images.npz,5578,domain_11,microscopy,noise,generic,2,False,class_082
train_005579,train/images.npz,5579,domain_03,xray,none,generic,0,False,class_022
train_005580,train/images.npz,5580,domain_09,3d_projection,contrast,generic,1,False,class_059
train_005581,train/images.npz,5581,domain_07,ct,none,generic,0,False,class_043
train_005582,train/images.npz,5582,domain_12,xray,contrast,generic,1,False,class_089
train_005583,train/images.npz,5583,domain_07,ct,brightness,generic,1,False,class_044
train_005584,train/images.npz,5584,domain_09,3d_projection,none,generic,0,False,class_060
train_005585,train/images.npz,5585,domain_13,retinal,contrast,generic,1,False,class_091
train_005586,train/images.npz,5586,domain_09,3d_projection,none,generic,0,False,class_064
train_005587,train/images.npz,5587,domain_13,retinal,none,generic,0,False,class_095
train_005588,train/images.npz,5588,domain_10,ct,contrast,generic,1,False,class_075
train_005589,train/images.npz,5589,domain_08,ct,none,generic,0,False,class_055
train_005590,train/images.npz,5590,domain_15,microscopy,contrast,generic,1,False,class_102
train_005591,train/images.npz,5591,domain_09,3d_projection,none,generic,0,False,class_060
train_005592,train/images.npz,5592,domain_00,3d_projection,none,generic,0,False,class_000
train_005593,train/images.npz,5593,domain_05,3d_projection,contrast,generic,2,False,class_031
train_005594,train/images.npz,5594,domain_11,microscopy,none,generic,0,False,class_084
train_005595,train/images.npz,5595,domain_13,retinal,noise,generic,1,False,class_091
train_005596,train/images.npz,5596,domain_09,3d_projection,noise,generic,1,False,class_059
train_005597,train/images.npz,5597,domain_10,ct,blur,generic,1,False,class_079
train_005598,train/images.npz,5598,domain_02,ultrasound,noise,generic,1,False,class_011
train_005599,train/images.npz,5599,domain_01,microscopy,contrast,generic,1,False,class_007
train_005600,train/images.npz,5600,domain_07,ct,noise,generic,1,False,class_041
train_005601,train/images.npz,5601,domain_03,xray,noise,generic,1,False,class_023
train_005602,train/images.npz,5602,domain_08,ct,none,generic,0,False,class_048
train_005603,train/images.npz,5603,domain_15,microscopy,contrast,generic,1,False,class_102
train_005604,train/images.npz,5604,domain_10,ct,none,generic,0,False,class_079
train_005605,train/images.npz,5605,domain_07,ct,none,generic,0,False,class_041
train_005606,train/images.npz,5606,domain_16,3d_projection,noise,generic,1,False,class_106
train_005607,train/images.npz,5607,domain_11,microscopy,blur,generic,1,False,class_080
train_005608,train/images.npz,5608,domain_10,ct,noise,generic,1,False,class_072
train_005609,train/images.npz,5609,domain_01,microscopy,none,generic,0,False,class_002
train_005610,train/images.npz,5610,domain_06,retinal,contrast,generic,1,False,class_033
train_005611,train/images.npz,5611,domain_02,ultrasound,contrast,generic,1,False,class_011
train_005612,train/images.npz,5612,domain_10,ct,noise,generic,2,False,class_073
train_005613,train/images.npz,5613,domain_13,retinal,contrast,generic,2,False,class_092
train_005614,train/images.npz,5614,domain_11,microscopy,brightness,generic,2,False,class_087
train_005615,train/images.npz,5615,domain_01,microscopy,noise,generic,2,False,class_006
train_005616,train/images.npz,5616,domain_09,3d_projection,blur,generic,1,False,class_065
train_005617,train/images.npz,5617,domain_07,ct,blur,generic,2,False,class_036
train_005618,train/images.npz,5618,domain_11,microscopy,none,generic,0,False,class_084
train_005619,train/images.npz,5619,domain_03,xray,blur,generic,2,False,class_026
train_005620,train/images.npz,5620,domain_09,3d_projection,none,generic,0,False,class_067
train_005621,train/images.npz,5621,domain_10,ct,none,generic,0,False,class_078
train_005622,train/images.npz,5622,domain_00,3d_projection,contrast,generic,2,False,class_000
train_005623,train/images.npz,5623,domain_03,xray,none,generic,0,False,class_015
train_005624,train/images.npz,5624,domain_09,3d_projection,blur,generic,1,False,class_062
train_005625,train/images.npz,5625,domain_03,xray,none,generic,0,False,class_024
train_005626,train/images.npz,5626,domain_10,ct,none,generic,0,False,class_078
train_005627,train/images.npz,5627,domain_05,3d_projection,blur,generic,2,False,class_031
train_005628,train/images.npz,5628,domain_02,ultrasound,blur,generic,1,False,class_010
train_005629,train/images.npz,5629,domain_07,ct,none,generic,0,False,class_045
train_005630,train/images.npz,5630,domain_03,xray,contrast,generic,1,False,class_013
train_005631,train/images.npz,5631,domain_07,ct,none,generic,0,False,class_043
train_005632,train/images.npz,5632,domain_10,ct,none,generic,0,False,class_071
train_005633,train/images.npz,5633,domain_04,3d_projection,none,generic,0,False,class_029
train_005634,train/images.npz,5634,domain_10,ct,blur,generic,1,False,class_071
train_005635,train/images.npz,5635,domain_01,microscopy,contrast,generic,1,False,class_003
train_005636,train/images.npz,5636,domain_01,microscopy,noise,generic,1,False,class_005
train_005637,train/images.npz,5637,domain_08,ct,none,generic,0,False,class_054
train_005638,train/images.npz,5638,domain_09,3d_projection,none,generic,0,False,class_060
train_005639,train/images.npz,5639,domain_16,3d_projection,contrast,generic,2,False,class_107
train_005640,train/images.npz,5640,domain_16,3d_projection,none,generic,0,False,class_107
train_005641,train/images.npz,5641,domain_10,ct,contrast,generic,2,False,class_076
train_005642,train/images.npz,5642,domain_03,xray,none,generic,0,False,class_017
train_005643,train/images.npz,5643,domain_10,ct,none,generic,0,False,class_078
train_005644,train/images.npz,5644,domain_14,3d_projection,none,generic,0,False,class_097
train_005645,train/images.npz,5645,domain_06,retinal,none,generic,0,False,class_035
train_005646,train/images.npz,5646,domain_11,microscopy,none,generic,0,False,class_086
train_005647,train/images.npz,5647,domain_09,3d_projection,none,generic,0,False,class_062
train_005648,train/images.npz,5648,domain_07,ct,brightness,generic,1,False,class_039
train_005649,train/images.npz,5649,domain_10,ct,none,generic,0,False,class_075
train_005650,train/images.npz,5650,domain_11,microscopy,none,generic,0,False,class_085
train_005651,train/images.npz,5651,domain_06,retinal,noise,generic,1,False,class_035
train_005652,train/images.npz,5652,domain_08,ct,none,generic,0,False,class_049
train_005653,train/images.npz,5653,domain_15,microscopy,none,generic,0,False,class_100
train_005654,train/images.npz,5654,domain_13,retinal,brightness,generic,1,False,class_092
train_005655,train/images.npz,5655,domain_07,ct,none,generic,0,False,class_043
train_005656,train/images.npz,5656,domain_10,ct,noise,generic,1,False,class_073
train_005657,train/images.npz,5657,domain_12,xray,brightness,generic,1,False,class_090
train_005658,train/images.npz,5658,domain_10,ct,none,generic,0,False,class_078
train_005659,train/images.npz,5659,domain_15,microscopy,contrast,generic,1,False,class_102
train_005660,train/images.npz,5660,domain_06,retinal,none,generic,0,False,class_032
train_005661,train/images.npz,5661,domain_08,ct,none,generic,0,False,class_050
train_005662,train/images.npz,5662,domain_01,microscopy,noise,generic,1,False,class_009
train_005663,train/images.npz,5663,domain_11,microscopy,contrast,generic,1,False,class_085
train_005664,train/images.npz,5664,domain_03,xray,none,generic,0,False,class_023
train_005665,train/images.npz,5665,domain_12,xray,none,generic,0,False,class_089
train_005666,train/images.npz,5666,domain_08,ct,none,generic,0,False,class_050
train_005667,train/images.npz,5667,domain_11,microscopy,brightness,generic,1,False,class_088
train_005668,train/images.npz,5668,domain_07,ct,noise,generic,1,False,class_041
train_005669,train/images.npz,5669,domain_01,microscopy,contrast,generic,2,False,class_006
train_005670,train/images.npz,5670,domain_09,3d_projection,none,generic,0,False,class_060
train_005671,train/images.npz,5671,domain_12,xray,none,generic,0,False,class_090
train_005672,train/images.npz,5672,domain_01,microscopy,none,generic,0,False,class_003
train_005673,train/images.npz,5673,domain_05,3d_projection,none,generic,0,False,class_031
train_005674,train/images.npz,5674,domain_07,ct,noise,generic,1,False,class_045
train_005675,train/images.npz,5675,domain_08,ct,none,generic,0,False,class_057
train_005676,train/images.npz,5676,domain_15,microscopy,noise,generic,1,False,class_100
train_005677,train/images.npz,5677,domain_09,3d_projection,contrast,generic,1,False,class_058
train_005678,train/images.npz,5678,domain_10,ct,none,generic,0,False,class_072
train_005679,train/images.npz,5679,domain_15,microscopy,contrast,generic,1,False,class_100
train_005680,train/images.npz,5680,domain_11,microscopy,none,generic,0,False,class_082
train_005681,train/images.npz,5681,domain_06,retinal,noise,generic,1,False,class_035
train_005682,train/images.npz,5682,domain_15,microscopy,none,generic,0,False,class_105
train_005683,train/images.npz,5683,domain_07,ct,contrast,generic,1,False,class_036
train_005684,train/images.npz,5684,domain_15,microscopy,contrast,generic,1,False,class_104
train_005685,train/images.npz,5685,domain_05,3d_projection,none,generic,0,False,class_030
train_005686,train/images.npz,5686,domain_01,microscopy,none,generic,0,False,class_004
train_005687,train/images.npz,5687,domain_15,microscopy,brightness,generic,1,False,class_103
train_005688,train/images.npz,5688,domain_15,microscopy,noise,generic,1,False,class_105
train_005689,train/images.npz,5689,domain_07,ct,noise,generic,2,False,class_044
train_005690,train/images.npz,5690,domain_09,3d_projection,none,generic,0,False,class_064
train_005691,train/images.npz,5691,domain_11,microscopy,blur,generic,2,False,class_083
train_005692,train/images.npz,5692,domain_11,microscopy,none,generic,0,False,class_084
train_005693,train/images.npz,5693,domain_02,ultrasound,none,generic,0,False,class_010
train_005694,train/images.npz,5694,domain_08,ct,noise,generic,1,False,class_054
train_005695,train/images.npz,5695,domain_11,microscopy,contrast,generic,1,False,class_080
train_005696,train/images.npz,5696,domain_01,microscopy,none,generic,0,False,class_006
train_005697,train/images.npz,5697,domain_01,microscopy,none,generic,0,False,class_003
train_005698,train/images.npz,5698,domain_07,ct,noise,generic,1,False,class_039
train_005699,train/images.npz,5699,domain_02,ultrasound,blur,generic,1,False,class_011
train_005700,train/images.npz,5700,domain_10,ct,contrast,generic,1,False,class_074
train_005701,train/images.npz,5701,domain_04,3d_projection,none,generic,0,False,class_028
train_005702,train/images.npz,5702,domain_08,ct,blur,generic,1,False,class_055
train_005703,train/images.npz,5703,domain_15,microscopy,noise,generic,1,False,class_101
train_005704,train/images.npz,5704,domain_08,ct,none,generic,0,False,class_047
train_005705,train/images.npz,5705,domain_01,microscopy,none,generic,0,False,class_006
train_005706,train/images.npz,5706,domain_04,3d_projection,brightness,generic,2,False,class_028
train_005707,train/images.npz,5707,domain_15,microscopy,none,generic,0,False,class_099
train_005708,train/images.npz,5708,domain_01,microscopy,blur,generic,1,False,class_008
train_005709,train/images.npz,5709,domain_13,retinal,contrast,generic,1,False,class_093
train_005710,train/images.npz,5710,domain_03,xray,contrast,generic,1,False,class_023
train_005711,train/images.npz,5711,domain_03,xray,none,generic,0,False,class_019
train_005712,train/images.npz,5712,domain_03,xray,contrast,generic,2,False,class_026
train_005713,train/images.npz,5713,domain_01,microscopy,contrast,generic,1,False,class_009
train_005714,train/images.npz,5714,domain_08,ct,none,generic,0,False,class_050
train_005715,train/images.npz,5715,domain_13,retinal,contrast,generic,2,False,class_091
train_005716,train/images.npz,5716,domain_14,3d_projection,none,generic,0,False,class_096
train_005717,train/images.npz,5717,domain_08,ct,none,generic,0,False,class_052
train_005718,train/images.npz,5718,domain_11,microscopy,none,generic,0,False,class_083
train_005719,train/images.npz,5719,domain_09,3d_projection,none,generic,0,False,class_065
train_005720,train/images.npz,5720,domain_07,ct,none,generic,0,False,class_036
train_005721,train/images.npz,5721,domain_04,3d_projection,none,generic,0,False,class_029
train_005722,train/images.npz,5722,domain_06,retinal,none,generic,0,False,class_033
train_005723,train/images.npz,5723,domain_09,3d_projection,noise,generic,2,False,class_064
train_005724,train/images.npz,5724,domain_07,ct,none,generic,0,False,class_038
train_005725,train/images.npz,5725,domain_09,3d_projection,brightness,generic,1,False,class_059
train_005726,train/images.npz,5726,domain_14,3d_projection,none,generic,0,False,class_097
train_005727,train/images.npz,5727,domain_11,microscopy,none,generic,0,False,class_086
train_005728,train/images.npz,5728,domain_08,ct,contrast,generic,1,False,class_050
train_005729,train/images.npz,5729,domain_02,ultrasound,noise,generic,2,False,class_011
train_005730,train/images.npz,5730,domain_03,xray,brightness,generic,2,False,class_016
train_005731,train/images.npz,5731,domain_03,xray,none,generic,0,False,class_014
train_005732,train/images.npz,5732,domain_09,3d_projection,none,generic,0,False,class_068
train_005733,train/images.npz,5733,domain_08,ct,noise,generic,2,False,class_050
train_005734,train/images.npz,5734,domain_07,ct,none,generic,0,False,class_039
train_005735,train/images.npz,5735,domain_03,xray,noise,generic,1,False,class_025
train_005736,train/images.npz,5736,domain_07,ct,none,generic,0,False,class_042
train_005737,train/images.npz,5737,domain_02,ultrasound,noise,generic,1,False,class_010
train_005738,train/images.npz,5738,domain_08,ct,none,generic,0,False,class_053
train_005739,train/images.npz,5739,domain_04,3d_projection,brightness,generic,1,False,class_028
train_005740,train/images.npz,5740,domain_08,ct,noise,generic,1,False,class_056
train_005741,train/images.npz,5741,domain_15,microscopy,noise,generic,1,False,class_103
train_005742,train/images.npz,5742,domain_08,ct,contrast,generic,1,False,class_055
train_005743,train/images.npz,5743,domain_01,microscopy,noise,generic,1,False,class_004
train_005744,train/images.npz,5744,domain_15,microscopy,contrast,generic,1,False,class_103
train_005745,train/images.npz,5745,domain_11,microscopy,none,generic,0,False,class_082
train_005746,train/images.npz,5746,domain_15,microscopy,brightness,generic,1,False,class_099
train_005747,train/images.npz,5747,domain_06,retinal,contrast,generic,1,False,class_035
train_005748,train/images.npz,5748,domain_10,ct,none,generic,0,False,class_073
train_005749,train/images.npz,5749,domain_08,ct,none,generic,0,False,class_054
train_005750,train/images.npz,5750,domain_10,ct,contrast,generic,2,False,class_073
train_005751,train/images.npz,5751,domain_00,3d_projection,contrast,generic,1,False,class_001
train_005752,train/images.npz,5752,domain_01,microscopy,noise,generic,1,False,class_007
train_005753,train/images.npz,5753,domain_06,retinal,contrast,generic,1,False,class_034
train_005754,train/images.npz,5754,domain_01,microscopy,none,generic,0,False,class_006
train_005755,train/images.npz,5755,domain_02,ultrasound,brightness,generic,1,False,class_011
train_005756,train/images.npz,5756,domain_00,3d_projection,none,generic,0,False,class_001
train_005757,train/images.npz,5757,domain_09,3d_projection,contrast,generic,1,False,class_062
train_005758,train/images.npz,5758,domain_11,microscopy,none,generic,0,False,class_085
train_005759,train/images.npz,5759,domain_15,microscopy,none,generic,0,False,class_103
train_005760,train/images.npz,5760,domain_05,3d_projection,none,generic,0,False,class_031
train_005761,train/images.npz,5761,domain_06,retinal,contrast,generic,1,False,class_032
train_005762,train/images.npz,5762,domain_03,xray,blur,generic,1,False,class_024
train_005763,train/images.npz,5763,domain_13,retinal,none,generic,0,False,class_092
train_005764,train/images.npz,5764,domain_07,ct,none,generic,0,False,class_038
train_005765,train/images.npz,5765,domain_10,ct,none,generic,0,False,class_077
train_005766,train/images.npz,5766,domain_03,xray,contrast,generic,2,False,class_014
train_005767,train/images.npz,5767,domain_11,microscopy,none,generic,0,False,class_084
train_005768,train/images.npz,5768,domain_09,3d_projection,brightness,generic,1,False,class_063
train_005769,train/images.npz,5769,domain_03,xray,none,generic,0,False,class_025
train_005770,train/images.npz,5770,domain_01,microscopy,contrast,generic,1,False,class_003
train_005771,train/images.npz,5771,domain_11,microscopy,contrast,generic,1,False,class_088
train_005772,train/images.npz,5772,domain_07,ct,none,generic,0,False,class_042
train_005773,train/images.npz,5773,domain_05,3d_projection,noise,generic,1,False,class_031
train_005774,train/images.npz,5774,domain_07,ct,none,generic,0,False,class_037
train_005775,train/images.npz,5775,domain_03,xray,brightness,generic,1,False,class_014
train_005776,train/images.npz,5776,domain_03,xray,contrast,generic,2,False,class_024
train_005777,train/images.npz,5777,domain_01,microscopy,none,generic,0,False,class_009
train_005778,train/images.npz,5778,domain_03,xray,none,generic,0,False,class_026
train_005779,train/images.npz,5779,domain_03,xray,none,generic,0,False,class_022
train_005780,train/images.npz,5780,domain_01,microscopy,noise,generic,1,False,class_004
train_005781,train/images.npz,5781,domain_03,xray,noise,generic,2,False,class_020
train_005782,train/images.npz,5782,domain_10,ct,none,generic,0,False,class_070
train_005783,train/images.npz,5783,domain_08,ct,contrast,generic,1,False,class_048
train_005784,train/images.npz,5784,domain_05,3d_projection,blur,generic,1,False,class_031
train_005785,train/images.npz,5785,domain_07,ct,contrast,generic,1,False,class_037
train_005786,train/images.npz,5786,domain_03,xray,blur,generic,2,False,class_016
train_005787,train/images.npz,5787,domain_06,retinal,none,generic,0,False,class_032
train_005788,train/images.npz,5788,domain_08,ct,blur,generic,1,False,class_049
train_005789,train/images.npz,5789,domain_07,ct,blur,generic,1,False,class_038
train_005790,train/images.npz,5790,domain_13,retinal,brightness,generic,2,False,class_091
train_005791,train/images.npz,5791,domain_06,retinal,noise,generic,1,False,class_033
train_005792,train/images.npz,5792,domain_08,ct,none,generic,0,False,class_049
train_005793,train/images.npz,5793,domain_10,ct,none,generic,0,False,class_079
train_005794,train/images.npz,5794,domain_12,xray,blur,generic,1,False,class_090
train_005795,train/images.npz,5795,domain_03,xray,blur,generic,2,False,class_024
train_005796,train/images.npz,5796,domain_14,3d_projection,none,generic,0,False,class_096
train_005797,train/images.npz,5797,domain_11,microscopy,blur,generic,1,False,class_081
train_005798,train/images.npz,5798,domain_11,microscopy,brightness,generic,1,False,class_083
train_005799,train/images.npz,5799,domain_05,3d_projection,none,generic,0,False,class_031
train_005800,train/images.npz,5800,domain_09,3d_projection,blur,generic,2,False,class_061
train_005801,train/images.npz,5801,domain_08,ct,brightness,generic,1,False,class_055
train_005802,train/images.npz,5802,domain_10,ct,none,generic,0,False,class_077
train_005803,train/images.npz,5803,domain_08,ct,none,generic,0,False,class_050
train_005804,train/images.npz,5804,domain_05,3d_projection,none,generic,0,False,class_031
train_005805,train/images.npz,5805,domain_03,xray,none,generic,0,False,class_017
train_005806,train/images.npz,5806,domain_11,microscopy,blur,generic,1,False,class_083
train_005807,train/images.npz,5807,domain_09,3d_projection,noise,generic,1,False,class_066
train_005808,train/images.npz,5808,domain_13,retinal,none,generic,0,False,class_091
train_005809,train/images.npz,5809,domain_07,ct,none,generic,0,False,class_037
train_005810,train/images.npz,5810,domain_03,xray,contrast,generic,1,False,class_021
train_005811,train/images.npz,5811,domain_07,ct,contrast,generic,1,False,class_045
train_005812,train/images.npz,5812,domain_11,microscopy,noise,generic,1,False,class_088
train_005813,train/images.npz,5813,domain_03,xray,noise,generic,2,False,class_019
train_005814,train/images.npz,5814,domain_03,xray,none,generic,0,False,class_016
train_005815,train/images.npz,5815,domain_16,3d_projection,none,generic,0,False,class_106
train_005816,train/images.npz,5816,domain_03,xray,brightness,generic,2,False,class_017
train_005817,train/images.npz,5817,domain_03,xray,none,generic,0,False,class_018
train_005818,train/images.npz,5818,domain_07,ct,brightness,generic,1,False,class_040
train_005819,train/images.npz,5819,domain_11,microscopy,noise,generic,1,False,class_088
train_005820,train/images.npz,5820,domain_16,3d_projection,contrast,generic,1,False,class_107
train_005821,train/images.npz,5821,domain_04,3d_projection,none,generic,0,False,class_029
train_005822,train/images.npz,5822,domain_02,ultrasound,blur,generic,1,False,class_011
train_005823,train/images.npz,5823,domain_07,ct,brightness,generic,1,False,class_043
train_005824,train/images.npz,5824,domain_10,ct,none,generic,0,False,class_076
train_005825,train/images.npz,5825,domain_15,microscopy,noise,generic,1,False,class_102
train_005826,train/images.npz,5826,domain_03,xray,none,generic,0,False,class_017
train_005827,train/images.npz,5827,domain_10,ct,none,generic,0,False,class_077
train_005828,train/images.npz,5828,domain_03,xray,none,generic,0,False,class_021
train_005829,train/images.npz,5829,domain_13,retinal,brightness,generic,1,False,class_093
train_005830,train/images.npz,5830,domain_01,microscopy,none,generic,0,False,class_006
train_005831,train/images.npz,5831,domain_08,ct,brightness,generic,1,False,class_057
train_005832,train/images.npz,5832,domain_07,ct,none,generic,0,False,class_036
train_005833,train/images.npz,5833,domain_09,3d_projection,noise,generic,2,False,class_067
train_005834,train/images.npz,5834,domain_13,retinal,contrast,generic,1,False,class_092
train_005835,train/images.npz,5835,domain_04,3d_projection,none,generic,0,False,class_028
train_005836,train/images.npz,5836,domain_03,xray,none,generic,0,False,class_012
train_005837,train/images.npz,5837,domain_03,xray,blur,generic,1,False,class_018
train_005838,train/images.npz,5838,domain_16,3d_projection,none,generic,0,False,class_107
train_005839,train/images.npz,5839,domain_11,microscopy,none,generic,0,False,class_086
train_005840,train/images.npz,5840,domain_09,3d_projection,noise,generic,1,False,class_060
train_005841,train/images.npz,5841,domain_09,3d_projection,none,generic,0,False,class_058
train_005842,train/images.npz,5842,domain_11,microscopy,contrast,generic,1,False,class_087
train_005843,train/images.npz,5843,domain_14,3d_projection,none,generic,0,False,class_096
train_005844,train/images.npz,5844,domain_02,ultrasound,contrast,generic,1,False,class_010
train_005845,train/images.npz,5845,domain_03,xray,noise,generic,1,False,class_021
train_005846,train/images.npz,5846,domain_08,ct,contrast,generic,1,False,class_054
train_005847,train/images.npz,5847,domain_15,microscopy,contrast,generic,2,False,class_104
train_005848,train/images.npz,5848,domain_14,3d_projection,brightness,generic,1,False,class_096
train_005849,train/images.npz,5849,domain_10,ct,blur,generic,1,False,class_077
train_005850,train/images.npz,5850,domain_10,ct,blur,generic,1,False,class_079
train_005851,train/images.npz,5851,domain_09,3d_projection,none,generic,0,False,class_061
train_005852,train/images.npz,5852,domain_09,3d_projection,blur,generic,1,False,class_063
train_005853,train/images.npz,5853,domain_03,xray,noise,generic,1,False,class_025
train_005854,train/images.npz,5854,domain_15,microscopy,noise,generic,2,False,class_101
train_005855,train/images.npz,5855,domain_07,ct,noise,generic,1,False,class_045
train_005856,train/images.npz,5856,domain_03,xray,none,generic,0,False,class_021
train_005857,train/images.npz,5857,domain_07,ct,noise,generic,2,False,class_041
train_005858,train/images.npz,5858,domain_09,3d_projection,blur,generic,2,False,class_064
train_005859,train/images.npz,5859,domain_10,ct,none,generic,0,False,class_077
train_005860,train/images.npz,5860,domain_11,microscopy,none,generic,0,False,class_080
train_005861,train/images.npz,5861,domain_04,3d_projection,none,generic,0,False,class_027
train_005862,train/images.npz,5862,domain_08,ct,blur,generic,1,False,class_055
train_005863,train/images.npz,5863,domain_12,xray,brightness,generic,1,False,class_090
train_005864,train/images.npz,5864,domain_08,ct,none,generic,0,False,class_048
train_005865,train/images.npz,5865,domain_10,ct,none,generic,0,False,class_076
train_005866,train/images.npz,5866,domain_07,ct,contrast,generic,2,False,class_045
train_005867,train/images.npz,5867,domain_07,ct,none,generic,0,False,class_038
train_005868,train/images.npz,5868,domain_16,3d_projection,none,generic,0,False,class_107
train_005869,train/images.npz,5869,domain_11,microscopy,noise,generic,2,False,class_086
train_005870,train/images.npz,5870,domain_01,microscopy,none,generic,0,False,class_004
train_005871,train/images.npz,5871,domain_15,microscopy,blur,generic,1,False,class_105
train_005872,train/images.npz,5872,domain_08,ct,contrast,generic,1,False,class_054
train_005873,train/images.npz,5873,domain_11,microscopy,contrast,generic,2,False,class_083
train_005874,train/images.npz,5874,domain_10,ct,brightness,generic,1,False,class_070
train_005875,train/images.npz,5875,domain_08,ct,brightness,generic,1,False,class_057
train_005876,train/images.npz,5876,domain_01,microscopy,brightness,generic,1,False,class_004
train_005877,train/images.npz,5877,domain_13,retinal,contrast,generic,1,False,class_092
train_005878,train/images.npz,5878,domain_07,ct,none,generic,0,False,class_036
train_005879,train/images.npz,5879,domain_00,3d_projection,contrast,generic,2,False,class_000
train_005880,train/images.npz,5880,domain_02,ultrasound,none,generic,0,False,class_010
train_005881,train/images.npz,5881,domain_11,microscopy,none,generic,0,False,class_081
train_005882,train/images.npz,5882,domain_09,3d_projection,none,generic,0,False,class_059
train_005883,train/images.npz,5883,domain_11,microscopy,none,generic,0,False,class_087
train_005884,train/images.npz,5884,domain_08,ct,none,generic,0,False,class_053
train_005885,train/images.npz,5885,domain_15,microscopy,contrast,generic,1,False,class_098
train_005886,train/images.npz,5886,domain_07,ct,none,generic,0,False,class_045
train_005887,train/images.npz,5887,domain_08,ct,none,generic,0,False,class_050
train_005888,train/images.npz,5888,domain_08,ct,none,generic,0,False,class_051
train_005889,train/images.npz,5889,domain_09,3d_projection,contrast,generic,2,False,class_061
train_005890,train/images.npz,5890,domain_06,retinal,none,generic,0,False,class_034
train_005891,train/images.npz,5891,domain_01,microscopy,contrast,generic,2,False,class_003
train_005892,train/images.npz,5892,domain_01,microscopy,none,generic,0,False,class_009
train_005893,train/images.npz,5893,domain_03,xray,none,generic,0,False,class_025
train_005894,train/images.npz,5894,domain_03,xray,noise,generic,1,False,class_013
train_005895,train/images.npz,5895,domain_06,retinal,brightness,generic,1,False,class_035
train_005896,train/images.npz,5896,domain_01,microscopy,none,generic,0,False,class_007
train_005897,train/images.npz,5897,domain_10,ct,contrast,generic,1,False,class_071
train_005898,train/images.npz,5898,domain_10,ct,none,generic,0,False,class_074
train_005899,train/images.npz,5899,domain_11,microscopy,noise,generic,1,False,class_080
train_005900,train/images.npz,5900,domain_05,3d_projection,none,generic,0,False,class_031
train_005901,train/images.npz,5901,domain_01,microscopy,brightness,generic,1,False,class_008
train_005902,train/images.npz,5902,domain_15,microscopy,none,generic,0,False,class_103
train_005903,train/images.npz,5903,domain_09,3d_projection,noise,generic,1,False,class_060
train_005904,train/images.npz,5904,domain_07,ct,none,generic,0,False,class_040
train_005905,train/images.npz,5905,domain_04,3d_projection,none,generic,0,False,class_029
train_005906,train/images.npz,5906,domain_10,ct,contrast,generic,1,False,class_073
train_005907,train/images.npz,5907,domain_10,ct,noise,generic,1,False,class_076
train_005908,train/images.npz,5908,domain_03,xray,contrast,generic,1,False,class_021
train_005909,train/images.npz,5909,domain_07,ct,contrast,generic,1,False,class_041
train_005910,train/images.npz,5910,domain_03,xray,none,generic,0,False,class_016
train_005911,train/images.npz,5911,domain_07,ct,blur,generic,1,False,class_045
train_005912,train/images.npz,5912,domain_16,3d_projection,noise,generic,1,False,class_107
train_005913,train/images.npz,5913,domain_07,ct,contrast,generic,1,False,class_037
train_005914,train/images.npz,5914,domain_09,3d_projection,brightness,generic,2,False,class_059
train_005915,train/images.npz,5915,domain_03,xray,blur,generic,2,False,class_024
train_005916,train/images.npz,5916,domain_06,retinal,none,generic,0,False,class_033
train_005917,train/images.npz,5917,domain_06,retinal,noise,generic,1,False,class_035
train_005918,train/images.npz,5918,domain_01,microscopy,none,generic,0,False,class_006
train_005919,train/images.npz,5919,domain_15,microscopy,none,generic,0,False,class_100
train_005920,train/images.npz,5920,domain_00,3d_projection,none,generic,0,False,class_000
train_005921,train/images.npz,5921,domain_03,xray,blur,generic,1,False,class_022
train_005922,train/images.npz,5922,domain_01,microscopy,none,generic,0,False,class_008
train_005923,train/images.npz,5923,domain_03,xray,none,generic,0,False,class_017
train_005924,train/images.npz,5924,domain_11,microscopy,none,generic,0,False,class_085
train_005925,train/images.npz,5925,domain_01,microscopy,none,generic,0,False,class_003
train_005926,train/images.npz,5926,domain_04,3d_projection,brightness,generic,2,False,class_027
train_005927,train/images.npz,5927,domain_05,3d_projection,contrast,generic,1,False,class_031
train_005928,train/images.npz,5928,domain_09,3d_projection,brightness,generic,1,False,class_062
train_005929,train/images.npz,5929,domain_08,ct,blur,generic,1,False,class_055
train_005930,train/images.npz,5930,domain_03,xray,brightness,generic,2,False,class_016
train_005931,train/images.npz,5931,domain_01,microscopy,none,generic,0,False,class_007
train_005932,train/images.npz,5932,domain_01,microscopy,none,generic,0,False,class_007
train_005933,train/images.npz,5933,domain_07,ct,noise,generic,1,False,class_039
train_005934,train/images.npz,5934,domain_16,3d_projection,none,generic,0,False,class_107
train_005935,train/images.npz,5935,domain_09,3d_projection,noise,generic,1,False,class_067
train_005936,train/images.npz,5936,domain_07,ct,noise,generic,1,False,class_037
train_005937,train/images.npz,5937,domain_11,microscopy,contrast,generic,1,False,class_086
train_005938,train/images.npz,5938,domain_08,ct,noise,generic,1,False,class_056
train_005939,train/images.npz,5939,domain_11,microscopy,noise,generic,1,False,class_082
train_005940,train/images.npz,5940,domain_13,retinal,none,generic,0,False,class_094
train_005941,train/images.npz,5941,domain_08,ct,brightness,generic,1,False,class_049
train_005942,train/images.npz,5942,domain_10,ct,brightness,generic,1,False,class_069
train_005943,train/images.npz,5943,domain_03,xray,contrast,generic,1,False,class_022
train_005944,train/images.npz,5944,domain_07,ct,noise,generic,1,False,class_041
train_005945,train/images.npz,5945,domain_08,ct,noise,generic,2,False,class_057
train_005946,train/images.npz,5946,domain_07,ct,none,generic,0,False,class_037
train_005947,train/images.npz,5947,domain_11,microscopy,blur,generic,2,False,class_080
train_005948,train/images.npz,5948,domain_13,retinal,blur,generic,1,False,class_093
train_005949,train/images.npz,5949,domain_09,3d_projection,none,generic,0,False,class_068
train_005950,train/images.npz,5950,domain_09,3d_projection,none,generic,0,False,class_066
train_005951,train/images.npz,5951,domain_01,microscopy,none,generic,0,False,class_004
train_005952,train/images.npz,5952,domain_06,retinal,blur,generic,1,False,class_032
train_005953,train/images.npz,5953,domain_10,ct,none,generic,0,False,class_078
train_005954,train/images.npz,5954,domain_07,ct,none,generic,0,False,class_038
train_005955,train/images.npz,5955,domain_09,3d_projection,brightness,generic,2,False,class_064
train_005956,train/images.npz,5956,domain_11,microscopy,none,generic,0,False,class_086
train_005957,train/images.npz,5957,domain_07,ct,none,generic,0,False,class_040
train_005958,train/images.npz,5958,domain_06,retinal,contrast,generic,2,False,class_034
train_005959,train/images.npz,5959,domain_09,3d_projection,brightness,generic,1,False,class_065
train_005960,train/images.npz,5960,domain_06,retinal,noise,generic,2,False,class_033
train_005961,train/images.npz,5961,domain_03,xray,contrast,generic,2,False,class_024
train_005962,train/images.npz,5962,domain_03,xray,noise,generic,1,False,class_016
train_005963,train/images.npz,5963,domain_12,xray,noise,generic,1,False,class_089
train_005964,train/images.npz,5964,domain_03,xray,contrast,generic,1,False,class_012
train_005965,train/images.npz,5965,domain_07,ct,none,generic,0,False,class_041
train_005966,train/images.npz,5966,domain_07,ct,contrast,generic,1,False,class_036
train_005967,train/images.npz,5967,domain_08,ct,none,generic,0,False,class_047
train_005968,train/images.npz,5968,domain_02,ultrasound,brightness,generic,1,False,class_010
train_005969,train/images.npz,5969,domain_10,ct,noise,generic,1,False,class_071
train_005970,train/images.npz,5970,domain_09,3d_projection,none,generic,0,False,class_058
train_005971,train/images.npz,5971,domain_08,ct,contrast,generic,1,False,class_047
train_005972,train/images.npz,5972,domain_07,ct,none,generic,0,False,class_042
train_005973,train/images.npz,5973,domain_11,microscopy,noise,generic,1,False,class_082
train_005974,train/images.npz,5974,domain_01,microscopy,noise,generic,1,False,class_006
train_005975,train/images.npz,5975,domain_08,ct,blur,generic,2,False,class_056
train_005976,train/images.npz,5976,domain_07,ct,none,generic,0,False,class_043
train_005977,train/images.npz,5977,domain_08,ct,brightness,generic,1,False,class_057
train_005978,train/images.npz,5978,domain_11,microscopy,none,generic,0,False,class_085
train_005979,train/images.npz,5979,domain_14,3d_projection,none,generic,0,False,class_096
train_005980,train/images.npz,5980,domain_04,3d_projection,blur,generic,2,False,class_029
train_005981,train/images.npz,5981,domain_08,ct,none,generic,0,False,class_057
train_005982,train/images.npz,5982,domain_07,ct,brightness,generic,2,False,class_044
train_005983,train/images.npz,5983,domain_03,xray,brightness,generic,1,False,class_012
train_005984,train/images.npz,5984,domain_06,retinal,none,generic,0,False,class_033
train_005985,train/images.npz,5985,domain_01,microscopy,noise,generic,2,False,class_002
train_005986,train/images.npz,5986,domain_15,microscopy,noise,generic,1,False,class_099
train_005987,train/images.npz,5987,domain_03,xray,none,generic,0,False,class_022
train_005988,train/images.npz,5988,domain_11,microscopy,noise,generic,1,False,class_081
train_005989,train/images.npz,5989,domain_09,3d_projection,none,generic,0,False,class_064
train_005990,train/images.npz,5990,domain_01,microscopy,none,generic,0,False,class_003
train_005991,train/images.npz,5991,domain_02,ultrasound,none,generic,0,False,class_010
train_005992,train/images.npz,5992,domain_07,ct,brightness,generic,2,False,class_039
train_005993,train/images.npz,5993,domain_10,ct,none,generic,0,False,class_076
train_005994,train/images.npz,5994,domain_01,microscopy,none,generic,0,False,class_009
train_005995,train/images.npz,5995,domain_01,microscopy,none,generic,0,False,class_009
train_005996,train/images.npz,5996,domain_15,microscopy,contrast,generic,2,False,class_099
train_005997,train/images.npz,5997,domain_03,xray,contrast,generic,1,False,class_020
train_005998,train/images.npz,5998,domain_03,xray,none,generic,0,False,class_014
train_005999,train/images.npz,5999,domain_04,3d_projection,blur,generic,1,False,class_027
train_006000,train/images.npz,6000,domain_07,ct,blur,generic,2,False,class_038
train_006001,train/images.npz,6001,domain_06,retinal,noise,generic,1,False,class_032
train_006002,train/images.npz,6002,domain_15,microscopy,none,generic,0,False,class_103
train_006003,train/images.npz,6003,domain_00,3d_projection,none,generic,0,False,class_001
train_006004,train/images.npz,6004,domain_08,ct,none,generic,0,False,class_053
train_006005,train/images.npz,6005,domain_05,3d_projection,blur,generic,1,False,class_030
train_006006,train/images.npz,6006,domain_07,ct,none,generic,0,False,class_042
train_006007,train/images.npz,6007,domain_13,retinal,noise,generic,1,False,class_094
train_006008,train/images.npz,6008,domain_05,3d_projection,none,generic,0,False,class_031
train_006009,train/images.npz,6009,domain_11,microscopy,contrast,generic,1,False,class_081
train_006010,train/images.npz,6010,domain_07,ct,noise,generic,1,False,class_040
train_006011,train/images.npz,6011,domain_07,ct,none,generic,0,False,class_046
train_006012,train/images.npz,6012,domain_01,microscopy,noise,generic,2,False,class_004
train_006013,train/images.npz,6013,domain_10,ct,none,generic,0,False,class_077
train_006014,train/images.npz,6014,domain_15,microscopy,blur,generic,1,False,class_098
train_006015,train/images.npz,6015,domain_08,ct,contrast,generic,1,False,class_054
train_006016,train/images.npz,6016,domain_03,xray,none,generic,0,False,class_016
train_006017,train/images.npz,6017,domain_03,xray,noise,generic,2,False,class_017
train_006018,train/images.npz,6018,domain_08,ct,contrast,generic,2,False,class_055
train_006019,train/images.npz,6019,domain_08,ct,none,generic,0,False,class_052
train_006020,train/images.npz,6020,domain_11,microscopy,none,generic,0,False,class_084
train_006021,train/images.npz,6021,domain_11,microscopy,contrast,generic,1,False,class_088
train_006022,train/images.npz,6022,domain_02,ultrasound,none,generic,0,False,class_010
train_006023,train/images.npz,6023,domain_09,3d_projection,none,generic,0,False,class_065
train_006024,train/images.npz,6024,domain_15,microscopy,none,generic,0,False,class_102
train_006025,train/images.npz,6025,domain_03,xray,none,generic,0,False,class_018
train_006026,train/images.npz,6026,domain_00,3d_projection,blur,generic,1,False,class_001
train_006027,train/images.npz,6027,domain_10,ct,none,generic,0,False,class_079
train_006028,train/images.npz,6028,domain_01,microscopy,blur,generic,1,False,class_006
train_006029,train/images.npz,6029,domain_07,ct,noise,generic,1,False,class_044
train_006030,train/images.npz,6030,domain_15,microscopy,none,generic,0,False,class_101
train_006031,train/images.npz,6031,domain_07,ct,contrast,generic,2,False,class_044
train_006032,train/images.npz,6032,domain_08,ct,brightness,generic,1,False,class_048
train_006033,train/images.npz,6033,domain_08,ct,none,generic,0,False,class_048
train_006034,train/images.npz,6034,domain_03,xray,none,generic,0,False,class_025
train_006035,train/images.npz,6035,domain_09,3d_projection,noise,generic,1,False,class_058
train_006036,train/images.npz,6036,domain_15,microscopy,none,generic,0,False,class_101
train_006037,train/images.npz,6037,domain_11,microscopy,none,generic,0,False,class_086
train_006038,train/images.npz,6038,domain_06,retinal,blur,generic,1,False,class_033
train_006039,train/images.npz,6039,domain_08,ct,contrast,generic,1,False,class_052
train_006040,train/images.npz,6040,domain_11,microscopy,none,generic,0,False,class_086
train_006041,train/images.npz,6041,domain_10,ct,contrast,generic,1,False,class_070
train_006042,train/images.npz,6042,domain_03,xray,none,generic,0,False,class_020
train_006043,train/images.npz,6043,domain_06,retinal,none,generic,0,False,class_034
train_006044,train/images.npz,6044,domain_00,3d_projection,noise,generic,1,False,class_001
train_006045,train/images.npz,6045,domain_10,ct,blur,generic,2,False,class_078
train_006046,train/images.npz,6046,domain_03,xray,none,generic,0,False,class_023
train_006047,train/images.npz,6047,domain_11,microscopy,blur,generic,1,False,class_084
train_006048,train/images.npz,6048,domain_08,ct,contrast,generic,1,False,class_057
train_006049,train/images.npz,6049,domain_11,microscopy,none,generic,0,False,class_080
train_006050,train/images.npz,6050,domain_11,microscopy,none,generic,0,False,class_085
train_006051,train/images.npz,6051,domain_01,microscopy,none,generic,0,False,class_006
train_006052,train/images.npz,6052,domain_03,xray,noise,generic,2,False,class_021
train_006053,train/images.npz,6053,domain_10,ct,brightness,generic,1,False,class_076
train_006054,train/images.npz,6054,domain_13,retinal,none,generic,0,False,class_092
train_006055,train/images.npz,6055,domain_04,3d_projection,none,generic,0,False,class_028
train_006056,train/images.npz,6056,domain_10,ct,none,generic,0,False,class_075
train_006057,train/images.npz,6057,domain_16,3d_projection,contrast,generic,1,False,class_107
train_006058,train/images.npz,6058,domain_01,microscopy,brightness,generic,2,False,class_009
train_006059,train/images.npz,6059,domain_09,3d_projection,none,generic,0,False,class_062
train_006060,train/images.npz,6060,domain_15,microscopy,none,generic,0,False,class_101
train_006061,train/images.npz,6061,domain_03,xray,none,generic,0,False,class_021
train_006062,train/images.npz,6062,domain_07,ct,contrast,generic,1,False,class_036
train_006063,train/images.npz,6063,domain_10,ct,contrast,generic,2,False,class_079
train_006064,train/images.npz,6064,domain_03,xray,none,generic,0,False,class_022
train_006065,train/images.npz,6065,domain_10,ct,contrast,generic,1,False,class_071
train_006066,train/images.npz,6066,domain_01,microscopy,none,generic,0,False,class_004
train_006067,train/images.npz,6067,domain_01,microscopy,contrast,generic,1,False,class_009
train_006068,train/images.npz,6068,domain_13,retinal,none,generic,0,False,class_091
train_006069,train/images.npz,6069,domain_00,3d_projection,blur,generic,1,False,class_001
train_006070,train/images.npz,6070,domain_03,xray,none,generic,0,False,class_019
train_006071,train/images.npz,6071,domain_12,xray,blur,generic,2,False,class_089
train_006072,train/images.npz,6072,domain_01,microscopy,none,generic,0,False,class_007
train_006073,train/images.npz,6073,domain_13,retinal,blur,generic,2,False,class_094
train_006074,train/images.npz,6074,domain_03,xray,noise,generic,2,False,class_013
train_006075,train/images.npz,6075,domain_15,microscopy,contrast,generic,1,False,class_100
train_006076,train/images.npz,6076,domain_14,3d_projection,brightness,generic,2,False,class_096
train_006077,train/images.npz,6077,domain_01,microscopy,none,generic,0,False,class_002
train_006078,train/images.npz,6078,domain_03,xray,blur,generic,1,False,class_023
train_006079,train/images.npz,6079,domain_07,ct,none,generic,0,False,class_046
train_006080,train/images.npz,6080,domain_02,ultrasound,noise,generic,1,False,class_011
train_006081,train/images.npz,6081,domain_11,microscopy,none,generic,0,False,class_080
train_006082,train/images.npz,6082,domain_03,xray,contrast,generic,1,False,class_021
train_006083,train/images.npz,6083,domain_03,xray,none,generic,0,False,class_026
train_006084,train/images.npz,6084,domain_12,xray,brightness,generic,1,False,class_090
train_006085,train/images.npz,6085,domain_10,ct,contrast,generic,2,False,class_072
train_006086,train/images.npz,6086,domain_07,ct,none,generic,0,False,class_038
train_006087,train/images.npz,6087,domain_15,microscopy,blur,generic,1,False,class_102
train_006088,train/images.npz,6088,domain_10,ct,none,generic,0,False,class_073
train_006089,train/images.npz,6089,domain_03,xray,none,generic,0,False,class_021
train_006090,train/images.npz,6090,domain_08,ct,contrast,generic,1,False,class_053
train_006091,train/images.npz,6091,domain_10,ct,noise,generic,2,False,class_075
train_006092,train/images.npz,6092,domain_08,ct,noise,generic,2,False,class_057
train_006093,train/images.npz,6093,domain_07,ct,none,generic,0,False,class_040
train_006094,train/images.npz,6094,domain_11,microscopy,contrast,generic,1,False,class_088
train_006095,train/images.npz,6095,domain_07,ct,noise,generic,1,False,class_038
train_006096,train/images.npz,6096,domain_09,3d_projection,none,generic,0,False,class_059
train_006097,train/images.npz,6097,domain_09,3d_projection,contrast,generic,1,False,class_067
train_006098,train/images.npz,6098,domain_11,microscopy,noise,generic,2,False,class_087
train_006099,train/images.npz,6099,domain_01,microscopy,brightness,generic,1,False,class_007
train_006100,train/images.npz,6100,domain_03,xray,none,generic,0,False,class_017
train_006101,train/images.npz,6101,domain_09,3d_projection,brightness,generic,2,False,class_066
train_006102,train/images.npz,6102,domain_00,3d_projection,none,generic,0,False,class_001
train_006103,train/images.npz,6103,domain_08,ct,blur,generic,1,False,class_049
train_006104,train/images.npz,6104,domain_10,ct,blur,generic,1,False,class_077
train_006105,train/images.npz,6105,domain_13,retinal,contrast,generic,1,False,class_093
train_006106,train/images.npz,6106,domain_07,ct,none,generic,0,False,class_037
train_006107,train/images.npz,6107,domain_08,ct,noise,generic,1,False,class_053
train_006108,train/images.npz,6108,domain_01,microscopy,contrast,generic,1,False,class_002
train_006109,train/images.npz,6109,domain_11,microscopy,noise,generic,1,False,class_087
train_006110,train/images.npz,6110,domain_11,microscopy,blur,generic,2,False,class_083
train_006111,train/images.npz,6111,domain_13,retinal,blur,generic,1,False,class_091
train_006112,train/images.npz,6112,domain_09,3d_projection,none,generic,0,False,class_064
train_006113,train/images.npz,6113,domain_03,xray,none,generic,0,False,class_014
train_006114,train/images.npz,6114,domain_13,retinal,contrast,generic,1,False,class_091
train_006115,train/images.npz,6115,domain_15,microscopy,noise,generic,1,False,class_105
train_006116,train/images.npz,6116,domain_14,3d_projection,noise,generic,1,False,class_096
train_006117,train/images.npz,6117,domain_15,microscopy,none,generic,0,False,class_101
train_006118,train/images.npz,6118,domain_16,3d_projection,contrast,generic,2,False,class_106
train_006119,train/images.npz,6119,domain_11,microscopy,none,generic,0,False,class_080
train_006120,train/images.npz,6120,domain_09,3d_projection,none,generic,0,False,class_064
train_006121,train/images.npz,6121,domain_03,xray,contrast,generic,2,False,class_013
train_006122,train/images.npz,6122,domain_11,microscopy,contrast,generic,2,False,class_084
train_006123,train/images.npz,6123,domain_08,ct,noise,generic,1,False,class_047
train_006124,train/images.npz,6124,domain_10,ct,blur,generic,1,False,class_074
train_006125,train/images.npz,6125,domain_03,xray,noise,generic,1,False,class_015
train_006126,train/images.npz,6126,domain_09,3d_projection,none,generic,0,False,class_061
train_006127,train/images.npz,6127,domain_01,microscopy,contrast,generic,2,False,class_002
train_006128,train/images.npz,6128,domain_07,ct,none,generic,0,False,class_044
train_006129,train/images.npz,6129,domain_13,retinal,none,generic,0,False,class_093
train_006130,train/images.npz,6130,domain_08,ct,blur,generic,1,False,class_051
train_006131,train/images.npz,6131,domain_04,3d_projection,blur,generic,1,False,class_027
train_006132,train/images.npz,6132,domain_10,ct,brightness,generic,2,False,class_075
train_006133,train/images.npz,6133,domain_08,ct,noise,generic,2,False,class_056
train_006134,train/images.npz,6134,domain_08,ct,none,generic,0,False,class_057
train_006135,train/images.npz,6135,domain_07,ct,noise,generic,1,False,class_038
train_006136,train/images.npz,6136,domain_01,microscopy,contrast,generic,1,False,class_008
train_006137,train/images.npz,6137,domain_13,retinal,contrast,generic,1,False,class_095
train_006138,train/images.npz,6138,domain_03,xray,none,generic,0,False,class_018
train_006139,train/images.npz,6139,domain_07,ct,noise,generic,2,False,class_043
train_006140,train/images.npz,6140,domain_10,ct,blur,generic,1,False,class_075
train_006141,train/images.npz,6141,domain_06,retinal,noise,generic,1,False,class_032
train_006142,train/images.npz,6142,domain_07,ct,none,generic,0,False,class_036
train_006143,train/images.npz,6143,domain_01,microscopy,none,generic,0,False,class_005
train_006144,train/images.npz,6144,domain_01,microscopy,noise,generic,1,False,class_006
train_006145,train/images.npz,6145,domain_07,ct,none,generic,0,False,class_046
train_006146,train/images.npz,6146,domain_15,microscopy,none,generic,0,False,class_101
train_006147,train/images.npz,6147,domain_12,xray,none,generic,0,False,class_090
train_006148,train/images.npz,6148,domain_09,3d_projection,contrast,generic,1,False,class_060
train_006149,train/images.npz,6149,domain_13,retinal,none,generic,0,False,class_093
train_006150,train/images.npz,6150,domain_08,ct,none,generic,0,False,class_052
train_006151,train/images.npz,6151,domain_08,ct,none,generic,0,False,class_054
train_006152,train/images.npz,6152,domain_15,microscopy,none,generic,0,False,class_103
train_006153,train/images.npz,6153,domain_03,xray,blur,generic,2,False,class_025
train_006154,train/images.npz,6154,domain_10,ct,blur,generic,1,False,class_079
train_006155,train/images.npz,6155,domain_07,ct,contrast,generic,1,False,class_046
train_006156,train/images.npz,6156,domain_07,ct,none,generic,0,False,class_041
train_006157,train/images.npz,6157,domain_07,ct,none,generic,0,False,class_045
train_006158,train/images.npz,6158,domain_01,microscopy,none,generic,0,False,class_006
train_006159,train/images.npz,6159,domain_08,ct,noise,generic,1,False,class_050
train_006160,train/images.npz,6160,domain_13,retinal,none,generic,0,False,class_093
train_006161,train/images.npz,6161,domain_01,microscopy,none,generic,0,False,class_008
train_006162,train/images.npz,6162,domain_12,xray,none,generic,0,False,class_090
train_006163,train/images.npz,6163,domain_09,3d_projection,noise,generic,1,False,class_067
train_006164,train/images.npz,6164,domain_10,ct,blur,generic,1,False,class_070
train_006165,train/images.npz,6165,domain_07,ct,none,generic,0,False,class_041
train_006166,train/images.npz,6166,domain_11,microscopy,none,generic,0,False,class_088
train_006167,train/images.npz,6167,domain_08,ct,none,generic,0,False,class_048
train_006168,train/images.npz,6168,domain_03,xray,noise,generic,1,False,class_013
train_006169,train/images.npz,6169,domain_04,3d_projection,contrast,generic,1,False,class_027
train_006170,train/images.npz,6170,domain_01,microscopy,noise,generic,1,False,class_005
train_006171,train/images.npz,6171,domain_10,ct,blur,generic,2,False,class_077
train_006172,train/images.npz,6172,domain_06,retinal,none,generic,0,False,class_034
train_006173,train/images.npz,6173,domain_10,ct,none,generic,0,False,class_076
train_006174,train/images.npz,6174,domain_07,ct,none,generic,0,False,class_046
train_006175,train/images.npz,6175,domain_09,3d_projection,none,generic,0,False,class_062
train_006176,train/images.npz,6176,domain_01,microscopy,noise,generic,1,False,class_003
train_006177,train/images.npz,6177,domain_13,retinal,contrast,generic,1,False,class_095
train_006178,train/images.npz,6178,domain_07,ct,none,generic,0,False,class_036
train_006179,train/images.npz,6179,domain_16,3d_projection,none,generic,0,False,class_107
train_006180,train/images.npz,6180,domain_08,ct,contrast,generic,1,False,class_051
train_006181,train/images.npz,6181,domain_01,microscopy,none,generic,0,False,class_002
train_006182,train/images.npz,6182,domain_07,ct,none,generic,0,False,class_036
train_006183,train/images.npz,6183,domain_03,xray,noise,generic,1,False,class_016
train_006184,train/images.npz,6184,domain_11,microscopy,none,generic,0,False,class_083
train_006185,train/images.npz,6185,domain_03,xray,none,generic,0,False,class_015
train_006186,train/images.npz,6186,domain_01,microscopy,contrast,generic,1,False,class_003
train_006187,train/images.npz,6187,domain_13,retinal,none,generic,0,False,class_094
train_006188,train/images.npz,6188,domain_08,ct,none,generic,0,False,class_050
train_006189,train/images.npz,6189,domain_04,3d_projection,noise,generic,1,False,class_028
train_006190,train/images.npz,6190,domain_01,microscopy,none,generic,0,False,class_006
train_006191,train/images.npz,6191,domain_04,3d_projection,blur,generic,2,False,class_027
train_006192,train/images.npz,6192,domain_15,microscopy,none,generic,0,False,class_098
train_006193,train/images.npz,6193,domain_16,3d_projection,none,generic,0,False,class_106
train_006194,train/images.npz,6194,domain_08,ct,none,generic,0,False,class_057
train_006195,train/images.npz,6195,domain_01,microscopy,blur,generic,1,False,class_006
train_006196,train/images.npz,6196,domain_05,3d_projection,blur,generic,2,False,class_031
train_006197,train/images.npz,6197,domain_01,microscopy,none,generic,0,False,class_005
train_006198,train/images.npz,6198,domain_08,ct,contrast,generic,1,False,class_050
train_006199,train/images.npz,6199,domain_03,xray,blur,generic,1,False,class_019
train_006200,train/images.npz,6200,domain_09,3d_projection,none,generic,0,False,class_064
train_006201,train/images.npz,6201,domain_10,ct,none,generic,0,False,class_069
train_006202,train/images.npz,6202,domain_10,ct,none,generic,0,False,class_072
train_006203,train/images.npz,6203,domain_04,3d_projection,brightness,generic,1,False,class_027
train_006204,train/images.npz,6204,domain_11,microscopy,blur,generic,1,False,class_083
train_006205,train/images.npz,6205,domain_01,microscopy,contrast,generic,1,False,class_007
train_006206,train/images.npz,6206,domain_09,3d_projection,blur,generic,1,False,class_059
train_006207,train/images.npz,6207,domain_08,ct,none,generic,0,False,class_048
train_006208,train/images.npz,6208,domain_09,3d_projection,contrast,generic,1,False,class_065
train_006209,train/images.npz,6209,domain_13,retinal,none,generic,0,False,class_095
train_006210,train/images.npz,6210,domain_10,ct,none,generic,0,False,class_075
train_006211,train/images.npz,6211,domain_09,3d_projection,none,generic,0,False,class_068
train_006212,train/images.npz,6212,domain_03,xray,contrast,generic,1,False,class_016
train_006213,train/images.npz,6213,domain_10,ct,none,generic,0,False,class_077
train_006214,train/images.npz,6214,domain_01,microscopy,none,generic,0,False,class_006
train_006215,train/images.npz,6215,domain_07,ct,noise,generic,2,False,class_040
train_006216,train/images.npz,6216,domain_15,microscopy,none,generic,0,False,class_099
train_006217,train/images.npz,6217,domain_08,ct,none,generic,0,False,class_052
train_006218,train/images.npz,6218,domain_08,ct,none,generic,0,False,class_048
train_006219,train/images.npz,6219,domain_15,microscopy,noise,generic,1,False,class_099
train_006220,train/images.npz,6220,domain_13,retinal,none,generic,0,False,class_094
train_006221,train/images.npz,6221,domain_15,microscopy,contrast,generic,2,False,class_105
train_006222,train/images.npz,6222,domain_03,xray,none,generic,0,False,class_018
train_006223,train/images.npz,6223,domain_15,microscopy,none,generic,0,False,class_098
train_006224,train/images.npz,6224,domain_10,ct,none,generic,0,False,class_072
train_006225,train/images.npz,6225,domain_07,ct,none,generic,0,False,class_039
train_006226,train/images.npz,6226,domain_03,xray,noise,generic,1,False,class_025
train_006227,train/images.npz,6227,domain_00,3d_projection,none,generic,0,False,class_001
train_006228,train/images.npz,6228,domain_08,ct,noise,generic,2,False,class_048
train_006229,train/images.npz,6229,domain_13,retinal,brightness,generic,1,False,class_091
train_006230,train/images.npz,6230,domain_08,ct,none,generic,0,False,class_049
train_006231,train/images.npz,6231,domain_08,ct,noise,generic,1,False,class_051
train_006232,train/images.npz,6232,domain_07,ct,none,generic,0,False,class_036
train_006233,train/images.npz,6233,domain_15,microscopy,none,generic,0,False,class_100
train_006234,train/images.npz,6234,domain_04,3d_projection,noise,generic,1,False,class_029
train_006235,train/images.npz,6235,domain_12,xray,none,generic,0,False,class_090
train_006236,train/images.npz,6236,domain_02,ultrasound,none,generic,0,False,class_011
train_006237,train/images.npz,6237,domain_16,3d_projection,contrast,generic,1,False,class_106
train_006238,train/images.npz,6238,domain_00,3d_projection,brightness,generic,1,False,class_001
train_006239,train/images.npz,6239,domain_10,ct,none,generic,0,False,class_076
train_006240,train/images.npz,6240,domain_14,3d_projection,brightness,generic,1,False,class_097
train_006241,train/images.npz,6241,domain_07,ct,blur,generic,1,False,class_045
train_006242,train/images.npz,6242,domain_05,3d_projection,contrast,generic,2,False,class_030
train_006243,train/images.npz,6243,domain_03,xray,brightness,generic,1,False,class_022
train_006244,train/images.npz,6244,domain_09,3d_projection,contrast,generic,1,False,class_060
train_006245,train/images.npz,6245,domain_10,ct,none,generic,0,False,class_079
train_006246,train/images.npz,6246,domain_03,xray,noise,generic,1,False,class_019
train_006247,train/images.npz,6247,domain_03,xray,contrast,generic,1,False,class_013
train_006248,train/images.npz,6248,domain_07,ct,none,generic,0,False,class_046
train_006249,train/images.npz,6249,domain_08,ct,brightness,generic,1,False,class_054
train_006250,train/images.npz,6250,domain_09,3d_projection,none,generic,0,False,class_061
train_006251,train/images.npz,6251,domain_15,microscopy,brightness,generic,1,False,class_098
train_006252,train/images.npz,6252,domain_07,ct,none,generic,0,False,class_046
train_006253,train/images.npz,6253,domain_09,3d_projection,noise,generic,1,False,class_060
train_006254,train/images.npz,6254,domain_01,microscopy,none,generic,0,False,class_008
train_006255,train/images.npz,6255,domain_04,3d_projection,contrast,generic,1,False,class_029
train_006256,train/images.npz,6256,domain_03,xray,noise,generic,1,False,class_023
train_006257,train/images.npz,6257,domain_09,3d_projection,none,generic,0,False,class_066
train_006258,train/images.npz,6258,domain_09,3d_projection,contrast,generic,2,False,class_064
train_006259,train/images.npz,6259,domain_14,3d_projection,brightness,generic,1,False,class_097
train_006260,train/images.npz,6260,domain_08,ct,contrast,generic,1,False,class_049
train_006261,train/images.npz,6261,domain_14,3d_projection,none,generic,0,False,class_097
train_006262,train/images.npz,6262,domain_14,3d_projection,none,generic,0,False,class_096
train_006263,train/images.npz,6263,domain_03,xray,none,generic,0,False,class_016
train_006264,train/images.npz,6264,domain_03,xray,none,generic,0,False,class_024
train_006265,train/images.npz,6265,domain_11,microscopy,none,generic,0,False,class_085
train_006266,train/images.npz,6266,domain_03,xray,none,generic,0,False,class_024
train_006267,train/images.npz,6267,domain_07,ct,noise,generic,2,False,class_043
train_006268,train/images.npz,6268,domain_01,microscopy,none,generic,0,False,class_008
train_006269,train/images.npz,6269,domain_10,ct,none,generic,0,False,class_069
train_006270,train/images.npz,6270,domain_03,xray,noise,generic,1,False,class_019
train_006271,train/images.npz,6271,domain_11,microscopy,noise,generic,1,False,class_086
train_006272,train/images.npz,6272,domain_11,microscopy,contrast,generic,1,False,class_080
train_006273,train/images.npz,6273,domain_09,3d_projection,contrast,generic,2,False,class_063
train_006274,train/images.npz,6274,domain_07,ct,blur,generic,1,False,class_046
train_006275,train/images.npz,6275,domain_08,ct,none,generic,0,False,class_048
train_006276,train/images.npz,6276,domain_03,xray,noise,generic,1,False,class_022
train_006277,train/images.npz,6277,domain_14,3d_projection,noise,generic,2,False,class_096
train_006278,train/images.npz,6278,domain_11,microscopy,noise,generic,2,False,class_083
train_006279,train/images.npz,6279,domain_07,ct,brightness,generic,1,False,class_042
train_006280,train/images.npz,6280,domain_06,retinal,blur,generic,1,False,class_034
train_006281,train/images.npz,6281,domain_04,3d_projection,none,generic,0,False,class_028
train_006282,train/images.npz,6282,domain_07,ct,none,generic,0,False,class_041
train_006283,train/images.npz,6283,domain_09,3d_projection,none,generic,0,False,class_059
train_006284,train/images.npz,6284,domain_14,3d_projection,none,generic,0,False,class_096
train_006285,train/images.npz,6285,domain_00,3d_projection,none,generic,0,False,class_000
train_006286,train/images.npz,6286,domain_06,retinal,none,generic,0,False,class_034
train_006287,train/images.npz,6287,domain_03,xray,none,generic,0,False,class_023
train_006288,train/images.npz,6288,domain_01,microscopy,none,generic,0,False,class_006
train_006289,train/images.npz,6289,domain_10,ct,none,generic,0,False,class_069
train_006290,train/images.npz,6290,domain_15,microscopy,noise,generic,2,False,class_104
train_006291,train/images.npz,6291,domain_03,xray,none,generic,0,False,class_020
train_006292,train/images.npz,6292,domain_08,ct,none,generic,0,False,class_048
train_006293,train/images.npz,6293,domain_10,ct,noise,generic,2,False,class_072
train_006294,train/images.npz,6294,domain_06,retinal,contrast,generic,1,False,class_032
train_006295,train/images.npz,6295,domain_07,ct,none,generic,0,False,class_044
train_006296,train/images.npz,6296,domain_07,ct,brightness,generic,1,False,class_044
train_006297,train/images.npz,6297,domain_07,ct,contrast,generic,1,False,class_046
train_006298,train/images.npz,6298,domain_15,microscopy,blur,generic,1,False,class_101
train_006299,train/images.npz,6299,domain_09,3d_projection,blur,generic,2,False,class_068
train_006300,train/images.npz,6300,domain_11,microscopy,none,generic,0,False,class_087
train_006301,train/images.npz,6301,domain_03,xray,noise,generic,1,False,class_016
train_006302,train/images.npz,6302,domain_07,ct,blur,generic,1,False,class_044
train_006303,train/images.npz,6303,domain_13,retinal,contrast,generic,1,False,class_095
train_006304,train/images.npz,6304,domain_05,3d_projection,none,generic,0,False,class_030
train_006305,train/images.npz,6305,domain_01,microscopy,none,generic,0,False,class_006
train_006306,train/images.npz,6306,domain_01,microscopy,none,generic,0,False,class_008
train_006307,train/images.npz,6307,domain_08,ct,none,generic,0,False,class_047
train_006308,train/images.npz,6308,domain_01,microscopy,none,generic,0,False,class_009
train_006309,train/images.npz,6309,domain_03,xray,contrast,generic,1,False,class_022
train_006310,train/images.npz,6310,domain_14,3d_projection,noise,generic,1,False,class_096
train_006311,train/images.npz,6311,domain_11,microscopy,blur,generic,2,False,class_088
train_006312,train/images.npz,6312,domain_09,3d_projection,none,generic,0,False,class_068
train_006313,train/images.npz,6313,domain_08,ct,none,generic,0,False,class_050
train_006314,train/images.npz,6314,domain_10,ct,none,generic,0,False,class_076
train_006315,train/images.npz,6315,domain_07,ct,none,generic,0,False,class_046
train_006316,train/images.npz,6316,domain_07,ct,contrast,generic,2,False,class_042
train_006317,train/images.npz,6317,domain_06,retinal,brightness,generic,1,False,class_033
train_006318,train/images.npz,6318,domain_05,3d_projection,contrast,generic,1,False,class_030
train_006319,train/images.npz,6319,domain_03,xray,none,generic,0,False,class_013
train_006320,train/images.npz,6320,domain_03,xray,noise,generic,1,False,class_022
train_006321,train/images.npz,6321,domain_08,ct,blur,generic,2,False,class_055
train_006322,train/images.npz,6322,domain_11,microscopy,brightness,generic,1,False,class_081
train_006323,train/images.npz,6323,domain_08,ct,brightness,generic,1,False,class_055
train_006324,train/images.npz,6324,domain_12,xray,none,generic,0,False,class_089
train_006325,train/images.npz,6325,domain_00,3d_projection,contrast,generic,2,False,class_000
train_006326,train/images.npz,6326,domain_10,ct,none,generic,0,False,class_079
train_006327,train/images.npz,6327,domain_08,ct,noise,generic,1,False,class_050
train_006328,train/images.npz,6328,domain_09,3d_projection,noise,generic,1,False,class_064
train_006329,train/images.npz,6329,domain_01,microscopy,blur,generic,1,False,class_005
train_006330,train/images.npz,6330,domain_03,xray,none,generic,0,False,class_021
train_006331,train/images.npz,6331,domain_08,ct,none,generic,0,False,class_050
train_006332,train/images.npz,6332,domain_09,3d_projection,none,generic,0,False,class_059
train_006333,train/images.npz,6333,domain_01,microscopy,none,generic,0,False,class_009
train_006334,train/images.npz,6334,domain_09,3d_projection,noise,generic,1,False,class_058
train_006335,train/images.npz,6335,domain_11,microscopy,noise,generic,1,False,class_086
train_006336,train/images.npz,6336,domain_09,3d_projection,noise,generic,1,False,class_065
train_006337,train/images.npz,6337,domain_10,ct,contrast,generic,1,False,class_076
train_006338,train/images.npz,6338,domain_01,microscopy,noise,generic,2,False,class_003
train_006339,train/images.npz,6339,domain_15,microscopy,none,generic,0,False,class_101
train_006340,train/images.npz,6340,domain_13,retinal,none,generic,0,False,class_094
train_006341,train/images.npz,6341,domain_11,microscopy,contrast,generic,2,False,class_085
train_006342,train/images.npz,6342,domain_03,xray,contrast,generic,1,False,class_019
train_006343,train/images.npz,6343,domain_07,ct,none,generic,0,False,class_042
train_006344,train/images.npz,6344,domain_08,ct,blur,generic,2,False,class_056
train_006345,train/images.npz,6345,domain_11,microscopy,none,generic,0,False,class_085
train_006346,train/images.npz,6346,domain_01,microscopy,contrast,generic,1,False,class_003
train_006347,train/images.npz,6347,domain_09,3d_projection,blur,generic,1,False,class_060
train_006348,train/images.npz,6348,domain_08,ct,noise,generic,2,False,class_048
train_006349,train/images.npz,6349,domain_06,retinal,noise,generic,1,False,class_035
train_006350,train/images.npz,6350,domain_10,ct,none,generic,0,False,class_069
train_006351,train/images.npz,6351,domain_08,ct,none,generic,0,False,class_054
train_006352,train/images.npz,6352,domain_08,ct,brightness,generic,1,False,class_047
train_006353,train/images.npz,6353,domain_08,ct,none,generic,0,False,class_050
train_006354,train/images.npz,6354,domain_03,xray,contrast,generic,1,False,class_014
train_006355,train/images.npz,6355,domain_13,retinal,contrast,generic,1,False,class_093
train_006356,train/images.npz,6356,domain_02,ultrasound,none,generic,0,False,class_010
train_006357,train/images.npz,6357,domain_04,3d_projection,noise,generic,2,False,class_028
train_006358,train/images.npz,6358,domain_05,3d_projection,none,generic,0,False,class_030
train_006359,train/images.npz,6359,domain_03,xray,blur,generic,1,False,class_016
train_006360,train/images.npz,6360,domain_01,microscopy,blur,generic,1,False,class_002
train_006361,train/images.npz,6361,domain_15,microscopy,none,generic,0,False,class_104
train_006362,train/images.npz,6362,domain_16,3d_projection,brightness,generic,1,False,class_107
train_006363,train/images.npz,6363,domain_04,3d_projection,noise,generic,1,False,class_027
train_006364,train/images.npz,6364,domain_08,ct,none,generic,0,False,class_050
train_006365,train/images.npz,6365,domain_06,retinal,none,generic,0,False,class_032
train_006366,train/images.npz,6366,domain_06,retinal,none,generic,0,False,class_034
train_006367,train/images.npz,6367,domain_07,ct,brightness,generic,1,False,class_046
train_006368,train/images.npz,6368,domain_15,microscopy,contrast,generic,2,False,class_102
train_006369,train/images.npz,6369,domain_04,3d_projection,none,generic,0,False,class_027
train_006370,train/images.npz,6370,domain_10,ct,none,generic,0,False,class_070
train_006371,train/images.npz,6371,domain_03,xray,none,generic,0,False,class_024
train_006372,train/images.npz,6372,domain_04,3d_projection,brightness,generic,1,False,class_029
train_006373,train/images.npz,6373,domain_01,microscopy,brightness,generic,2,False,class_007
train_006374,train/images.npz,6374,domain_11,microscopy,brightness,generic,1,False,class_086
train_006375,train/images.npz,6375,domain_07,ct,blur,generic,1,False,class_045
train_006376,train/images.npz,6376,domain_01,microscopy,blur,generic,1,False,class_007
train_006377,train/images.npz,6377,domain_03,xray,blur,generic,1,False,class_017
train_006378,train/images.npz,6378,domain_15,microscopy,contrast,generic,1,False,class_098
train_006379,train/images.npz,6379,domain_09,3d_projection,contrast,generic,1,False,class_063
train_006380,train/images.npz,6380,domain_06,retinal,contrast,generic,2,False,class_033
train_006381,train/images.npz,6381,domain_03,xray,blur,generic,2,False,class_022
train_006382,train/images.npz,6382,domain_09,3d_projection,none,generic,0,False,class_059
train_006383,train/images.npz,6383,domain_01,microscopy,contrast,generic,1,False,class_007
train_006384,train/images.npz,6384,domain_09,3d_projection,none,generic,0,False,class_065
train_006385,train/images.npz,6385,domain_03,xray,none,generic,0,False,class_026
train_006386,train/images.npz,6386,domain_10,ct,none,generic,0,False,class_076
train_006387,train/images.npz,6387,domain_10,ct,brightness,generic,1,False,class_075
train_006388,train/images.npz,6388,domain_07,ct,contrast,generic,1,False,class_046
train_006389,train/images.npz,6389,domain_11,microscopy,contrast,generic,2,False,class_088
train_006390,train/images.npz,6390,domain_08,ct,none,generic,0,False,class_052
train_006391,train/images.npz,6391,domain_10,ct,noise,generic,1,False,class_071
train_006392,train/images.npz,6392,domain_13,retinal,noise,generic,2,False,class_093
train_006393,train/images.npz,6393,domain_01,microscopy,none,generic,0,False,class_009
train_006394,train/images.npz,6394,domain_16,3d_projection,brightness,generic,1,False,class_107
train_006395,train/images.npz,6395,domain_13,retinal,none,generic,0,False,class_091
train_006396,train/images.npz,6396,domain_09,3d_projection,none,generic,0,False,class_062
train_006397,train/images.npz,6397,domain_08,ct,none,generic,0,False,class_052
train_006398,train/images.npz,6398,domain_03,xray,none,generic,0,False,class_024
train_006399,train/images.npz,6399,domain_01,microscopy,none,generic,0,False,class_005
train_006400,train/images.npz,6400,domain_07,ct,none,generic,0,False,class_040
train_006401,train/images.npz,6401,domain_01,microscopy,none,generic,0,False,class_002
train_006402,train/images.npz,6402,domain_10,ct,none,generic,0,False,class_069
train_006403,train/images.npz,6403,domain_01,microscopy,contrast,generic,2,False,class_004
train_006404,train/images.npz,6404,domain_15,microscopy,contrast,generic,1,False,class_102
train_006405,train/images.npz,6405,domain_07,ct,none,generic,0,False,class_038
train_006406,train/images.npz,6406,domain_07,ct,noise,generic,1,False,class_037
train_006407,train/images.npz,6407,domain_13,retinal,contrast,generic,2,False,class_094
train_006408,train/images.npz,6408,domain_16,3d_projection,none,generic,0,False,class_107
train_006409,train/images.npz,6409,domain_11,microscopy,none,generic,0,False,class_088
train_006410,train/images.npz,6410,domain_02,ultrasound,none,generic,0,False,class_010
train_006411,train/images.npz,6411,domain_01,microscopy,blur,generic,1,False,class_003
train_006412,train/images.npz,6412,domain_10,ct,none,generic,0,False,class_077
train_006413,train/images.npz,6413,domain_13,retinal,contrast,generic,1,False,class_092
train_006414,train/images.npz,6414,domain_07,ct,none,generic,0,False,class_041
train_006415,train/images.npz,6415,domain_16,3d_projection,brightness,generic,1,False,class_106
train_006416,train/images.npz,6416,domain_10,ct,contrast,generic,1,False,class_069
train_006417,train/images.npz,6417,domain_11,microscopy,none,generic,0,False,class_083
train_006418,train/images.npz,6418,domain_16,3d_projection,none,generic,0,False,class_107
train_006419,train/images.npz,6419,domain_01,microscopy,none,generic,0,False,class_008
train_006420,train/images.npz,6420,domain_15,microscopy,noise,generic,1,False,class_098
train_006421,train/images.npz,6421,domain_09,3d_projection,none,generic,0,False,class_061
train_006422,train/images.npz,6422,domain_03,xray,none,generic,0,False,class_012
train_006423,train/images.npz,6423,domain_04,3d_projection,none,generic,0,False,class_029
train_006424,train/images.npz,6424,domain_12,xray,contrast,generic,1,False,class_089
train_006425,train/images.npz,6425,domain_10,ct,none,generic,0,False,class_072
train_006426,train/images.npz,6426,domain_07,ct,blur,generic,2,False,class_038
train_006427,train/images.npz,6427,domain_11,microscopy,noise,generic,1,False,class_081
train_006428,train/images.npz,6428,domain_09,3d_projection,brightness,generic,2,False,class_063
train_006429,train/images.npz,6429,domain_01,microscopy,brightness,generic,1,False,class_002
train_006430,train/images.npz,6430,domain_01,microscopy,noise,generic,2,False,class_008
train_006431,train/images.npz,6431,domain_09,3d_projection,none,generic,0,False,class_060
train_006432,train/images.npz,6432,domain_11,microscopy,none,generic,0,False,class_088
train_006433,train/images.npz,6433,domain_16,3d_projection,contrast,generic,1,False,class_107
train_006434,train/images.npz,6434,domain_08,ct,none,generic,0,False,class_053
train_006435,train/images.npz,6435,domain_12,xray,blur,generic,2,False,class_089
train_006436,train/images.npz,6436,domain_11,microscopy,noise,generic,2,False,class_085
train_006437,train/images.npz,6437,domain_01,microscopy,none,generic,0,False,class_009
train_006438,train/images.npz,6438,domain_08,ct,none,generic,0,False,class_055
train_006439,train/images.npz,6439,domain_11,microscopy,none,generic,0,False,class_085
train_006440,train/images.npz,6440,domain_15,microscopy,none,generic,0,False,class_104
train_006441,train/images.npz,6441,domain_01,microscopy,noise,generic,1,False,class_009
train_006442,train/images.npz,6442,domain_08,ct,contrast,generic,2,False,class_047
train_006443,train/images.npz,6443,domain_07,ct,none,generic,0,False,class_039
train_006444,train/images.npz,6444,domain_07,ct,contrast,generic,1,False,class_043
train_006445,train/images.npz,6445,domain_08,ct,contrast,generic,1,False,class_055
train_006446,train/images.npz,6446,domain_03,xray,blur,generic,1,False,class_012
train_006447,train/images.npz,6447,domain_07,ct,blur,generic,1,False,class_041
train_006448,train/images.npz,6448,domain_05,3d_projection,none,generic,0,False,class_031
train_006449,train/images.npz,6449,domain_04,3d_projection,blur,generic,2,False,class_028
train_006450,train/images.npz,6450,domain_03,xray,none,generic,0,False,class_026
train_006451,train/images.npz,6451,domain_15,microscopy,contrast,generic,1,False,class_102
train_006452,train/images.npz,6452,domain_11,microscopy,noise,generic,1,False,class_081
train_006453,train/images.npz,6453,domain_00,3d_projection,blur,generic,1,False,class_001
train_006454,train/images.npz,6454,domain_15,microscopy,none,generic,0,False,class_102
train_006455,train/images.npz,6455,domain_15,microscopy,contrast,generic,1,False,class_101
train_006456,train/images.npz,6456,domain_08,ct,noise,generic,1,False,class_047
train_006457,train/images.npz,6457,domain_01,microscopy,contrast,generic,1,False,class_004
train_006458,train/images.npz,6458,domain_10,ct,brightness,generic,2,False,class_078
train_006459,train/images.npz,6459,domain_06,retinal,none,generic,0,False,class_035
train_006460,train/images.npz,6460,domain_03,xray,noise,generic,2,False,class_023
train_006461,train/images.npz,6461,domain_08,ct,none,generic,0,False,class_047
train_006462,train/images.npz,6462,domain_13,retinal,none,generic,0,False,class_094
train_006463,train/images.npz,6463,domain_01,microscopy,none,generic,0,False,class_006
train_006464,train/images.npz,6464,domain_08,ct,blur,generic,1,False,class_050
train_006465,train/images.npz,6465,domain_03,xray,none,generic,0,False,class_017
train_006466,train/images.npz,6466,domain_03,xray,blur,generic,2,False,class_012
train_006467,train/images.npz,6467,domain_14,3d_projection,noise,generic,2,False,class_097
train_006468,train/images.npz,6468,domain_15,microscopy,none,generic,0,False,class_104
train_006469,train/images.npz,6469,domain_10,ct,contrast,generic,1,False,class_072
train_006470,train/images.npz,6470,domain_03,xray,none,generic,0,False,class_024
train_006471,train/images.npz,6471,domain_07,ct,none,generic,0,False,class_037
train_006472,train/images.npz,6472,domain_15,microscopy,noise,generic,1,False,class_100
train_006473,train/images.npz,6473,domain_10,ct,none,generic,0,False,class_078
train_006474,train/images.npz,6474,domain_10,ct,none,generic,0,False,class_077
train_006475,train/images.npz,6475,domain_03,xray,none,generic,0,False,class_024
train_006476,train/images.npz,6476,domain_11,microscopy,contrast,generic,1,False,class_084
train_006477,train/images.npz,6477,domain_11,microscopy,none,generic,0,False,class_082
train_006478,train/images.npz,6478,domain_04,3d_projection,none,generic,0,False,class_029
train_006479,train/images.npz,6479,domain_01,microscopy,contrast,generic,1,False,class_005
train_006480,train/images.npz,6480,domain_08,ct,brightness,generic,1,False,class_052
train_006481,train/images.npz,6481,domain_10,ct,none,generic,0,False,class_071
train_006482,train/images.npz,6482,domain_05,3d_projection,blur,generic,1,False,class_030
train_006483,train/images.npz,6483,domain_07,ct,none,generic,0,False,class_046
train_006484,train/images.npz,6484,domain_04,3d_projection,none,generic,0,False,class_027
train_006485,train/images.npz,6485,domain_15,microscopy,none,generic,0,False,class_099
train_006486,train/images.npz,6486,domain_01,microscopy,noise,generic,1,False,class_005
train_006487,train/images.npz,6487,domain_03,xray,blur,generic,1,False,class_012
train_006488,train/images.npz,6488,domain_12,xray,noise,generic,1,False,class_089
train_006489,train/images.npz,6489,domain_06,retinal,blur,generic,2,False,class_032
train_006490,train/images.npz,6490,domain_15,microscopy,blur,generic,1,False,class_099
train_006491,train/images.npz,6491,domain_03,xray,none,generic,0,False,class_026
train_006492,train/images.npz,6492,domain_07,ct,none,generic,0,False,class_045
train_006493,train/images.npz,6493,domain_11,microscopy,noise,generic,1,False,class_087
train_006494,train/images.npz,6494,domain_12,xray,contrast,generic,1,False,class_090
train_006495,train/images.npz,6495,domain_05,3d_projection,contrast,generic,1,False,class_031
train_006496,train/images.npz,6496,domain_01,microscopy,noise,generic,1,False,class_008
train_006497,train/images.npz,6497,domain_06,retinal,none,generic,0,False,class_032
train_006498,train/images.npz,6498,domain_08,ct,noise,generic,2,False,class_049
train_006499,train/images.npz,6499,domain_10,ct,noise,generic,2,False,class_072
train_006500,train/images.npz,6500,domain_03,xray,none,generic,0,False,class_020
train_006501,train/images.npz,6501,domain_15,microscopy,noise,generic,2,False,class_104
train_006502,train/images.npz,6502,domain_08,ct,contrast,generic,1,False,class_052
train_006503,train/images.npz,6503,domain_13,retinal,none,generic,0,False,class_092
train_006504,train/images.npz,6504,domain_03,xray,none,generic,0,False,class_013
train_006505,train/images.npz,6505,domain_03,xray,noise,generic,1,False,class_026
train_006506,train/images.npz,6506,domain_14,3d_projection,brightness,generic,1,False,class_097
train_006507,train/images.npz,6507,domain_04,3d_projection,none,generic,0,False,class_029
train_006508,train/images.npz,6508,domain_13,retinal,none,generic,0,False,class_092
train_006509,train/images.npz,6509,domain_10,ct,contrast,generic,1,False,class_079
train_006510,train/images.npz,6510,domain_05,3d_projection,brightness,generic,1,False,class_030
train_006511,train/images.npz,6511,domain_00,3d_projection,noise,generic,1,False,class_000
train_006512,train/images.npz,6512,domain_05,3d_projection,none,generic,0,False,class_031
train_006513,train/images.npz,6513,domain_09,3d_projection,none,generic,0,False,class_064
train_006514,train/images.npz,6514,domain_09,3d_projection,noise,generic,1,False,class_064
train_006515,train/images.npz,6515,domain_09,3d_projection,contrast,generic,1,False,class_064
train_006516,train/images.npz,6516,domain_09,3d_projection,none,generic,0,False,class_064
train_006517,train/images.npz,6517,domain_07,ct,none,generic,0,False,class_046
train_006518,train/images.npz,6518,domain_08,ct,blur,generic,2,False,class_047
train_006519,train/images.npz,6519,domain_11,microscopy,none,generic,0,False,class_084
train_006520,train/images.npz,6520,domain_06,retinal,blur,generic,1,False,class_034
train_006521,train/images.npz,6521,domain_04,3d_projection,noise,generic,1,False,class_027
train_006522,train/images.npz,6522,domain_06,retinal,noise,generic,1,False,class_034
train_006523,train/images.npz,6523,domain_09,3d_projection,none,generic,0,False,class_063
train_006524,train/images.npz,6524,domain_03,xray,none,generic,0,False,class_015
train_006525,train/images.npz,6525,domain_08,ct,blur,generic,1,False,class_053
train_006526,train/images.npz,6526,domain_03,xray,brightness,generic,1,False,class_017
train_006527,train/images.npz,6527,domain_07,ct,none,generic,0,False,class_038
train_006528,train/images.npz,6528,domain_02,ultrasound,contrast,generic,1,False,class_010
train_006529,train/images.npz,6529,domain_03,xray,brightness,generic,2,False,class_024
train_006530,train/images.npz,6530,domain_06,retinal,brightness,generic,1,False,class_033
train_006531,train/images.npz,6531,domain_11,microscopy,none,generic,0,False,class_086
train_006532,train/images.npz,6532,domain_08,ct,none,generic,0,False,class_047
train_006533,train/images.npz,6533,domain_12,xray,none,generic,0,False,class_090
train_006534,train/images.npz,6534,domain_13,retinal,none,generic,0,False,class_092
train_006535,train/images.npz,6535,domain_09,3d_projection,none,generic,0,False,class_067
train_006536,train/images.npz,6536,domain_15,microscopy,brightness,generic,1,False,class_100
train_006537,train/images.npz,6537,domain_09,3d_projection,noise,generic,1,False,class_060
train_006538,train/images.npz,6538,domain_02,ultrasound,brightness,generic,1,False,class_011
train_006539,train/images.npz,6539,domain_08,ct,brightness,generic,2,False,class_049
train_006540,train/images.npz,6540,domain_13,retinal,brightness,generic,1,False,class_091
train_006541,train/images.npz,6541,domain_06,retinal,none,generic,0,False,class_034
train_006542,train/images.npz,6542,domain_03,xray,none,generic,0,False,class_026
train_006543,train/images.npz,6543,domain_13,retinal,none,generic,0,False,class_094
train_006544,train/images.npz,6544,domain_15,microscopy,blur,generic,1,False,class_100
train_006545,train/images.npz,6545,domain_06,retinal,brightness,generic,1,False,class_035
train_006546,train/images.npz,6546,domain_15,microscopy,contrast,generic,1,False,class_098
train_006547,train/images.npz,6547,domain_08,ct,none,generic,0,False,class_051
train_006548,train/images.npz,6548,domain_09,3d_projection,none,generic,0,False,class_063
train_006549,train/images.npz,6549,domain_01,microscopy,none,generic,0,False,class_005
train_006550,train/images.npz,6550,domain_15,microscopy,none,generic,0,False,class_104
train_006551,train/images.npz,6551,domain_05,3d_projection,none,generic,0,False,class_031
train_006552,train/images.npz,6552,domain_16,3d_projection,contrast,generic,1,False,class_106
train_006553,train/images.npz,6553,domain_10,ct,none,generic,0,False,class_069
train_006554,train/images.npz,6554,domain_03,xray,brightness,generic,2,False,class_021
train_006555,train/images.npz,6555,domain_08,ct,none,generic,0,False,class_052
train_006556,train/images.npz,6556,domain_03,xray,none,generic,0,False,class_012
train_006557,train/images.npz,6557,domain_00,3d_projection,none,generic,0,False,class_001
train_006558,train/images.npz,6558,domain_08,ct,none,generic,0,False,class_048
train_006559,train/images.npz,6559,domain_01,microscopy,contrast,generic,1,False,class_005
train_006560,train/images.npz,6560,domain_15,microscopy,contrast,generic,1,False,class_101
train_006561,train/images.npz,6561,domain_08,ct,blur,generic,2,False,class_047
train_006562,train/images.npz,6562,domain_10,ct,contrast,generic,1,False,class_077
train_006563,train/images.npz,6563,domain_08,ct,none,generic,0,False,class_047
train_006564,train/images.npz,6564,domain_05,3d_projection,blur,generic,1,False,class_031
train_006565,train/images.npz,6565,domain_09,3d_projection,blur,generic,2,False,class_063
train_006566,train/images.npz,6566,domain_02,ultrasound,noise,generic,2,False,class_011
train_006567,train/images.npz,6567,domain_08,ct,none,generic,0,False,class_054
train_006568,train/images.npz,6568,domain_08,ct,contrast,generic,1,False,class_050
train_006569,train/images.npz,6569,domain_05,3d_projection,none,generic,0,False,class_030
train_006570,train/images.npz,6570,domain_15,microscopy,noise,generic,2,False,class_103
train_006571,train/images.npz,6571,domain_07,ct,none,generic,0,False,class_038
train_006572,train/images.npz,6572,domain_10,ct,noise,generic,1,False,class_070
train_006573,train/images.npz,6573,domain_10,ct,brightness,generic,1,False,class_069
train_006574,train/images.npz,6574,domain_16,3d_projection,contrast,generic,2,False,class_106
train_006575,train/images.npz,6575,domain_13,retinal,brightness,generic,1,False,class_094
train_006576,train/images.npz,6576,domain_10,ct,none,generic,0,False,class_073
train_006577,train/images.npz,6577,domain_10,ct,noise,generic,1,False,class_070
train_006578,train/images.npz,6578,domain_04,3d_projection,none,generic,0,False,class_028
train_006579,train/images.npz,6579,domain_13,retinal,contrast,generic,2,False,class_093
train_006580,train/images.npz,6580,domain_03,xray,contrast,generic,1,False,class_023
train_006581,train/images.npz,6581,domain_06,retinal,none,generic,0,False,class_034
train_006582,train/images.npz,6582,domain_15,microscopy,none,generic,0,False,class_104
train_006583,train/images.npz,6583,domain_16,3d_projection,none,generic,0,False,class_106
train_006584,train/images.npz,6584,domain_15,microscopy,blur,generic,2,False,class_102
train_006585,train/images.npz,6585,domain_06,retinal,none,generic,0,False,class_033
train_006586,train/images.npz,6586,domain_03,xray,none,generic,0,False,class_023
train_006587,train/images.npz,6587,domain_04,3d_projection,none,generic,0,False,class_029
train_006588,train/images.npz,6588,domain_08,ct,contrast,generic,1,False,class_055
train_006589,train/images.npz,6589,domain_13,retinal,brightness,generic,1,False,class_091
train_006590,train/images.npz,6590,domain_03,xray,contrast,generic,1,False,class_021
train_006591,train/images.npz,6591,domain_15,microscopy,none,generic,0,False,class_101
train_006592,train/images.npz,6592,domain_11,microscopy,contrast,generic,1,False,class_088
train_006593,train/images.npz,6593,domain_13,retinal,blur,generic,1,False,class_092
train_006594,train/images.npz,6594,domain_11,microscopy,none,generic,0,False,class_087
train_006595,train/images.npz,6595,domain_15,microscopy,none,generic,0,False,class_098
train_006596,train/images.npz,6596,domain_08,ct,contrast,generic,2,False,class_054
train_006597,train/images.npz,6597,domain_11,microscopy,none,generic,0,False,class_085
train_006598,train/images.npz,6598,domain_03,xray,contrast,generic,1,False,class_024
train_006599,train/images.npz,6599,domain_07,ct,blur,generic,1,False,class_046
train_006600,train/images.npz,6600,domain_14,3d_projection,contrast,generic,1,False,class_097
train_006601,train/images.npz,6601,domain_09,3d_projection,contrast,generic,1,False,class_068
train_006602,train/images.npz,6602,domain_07,ct,none,generic,0,False,class_036
train_006603,train/images.npz,6603,domain_11,microscopy,brightness,generic,1,False,class_088
train_006604,train/images.npz,6604,domain_07,ct,none,generic,0,False,class_039
train_006605,train/images.npz,6605,domain_15,microscopy,none,generic,0,False,class_104
train_006606,train/images.npz,6606,domain_09,3d_projection,none,generic,0,False,class_064
train_006607,train/images.npz,6607,domain_03,xray,noise,generic,1,False,class_024
train_006608,train/images.npz,6608,domain_07,ct,noise,generic,1,False,class_045
train_006609,train/images.npz,6609,domain_13,retinal,blur,generic,1,False,class_093
train_006610,train/images.npz,6610,domain_09,3d_projection,none,generic,0,False,class_060
train_006611,train/images.npz,6611,domain_13,retinal,contrast,generic,1,False,class_091
train_006612,train/images.npz,6612,domain_10,ct,contrast,generic,1,False,class_076
train_006613,train/images.npz,6613,domain_10,ct,none,generic,0,False,class_077
train_006614,train/images.npz,6614,domain_11,microscopy,none,generic,0,False,class_080
train_006615,train/images.npz,6615,domain_13,retinal,none,generic,0,False,class_092
train_006616,train/images.npz,6616,domain_08,ct,none,generic,0,False,class_048
train_006617,train/images.npz,6617,domain_03,xray,none,generic,0,False,class_018
train_006618,train/images.npz,6618,domain_13,retinal,contrast,generic,1,False,class_092
train_006619,train/images.npz,6619,domain_07,ct,brightness,generic,1,False,class_041
train_006620,train/images.npz,6620,domain_15,microscopy,none,generic,0,False,class_100
train_006621,train/images.npz,6621,domain_08,ct,none,generic,0,False,class_055
train_006622,train/images.npz,6622,domain_11,microscopy,noise,generic,1,False,class_083
train_006623,train/images.npz,6623,domain_07,ct,none,generic,0,False,class_042
train_006624,train/images.npz,6624,domain_01,microscopy,none,generic,0,False,class_008
train_006625,train/images.npz,6625,domain_08,ct,none,generic,0,False,class_057
train_006626,train/images.npz,6626,domain_09,3d_projection,brightness,generic,1,False,class_068
train_006627,train/images.npz,6627,domain_15,microscopy,none,generic,0,False,class_101
train_006628,train/images.npz,6628,domain_01,microscopy,blur,generic,1,False,class_005
train_006629,train/images.npz,6629,domain_08,ct,none,generic,0,False,class_053
train_006630,train/images.npz,6630,domain_01,microscopy,none,generic,0,False,class_004
train_006631,train/images.npz,6631,domain_08,ct,none,generic,0,False,class_048
train_006632,train/images.npz,6632,domain_15,microscopy,blur,generic,2,False,class_104
train_006633,train/images.npz,6633,domain_04,3d_projection,contrast,generic,1,False,class_028
train_006634,train/images.npz,6634,domain_03,xray,none,generic,0,False,class_025
train_006635,train/images.npz,6635,domain_04,3d_projection,noise,generic,2,False,class_029
train_006636,train/images.npz,6636,domain_03,xray,none,generic,0,False,class_024
train_006637,train/images.npz,6637,domain_03,xray,noise,generic,2,False,class_016
train_006638,train/images.npz,6638,domain_03,xray,none,generic,0,False,class_023
train_006639,train/images.npz,6639,domain_07,ct,noise,generic,1,False,class_036
train_006640,train/images.npz,6640,domain_06,retinal,none,generic,0,False,class_033
train_006641,train/images.npz,6641,domain_03,xray,none,generic,0,False,class_021
train_006642,train/images.npz,6642,domain_03,xray,none,generic,0,False,class_012
train_006643,train/images.npz,6643,domain_07,ct,none,generic,0,False,class_036
train_006644,train/images.npz,6644,domain_01,microscopy,none,generic,0,False,class_004
train_006645,train/images.npz,6645,domain_07,ct,blur,generic,2,False,class_041
train_006646,train/images.npz,6646,domain_10,ct,none,generic,0,False,class_078
train_006647,train/images.npz,6647,domain_05,3d_projection,blur,generic,2,False,class_031
train_006648,train/images.npz,6648,domain_08,ct,noise,generic,1,False,class_055
train_006649,train/images.npz,6649,domain_10,ct,contrast,generic,1,False,class_079
train_006650,train/images.npz,6650,domain_10,ct,brightness,generic,1,False,class_070
train_006651,train/images.npz,6651,domain_07,ct,noise,generic,1,False,class_042
train_006652,train/images.npz,6652,domain_11,microscopy,noise,generic,2,False,class_087
train_006653,train/images.npz,6653,domain_01,microscopy,none,generic,0,False,class_006
train_006654,train/images.npz,6654,domain_15,microscopy,noise,generic,1,False,class_101
train_006655,train/images.npz,6655,domain_04,3d_projection,none,generic,0,False,class_027
train_006656,train/images.npz,6656,domain_10,ct,none,generic,0,False,class_071
train_006657,train/images.npz,6657,domain_08,ct,noise,generic,1,False,class_050
train_006658,train/images.npz,6658,domain_03,xray,none,generic,0,False,class_012
train_006659,train/images.npz,6659,domain_15,microscopy,noise,generic,1,False,class_098
train_006660,train/images.npz,6660,domain_03,xray,none,generic,0,False,class_017
train_006661,train/images.npz,6661,domain_01,microscopy,none,generic,0,False,class_007
train_006662,train/images.npz,6662,domain_01,microscopy,contrast,generic,1,False,class_009
train_006663,train/images.npz,6663,domain_11,microscopy,brightness,generic,1,False,class_085
train_006664,train/images.npz,6664,domain_03,xray,contrast,generic,1,False,class_021
train_006665,train/images.npz,6665,domain_08,ct,noise,generic,1,False,class_055
train_006666,train/images.npz,6666,domain_15,microscopy,none,generic,0,False,class_099
train_006667,train/images.npz,6667,domain_11,microscopy,none,generic,0,False,class_083
train_006668,train/images.npz,6668,domain_08,ct,noise,generic,2,False,class_051
train_006669,train/images.npz,6669,domain_08,ct,noise,generic,1,False,class_047
train_006670,train/images.npz,6670,domain_11,microscopy,none,generic,0,False,class_087
train_006671,train/images.npz,6671,domain_03,xray,noise,generic,1,False,class_018
train_006672,train/images.npz,6672,domain_03,xray,noise,generic,1,False,class_021
train_006673,train/images.npz,6673,domain_09,3d_projection,noise,generic,1,False,class_059
train_006674,train/images.npz,6674,domain_07,ct,none,generic,0,False,class_043
train_006675,train/images.npz,6675,domain_13,retinal,none,generic,0,False,class_095
train_006676,train/images.npz,6676,domain_10,ct,blur,generic,1,False,class_073
train_006677,train/images.npz,6677,domain_10,ct,none,generic,0,False,class_075
train_006678,train/images.npz,6678,domain_11,microscopy,none,generic,0,False,class_086
train_006679,train/images.npz,6679,domain_09,3d_projection,none,generic,0,False,class_060
train_006680,train/images.npz,6680,domain_10,ct,none,generic,0,False,class_077
train_006681,train/images.npz,6681,domain_07,ct,contrast,generic,1,False,class_040
train_006682,train/images.npz,6682,domain_10,ct,contrast,generic,1,False,class_076
train_006683,train/images.npz,6683,domain_03,xray,noise,generic,2,False,class_025
train_006684,train/images.npz,6684,domain_01,microscopy,brightness,generic,1,False,class_008
train_006685,train/images.npz,6685,domain_11,microscopy,brightness,generic,1,False,class_087
train_006686,train/images.npz,6686,domain_10,ct,brightness,generic,1,False,class_079
train_006687,train/images.npz,6687,domain_09,3d_projection,brightness,generic,2,False,class_060
train_006688,train/images.npz,6688,domain_11,microscopy,contrast,generic,1,False,class_082
train_006689,train/images.npz,6689,domain_09,3d_projection,noise,generic,1,False,class_061
train_006690,train/images.npz,6690,domain_04,3d_projection,blur,generic,1,False,class_028
train_006691,train/images.npz,6691,domain_07,ct,noise,generic,2,False,class_038
train_006692,train/images.npz,6692,domain_08,ct,none,generic,0,False,class_056
train_006693,train/images.npz,6693,domain_10,ct,none,generic,0,False,class_076
train_006694,train/images.npz,6694,domain_08,ct,contrast,generic,2,False,class_055
train_006695,train/images.npz,6695,domain_09,3d_projection,none,generic,0,False,class_066
train_006696,train/images.npz,6696,domain_08,ct,none,generic,0,False,class_051
train_006697,train/images.npz,6697,domain_11,microscopy,noise,generic,1,False,class_082
train_006698,train/images.npz,6698,domain_11,microscopy,none,generic,0,False,class_087
train_006699,train/images.npz,6699,domain_10,ct,blur,generic,1,False,class_070
train_006700,train/images.npz,6700,domain_09,3d_projection,none,generic,0,False,class_062
train_006701,train/images.npz,6701,domain_11,microscopy,brightness,generic,1,False,class_081
train_006702,train/images.npz,6702,domain_15,microscopy,none,generic,0,False,class_102
train_006703,train/images.npz,6703,domain_11,microscopy,none,generic,0,False,class_083
train_006704,train/images.npz,6704,domain_09,3d_projection,none,generic,0,False,class_063
train_006705,train/images.npz,6705,domain_08,ct,none,generic,0,False,class_049
train_006706,train/images.npz,6706,domain_10,ct,blur,generic,1,False,class_078
train_006707,train/images.npz,6707,domain_10,ct,none,generic,0,False,class_069
train_006708,train/images.npz,6708,domain_00,3d_projection,none,generic,0,False,class_000
train_006709,train/images.npz,6709,domain_15,microscopy,brightness,generic,1,False,class_104
train_006710,train/images.npz,6710,domain_07,ct,none,generic,0,False,class_040
train_006711,train/images.npz,6711,domain_01,microscopy,contrast,generic,1,False,class_004
train_006712,train/images.npz,6712,domain_03,xray,blur,generic,1,False,class_019
train_006713,train/images.npz,6713,domain_14,3d_projection,contrast,generic,1,False,class_097
train_006714,train/images.npz,6714,domain_13,retinal,brightness,generic,1,False,class_093
train_006715,train/images.npz,6715,domain_13,retinal,contrast,generic,2,False,class_091
train_006716,train/images.npz,6716,domain_06,retinal,blur,generic,2,False,class_035
train_006717,train/images.npz,6717,domain_03,xray,none,generic,0,False,class_022
train_006718,train/images.npz,6718,domain_09,3d_projection,none,generic,0,False,class_067
train_006719,train/images.npz,6719,domain_01,microscopy,noise,generic,2,False,class_009
train_006720,train/images.npz,6720,domain_10,ct,none,generic,0,False,class_074
train_006721,train/images.npz,6721,domain_00,3d_projection,blur,generic,1,False,class_000
train_006722,train/images.npz,6722,domain_03,xray,none,generic,0,False,class_014
train_006723,train/images.npz,6723,domain_11,microscopy,none,generic,0,False,class_083
train_006724,train/images.npz,6724,domain_09,3d_projection,contrast,generic,1,False,class_059
train_006725,train/images.npz,6725,domain_06,retinal,noise,generic,1,False,class_032
train_006726,train/images.npz,6726,domain_11,microscopy,noise,generic,1,False,class_086
train_006727,train/images.npz,6727,domain_10,ct,contrast,generic,1,False,class_077
train_006728,train/images.npz,6728,domain_09,3d_projection,contrast,generic,1,False,class_067
train_006729,train/images.npz,6729,domain_09,3d_projection,brightness,generic,1,False,class_061
train_006730,train/images.npz,6730,domain_08,ct,none,generic,0,False,class_052
train_006731,train/images.npz,6731,domain_15,microscopy,none,generic,0,False,class_102
train_006732,train/images.npz,6732,domain_09,3d_projection,contrast,generic,1,False,class_064
train_006733,train/images.npz,6733,domain_03,xray,blur,generic,1,False,class_019
train_006734,train/images.npz,6734,domain_00,3d_projection,none,generic,0,False,class_000
train_006735,train/images.npz,6735,domain_01,microscopy,contrast,generic,1,False,class_008
train_006736,train/images.npz,6736,domain_08,ct,none,generic,0,False,class_052
train_006737,train/images.npz,6737,domain_01,microscopy,contrast,generic,2,False,class_002
train_006738,train/images.npz,6738,domain_13,retinal,noise,generic,2,False,class_095
train_006739,train/images.npz,6739,domain_15,microscopy,contrast,generic,2,False,class_101
train_006740,train/images.npz,6740,domain_02,ultrasound,none,generic,0,False,class_010
train_006741,train/images.npz,6741,domain_11,microscopy,none,generic,0,False,class_084
train_006742,train/images.npz,6742,domain_13,retinal,none,generic,0,False,class_094
train_006743,train/images.npz,6743,domain_03,xray,blur,generic,2,False,class_022
train_006744,train/images.npz,6744,domain_07,ct,none,generic,0,False,class_038
train_006745,train/images.npz,6745,domain_08,ct,none,generic,0,False,class_057
train_006746,train/images.npz,6746,domain_09,3d_projection,noise,generic,1,False,class_062
train_006747,train/images.npz,6747,domain_08,ct,blur,generic,2,False,class_054
train_006748,train/images.npz,6748,domain_03,xray,contrast,generic,1,False,class_023
train_006749,train/images.npz,6749,domain_06,retinal,noise,generic,1,False,class_032
train_006750,train/images.npz,6750,domain_03,xray,none,generic,0,False,class_018
train_006751,train/images.npz,6751,domain_10,ct,none,generic,0,False,class_072
train_006752,train/images.npz,6752,domain_15,microscopy,none,generic,0,False,class_100
train_006753,train/images.npz,6753,domain_01,microscopy,none,generic,0,False,class_008
train_006754,train/images.npz,6754,domain_06,retinal,none,generic,0,False,class_034
train_006755,train/images.npz,6755,domain_09,3d_projection,contrast,generic,1,False,class_067
train_006756,train/images.npz,6756,domain_14,3d_projection,none,generic,0,False,class_096
train_006757,train/images.npz,6757,domain_15,microscopy,none,generic,0,False,class_100
train_006758,train/images.npz,6758,domain_03,xray,none,generic,0,False,class_014
train_006759,train/images.npz,6759,domain_08,ct,contrast,generic,1,False,class_048
train_006760,train/images.npz,6760,domain_11,microscopy,none,generic,0,False,class_085
train_006761,train/images.npz,6761,domain_04,3d_projection,none,generic,0,False,class_027
train_006762,train/images.npz,6762,domain_01,microscopy,blur,generic,2,False,class_002
train_006763,train/images.npz,6763,domain_15,microscopy,none,generic,0,False,class_104
train_006764,train/images.npz,6764,domain_03,xray,none,generic,0,False,class_012
train_006765,train/images.npz,6765,domain_08,ct,contrast,generic,1,False,class_049
train_006766,train/images.npz,6766,domain_08,ct,none,generic,0,False,class_049
train_006767,train/images.npz,6767,domain_05,3d_projection,contrast,generic,1,False,class_031
train_006768,train/images.npz,6768,domain_15,microscopy,contrast,generic,2,False,class_103
train_006769,train/images.npz,6769,domain_07,ct,blur,generic,2,False,class_037
train_006770,train/images.npz,6770,domain_10,ct,none,generic,0,False,class_077
train_006771,train/images.npz,6771,domain_10,ct,contrast,generic,2,False,class_072
train_006772,train/images.npz,6772,domain_08,ct,noise,generic,2,False,class_053
train_006773,train/images.npz,6773,domain_12,xray,none,generic,0,False,class_089
train_006774,train/images.npz,6774,domain_01,microscopy,noise,generic,1,False,class_005
train_006775,train/images.npz,6775,domain_08,ct,none,generic,0,False,class_055
train_006776,train/images.npz,6776,domain_09,3d_projection,noise,generic,2,False,class_067
train_006777,train/images.npz,6777,domain_10,ct,noise,generic,1,False,class_069
train_006778,train/images.npz,6778,domain_03,xray,none,generic,0,False,class_014
train_006779,train/images.npz,6779,domain_03,xray,none,generic,0,False,class_013
train_006780,train/images.npz,6780,domain_15,microscopy,noise,generic,2,False,class_100
train_006781,train/images.npz,6781,domain_11,microscopy,noise,generic,1,False,class_080
train_006782,train/images.npz,6782,domain_03,xray,contrast,generic,1,False,class_017
train_006783,train/images.npz,6783,domain_15,microscopy,none,generic,0,False,class_104
train_006784,train/images.npz,6784,domain_04,3d_projection,none,generic,0,False,class_028
train_006785,train/images.npz,6785,domain_11,microscopy,contrast,generic,1,False,class_088
train_006786,train/images.npz,6786,domain_15,microscopy,none,generic,0,False,class_101
train_006787,train/images.npz,6787,domain_15,microscopy,none,generic,0,False,class_102
train_006788,train/images.npz,6788,domain_16,3d_projection,none,generic,0,False,class_107
train_006789,train/images.npz,6789,domain_11,microscopy,brightness,generic,1,False,class_087
train_006790,train/images.npz,6790,domain_16,3d_projection,contrast,generic,2,False,class_106
train_006791,train/images.npz,6791,domain_09,3d_projection,none,generic,0,False,class_068
train_006792,train/images.npz,6792,domain_09,3d_projection,none,generic,0,False,class_060
train_006793,train/images.npz,6793,domain_10,ct,none,generic,0,False,class_070
train_006794,train/images.npz,6794,domain_09,3d_projection,none,generic,0,False,class_062
train_006795,train/images.npz,6795,domain_11,microscopy,contrast,generic,1,False,class_085
train_006796,train/images.npz,6796,domain_14,3d_projection,noise,generic,1,False,class_097
train_006797,train/images.npz,6797,domain_03,xray,noise,generic,1,False,class_026
train_006798,train/images.npz,6798,domain_08,ct,none,generic,0,False,class_049
train_006799,train/images.npz,6799,domain_05,3d_projection,none,generic,0,False,class_031
train_006800,train/images.npz,6800,domain_08,ct,none,generic,0,False,class_052
train_006801,train/images.npz,6801,domain_02,ultrasound,noise,generic,1,False,class_010
train_006802,train/images.npz,6802,domain_03,xray,brightness,generic,1,False,class_015
train_006803,train/images.npz,6803,domain_10,ct,contrast,generic,1,False,class_074
train_006804,train/images.npz,6804,domain_11,microscopy,none,generic,0,False,class_088
train_006805,train/images.npz,6805,domain_13,retinal,contrast,generic,1,False,class_091
train_006806,train/images.npz,6806,domain_07,ct,blur,generic,1,False,class_043
train_006807,train/images.npz,6807,domain_03,xray,none,generic,0,False,class_018
train_006808,train/images.npz,6808,domain_15,microscopy,brightness,generic,1,False,class_099
train_006809,train/images.npz,6809,domain_08,ct,contrast,generic,1,False,class_047
train_006810,train/images.npz,6810,domain_07,ct,none,generic,0,False,class_037
train_006811,train/images.npz,6811,domain_10,ct,none,generic,0,False,class_071
train_006812,train/images.npz,6812,domain_03,xray,blur,generic,1,False,class_014
train_006813,train/images.npz,6813,domain_08,ct,none,generic,0,False,class_053
train_006814,train/images.npz,6814,domain_10,ct,none,generic,0,False,class_077
train_006815,train/images.npz,6815,domain_09,3d_projection,none,generic,0,False,class_067
train_006816,train/images.npz,6816,domain_15,microscopy,none,generic,0,False,class_100
train_006817,train/images.npz,6817,domain_11,microscopy,contrast,generic,1,False,class_084
train_006818,train/images.npz,6818,domain_03,xray,blur,generic,1,False,class_015
train_006819,train/images.npz,6819,domain_07,ct,noise,generic,1,False,class_043
train_006820,train/images.npz,6820,domain_04,3d_projection,none,generic,0,False,class_027
train_006821,train/images.npz,6821,domain_05,3d_projection,none,generic,0,False,class_030
train_006822,train/images.npz,6822,domain_09,3d_projection,brightness,generic,1,False,class_064
train_006823,train/images.npz,6823,domain_07,ct,contrast,generic,1,False,class_037
train_006824,train/images.npz,6824,domain_07,ct,none,generic,0,False,class_041
train_006825,train/images.npz,6825,domain_16,3d_projection,noise,generic,1,False,class_106
train_006826,train/images.npz,6826,domain_13,retinal,contrast,generic,1,False,class_095
train_006827,train/images.npz,6827,domain_06,retinal,noise,generic,2,False,class_035
train_006828,train/images.npz,6828,domain_10,ct,none,generic,0,False,class_071
train_006829,train/images.npz,6829,domain_04,3d_projection,none,generic,0,False,class_028
train_006830,train/images.npz,6830,domain_04,3d_projection,brightness,generic,1,False,class_028
train_006831,train/images.npz,6831,domain_10,ct,noise,generic,1,False,class_070
train_006832,train/images.npz,6832,domain_15,microscopy,noise,generic,1,False,class_098
train_006833,train/images.npz,6833,domain_08,ct,none,generic,0,False,class_054
train_006834,train/images.npz,6834,domain_11,microscopy,none,generic,0,False,class_087
train_006835,train/images.npz,6835,domain_10,ct,blur,generic,2,False,class_070
train_006836,train/images.npz,6836,domain_09,3d_projection,none,generic,0,False,class_059
train_006837,train/images.npz,6837,domain_07,ct,contrast,generic,1,False,class_037
train_006838,train/images.npz,6838,domain_09,3d_projection,blur,generic,2,False,class_066
train_006839,train/images.npz,6839,domain_06,retinal,contrast,generic,1,False,class_032
train_006840,train/images.npz,6840,domain_15,microscopy,noise,generic,1,False,class_104
train_006841,train/images.npz,6841,domain_04,3d_projection,contrast,generic,1,False,class_029
train_006842,train/images.npz,6842,domain_08,ct,contrast,generic,2,False,class_055
train_006843,train/images.npz,6843,domain_11,microscopy,noise,generic,1,False,class_081
train_006844,train/images.npz,6844,domain_09,3d_projection,brightness,generic,2,False,class_062
train_006845,train/images.npz,6845,domain_06,retinal,noise,generic,1,False,class_034
train_006846,train/images.npz,6846,domain_07,ct,noise,generic,1,False,class_043
train_006847,train/images.npz,6847,domain_02,ultrasound,none,generic,0,False,class_011
train_006848,train/images.npz,6848,domain_10,ct,noise,generic,2,False,class_076
train_006849,train/images.npz,6849,domain_13,retinal,none,generic,0,False,class_094
train_006850,train/images.npz,6850,domain_08,ct,noise,generic,1,False,class_057
train_006851,train/images.npz,6851,domain_09,3d_projection,brightness,generic,1,False,class_067
train_006852,train/images.npz,6852,domain_11,microscopy,contrast,generic,1,False,class_088
train_006853,train/images.npz,6853,domain_09,3d_projection,none,generic,0,False,class_067
train_006854,train/images.npz,6854,domain_11,microscopy,blur,generic,1,False,class_084
train_006855,train/images.npz,6855,domain_11,microscopy,none,generic,0,False,class_085
train_006856,train/images.npz,6856,domain_02,ultrasound,none,generic,0,False,class_010
train_006857,train/images.npz,6857,domain_14,3d_projection,none,generic,0,False,class_096
train_006858,train/images.npz,6858,domain_15,microscopy,contrast,generic,2,False,class_103
train_006859,train/images.npz,6859,domain_15,microscopy,none,generic,0,False,class_102
train_006860,train/images.npz,6860,domain_07,ct,noise,generic,1,False,class_046
train_006861,train/images.npz,6861,domain_03,xray,brightness,generic,2,False,class_015
train_006862,train/images.npz,6862,domain_10,ct,blur,generic,1,False,class_072
train_006863,train/images.npz,6863,domain_08,ct,contrast,generic,2,False,class_048
train_006864,train/images.npz,6864,domain_07,ct,contrast,generic,1,False,class_039
train_006865,train/images.npz,6865,domain_02,ultrasound,noise,generic,1,False,class_011
train_006866,train/images.npz,6866,domain_07,ct,noise,generic,1,False,class_040
train_006867,train/images.npz,6867,domain_09,3d_projection,none,generic,0,False,class_063
train_006868,train/images.npz,6868,domain_15,microscopy,noise,generic,2,False,class_102
train_006869,train/images.npz,6869,domain_15,microscopy,noise,generic,2,False,class_098
train_006870,train/images.npz,6870,domain_03,xray,contrast,generic,1,False,class_015
train_006871,train/images.npz,6871,domain_10,ct,brightness,generic,1,False,class_075
train_006872,train/images.npz,6872,domain_03,xray,brightness,generic,1,False,class_021
train_006873,train/images.npz,6873,domain_01,microscopy,contrast,generic,1,False,class_008
train_006874,train/images.npz,6874,domain_09,3d_projection,none,generic,0,False,class_061
train_006875,train/images.npz,6875,domain_16,3d_projection,none,generic,0,False,class_106
train_006876,train/images.npz,6876,domain_09,3d_projection,none,generic,0,False,class_067
train_006877,train/images.npz,6877,domain_13,retinal,blur,generic,1,False,class_094
train_006878,train/images.npz,6878,domain_01,microscopy,blur,generic,1,False,class_007
train_006879,train/images.npz,6879,domain_03,xray,none,generic,0,False,class_014
train_006880,train/images.npz,6880,domain_11,microscopy,none,generic,0,False,class_081
train_006881,train/images.npz,6881,domain_03,xray,none,generic,0,False,class_015
train_006882,train/images.npz,6882,domain_04,3d_projection,noise,generic,1,False,class_028
train_006883,train/images.npz,6883,domain_07,ct,blur,generic,1,False,class_044
train_006884,train/images.npz,6884,domain_15,microscopy,contrast,generic,2,False,class_101
train_006885,train/images.npz,6885,domain_15,microscopy,contrast,generic,1,False,class_104
train_006886,train/images.npz,6886,domain_12,xray,brightness,generic,1,False,class_089
train_006887,train/images.npz,6887,domain_13,retinal,none,generic,0,False,class_093
train_006888,train/images.npz,6888,domain_01,microscopy,blur,generic,1,False,class_003
train_006889,train/images.npz,6889,domain_03,xray,none,generic,0,False,class_018
train_006890,train/images.npz,6890,domain_10,ct,contrast,generic,1,False,class_069
train_006891,train/images.npz,6891,domain_05,3d_projection,blur,generic,1,False,class_031
train_006892,train/images.npz,6892,domain_05,3d_projection,contrast,generic,1,False,class_031
train_006893,train/images.npz,6893,domain_08,ct,none,generic,0,False,class_047
train_006894,train/images.npz,6894,domain_11,microscopy,brightness,generic,2,False,class_084
train_006895,train/images.npz,6895,domain_00,3d_projection,none,generic,0,False,class_001
train_006896,train/images.npz,6896,domain_06,retinal,none,generic,0,False,class_034
train_006897,train/images.npz,6897,domain_05,3d_projection,noise,generic,2,False,class_030
train_006898,train/images.npz,6898,domain_15,microscopy,brightness,generic,1,False,class_104
train_006899,train/images.npz,6899,domain_15,microscopy,noise,generic,2,False,class_100
train_006900,train/images.npz,6900,domain_09,3d_projection,contrast,generic,2,False,class_061
train_006901,train/images.npz,6901,domain_09,3d_projection,none,generic,0,False,class_060
train_006902,train/images.npz,6902,domain_03,xray,brightness,generic,1,False,class_016
train_006903,train/images.npz,6903,domain_11,microscopy,noise,generic,1,False,class_082
train_006904,train/images.npz,6904,domain_07,ct,contrast,generic,1,False,class_044
train_006905,train/images.npz,6905,domain_03,xray,none,generic,0,False,class_015
train_006906,train/images.npz,6906,domain_00,3d_projection,brightness,generic,1,False,class_000
train_006907,train/images.npz,6907,domain_08,ct,none,generic,0,False,class_049
train_006908,train/images.npz,6908,domain_13,retinal,none,generic,0,False,class_092
train_006909,train/images.npz,6909,domain_03,xray,blur,generic,2,False,class_013
train_006910,train/images.npz,6910,domain_01,microscopy,none,generic,0,False,class_007
train_006911,train/images.npz,6911,domain_11,microscopy,noise,generic,1,False,class_086
train_006912,train/images.npz,6912,domain_06,retinal,none,generic,0,False,class_032
train_006913,train/images.npz,6913,domain_15,microscopy,none,generic,0,False,class_103
train_006914,train/images.npz,6914,domain_01,microscopy,contrast,generic,1,False,class_005
train_006915,train/images.npz,6915,domain_07,ct,none,generic,0,False,class_041
train_006916,train/images.npz,6916,domain_08,ct,none,generic,0,False,class_052
train_006917,train/images.npz,6917,domain_10,ct,none,generic,0,False,class_079
train_006918,train/images.npz,6918,domain_10,ct,contrast,generic,1,False,class_079
train_006919,train/images.npz,6919,domain_10,ct,none,generic,0,False,class_079
train_006920,train/images.npz,6920,domain_03,xray,blur,generic,1,False,class_015
train_006921,train/images.npz,6921,domain_10,ct,noise,generic,2,False,class_077
train_006922,train/images.npz,6922,domain_03,xray,blur,generic,2,False,class_025
train_006923,train/images.npz,6923,domain_07,ct,none,generic,0,False,class_036
train_006924,train/images.npz,6924,domain_13,retinal,contrast,generic,1,False,class_095
train_006925,train/images.npz,6925,domain_10,ct,brightness,generic,1,False,class_069
train_006926,train/images.npz,6926,domain_10,ct,contrast,generic,1,False,class_072
train_006927,train/images.npz,6927,domain_03,xray,none,generic,0,False,class_020
train_006928,train/images.npz,6928,domain_14,3d_projection,noise,generic,2,False,class_096
train_006929,train/images.npz,6929,domain_13,retinal,none,generic,0,False,class_091
train_006930,train/images.npz,6930,domain_09,3d_projection,noise,generic,1,False,class_067
train_006931,train/images.npz,6931,domain_11,microscopy,contrast,generic,1,False,class_084
train_006932,train/images.npz,6932,domain_10,ct,none,generic,0,False,class_079
train_006933,train/images.npz,6933,domain_14,3d_projection,contrast,generic,1,False,class_096
train_006934,train/images.npz,6934,domain_03,xray,none,generic,0,False,class_026
train_006935,train/images.npz,6935,domain_03,xray,none,generic,0,False,class_014
train_006936,train/images.npz,6936,domain_07,ct,blur,generic,1,False,class_043
train_006937,train/images.npz,6937,domain_15,microscopy,blur,generic,2,False,class_102
train_006938,train/images.npz,6938,domain_10,ct,contrast,generic,1,False,class_069
train_006939,train/images.npz,6939,domain_07,ct,none,generic,0,False,class_044
train_006940,train/images.npz,6940,domain_05,3d_projection,none,generic,0,False,class_031
train_006941,train/images.npz,6941,domain_07,ct,brightness,generic,1,False,class_041
train_006942,train/images.npz,6942,domain_10,ct,contrast,generic,1,False,class_071
train_006943,train/images.npz,6943,domain_15,microscopy,contrast,generic,1,False,class_099
train_006944,train/images.npz,6944,domain_13,retinal,none,generic,0,False,class_093
train_006945,train/images.npz,6945,domain_07,ct,contrast,generic,2,False,class_039
train_006946,train/images.npz,6946,domain_06,retinal,contrast,generic,2,False,class_034
train_006947,train/images.npz,6947,domain_03,xray,none,generic,0,False,class_016
train_006948,train/images.npz,6948,domain_07,ct,contrast,generic,1,False,class_036
train_006949,train/images.npz,6949,domain_07,ct,noise,generic,1,False,class_046
train_006950,train/images.npz,6950,domain_10,ct,brightness,generic,1,False,class_076
train_006951,train/images.npz,6951,domain_02,ultrasound,none,generic,0,False,class_011
train_006952,train/images.npz,6952,domain_00,3d_projection,noise,generic,1,False,class_000
train_006953,train/images.npz,6953,domain_15,microscopy,none,generic,0,False,class_100
train_006954,train/images.npz,6954,domain_15,microscopy,noise,generic,1,False,class_101
train_006955,train/images.npz,6955,domain_08,ct,none,generic,0,False,class_054
train_006956,train/images.npz,6956,domain_08,ct,none,generic,0,False,class_052
train_006957,train/images.npz,6957,domain_07,ct,none,generic,0,False,class_046
train_006958,train/images.npz,6958,domain_01,microscopy,none,generic,0,False,class_003
train_006959,train/images.npz,6959,domain_13,retinal,none,generic,0,False,class_093
train_006960,train/images.npz,6960,domain_03,xray,contrast,generic,1,False,class_018
train_006961,train/images.npz,6961,domain_05,3d_projection,contrast,generic,2,False,class_030
train_006962,train/images.npz,6962,domain_01,microscopy,noise,generic,2,False,class_006
train_006963,train/images.npz,6963,domain_07,ct,none,generic,0,False,class_041
train_006964,train/images.npz,6964,domain_03,xray,brightness,generic,1,False,class_020
train_006965,train/images.npz,6965,domain_10,ct,contrast,generic,1,False,class_074
train_006966,train/images.npz,6966,domain_03,xray,blur,generic,1,False,class_021
train_006967,train/images.npz,6967,domain_02,ultrasound,brightness,generic,1,False,class_010
train_006968,train/images.npz,6968,domain_15,microscopy,none,generic,0,False,class_103
train_006969,train/images.npz,6969,domain_07,ct,none,generic,0,False,class_043
train_006970,train/images.npz,6970,domain_10,ct,none,generic,0,False,class_073
train_006971,train/images.npz,6971,domain_07,ct,noise,generic,2,False,class_043
train_006972,train/images.npz,6972,domain_08,ct,contrast,generic,1,False,class_055
train_006973,train/images.npz,6973,domain_09,3d_projection,noise,generic,1,False,class_059
train_006974,train/images.npz,6974,domain_11,microscopy,none,generic,0,False,class_083
train_006975,train/images.npz,6975,domain_01,microscopy,contrast,generic,1,False,class_008
train_006976,train/images.npz,6976,domain_03,xray,none,generic,0,False,class_017
train_006977,train/images.npz,6977,domain_09,3d_projection,noise,generic,2,False,class_062
train_006978,train/images.npz,6978,domain_09,3d_projection,none,generic,0,False,class_066
train_006979,train/images.npz,6979,domain_09,3d_projection,none,generic,0,False,class_068
train_006980,train/images.npz,6980,domain_08,ct,brightness,generic,1,False,class_048
train_006981,train/images.npz,6981,domain_11,microscopy,contrast,generic,2,False,class_085
train_006982,train/images.npz,6982,domain_06,retinal,none,generic,0,False,class_035
train_006983,train/images.npz,6983,domain_07,ct,blur,generic,1,False,class_042
train_006984,train/images.npz,6984,domain_04,3d_projection,brightness,generic,1,False,class_028
train_006985,train/images.npz,6985,domain_04,3d_projection,blur,generic,1,False,class_028
train_006986,train/images.npz,6986,domain_11,microscopy,none,generic,0,False,class_080
train_006987,train/images.npz,6987,domain_04,3d_projection,contrast,generic,1,False,class_027
train_006988,train/images.npz,6988,domain_03,xray,noise,generic,1,False,class_021
train_006989,train/images.npz,6989,domain_06,retinal,none,generic,0,False,class_035
train_006990,train/images.npz,6990,domain_03,xray,contrast,generic,1,False,class_012
train_006991,train/images.npz,6991,domain_01,microscopy,none,generic,0,False,class_006
train_006992,train/images.npz,6992,domain_06,retinal,brightness,generic,1,False,class_035
train_006993,train/images.npz,6993,domain_10,ct,noise,generic,1,False,class_074
train_006994,train/images.npz,6994,domain_16,3d_projection,none,generic,0,False,class_106
train_006995,train/images.npz,6995,domain_03,xray,none,generic,0,False,class_021
train_006996,train/images.npz,6996,domain_01,microscopy,contrast,generic,1,False,class_005
train_006997,train/images.npz,6997,domain_05,3d_projection,contrast,generic,1,False,class_031
train_006998,train/images.npz,6998,domain_01,microscopy,none,generic,0,False,class_002
train_006999,train/images.npz,6999,domain_07,ct,noise,generic,2,False,class_040
train_007000,train/images.npz,7000,domain_11,microscopy,noise,generic,1,False,class_083
train_007001,train/images.npz,7001,domain_00,3d_projection,blur,generic,1,False,class_000
train_007002,train/images.npz,7002,domain_07,ct,none,generic,0,False,class_041
train_007003,train/images.npz,7003,domain_03,xray,noise,generic,2,False,class_014
train_007004,train/images.npz,7004,domain_03,xray,none,generic,0,False,class_026
train_007005,train/images.npz,7005,domain_03,xray,none,generic,0,False,class_026
train_007006,train/images.npz,7006,domain_06,retinal,none,generic,0,False,class_032
train_007007,train/images.npz,7007,domain_03,xray,brightness,generic,1,False,class_024
train_007008,train/images.npz,7008,domain_03,xray,none,generic,0,False,class_021
train_007009,train/images.npz,7009,domain_07,ct,contrast,generic,2,False,class_045
train_007010,train/images.npz,7010,domain_01,microscopy,none,generic,0,False,class_007
train_007011,train/images.npz,7011,domain_11,microscopy,brightness,generic,2,False,class_085
train_007012,train/images.npz,7012,domain_00,3d_projection,brightness,generic,1,False,class_000
train_007013,train/images.npz,7013,domain_03,xray,blur,generic,2,False,class_016
train_007014,train/images.npz,7014,domain_03,xray,none,generic,0,False,class_017
train_007015,train/images.npz,7015,domain_09,3d_projection,none,generic,0,False,class_064
train_007016,train/images.npz,7016,domain_15,microscopy,none,generic,0,False,class_098
train_007017,train/images.npz,7017,domain_11,microscopy,blur,generic,1,False,class_086
train_007018,train/images.npz,7018,domain_10,ct,noise,generic,2,False,class_069
train_007019,train/images.npz,7019,domain_09,3d_projection,none,generic,0,False,class_060
train_007020,train/images.npz,7020,domain_11,microscopy,none,generic,0,False,class_081
train_007021,train/images.npz,7021,domain_12,xray,none,generic,0,False,class_089
train_007022,train/images.npz,7022,domain_08,ct,none,generic,0,False,class_052
train_007023,train/images.npz,7023,domain_09,3d_projection,noise,generic,1,False,class_061
train_007024,train/images.npz,7024,domain_12,xray,none,generic,0,False,class_090
train_007025,train/images.npz,7025,domain_16,3d_projection,contrast,generic,1,False,class_106
train_007026,train/images.npz,7026,domain_07,ct,none,generic,0,False,class_042
train_007027,train/images.npz,7027,domain_09,3d_projection,blur,generic,2,False,class_062
train_007028,train/images.npz,7028,domain_03,xray,brightness,generic,2,False,class_021
train_007029,train/images.npz,7029,domain_15,microscopy,none,generic,0,False,class_101
train_007030,train/images.npz,7030,domain_08,ct,none,generic,0,False,class_056
train_007031,train/images.npz,7031,domain_08,ct,blur,generic,1,False,class_055
train_007032,train/images.npz,7032,domain_03,xray,none,generic,0,False,class_018
train_007033,train/images.npz,7033,domain_09,3d_projection,noise,generic,1,False,class_063
train_007034,train/images.npz,7034,domain_00,3d_projection,none,generic,0,False,class_000
train_007035,train/images.npz,7035,domain_03,xray,none,generic,0,False,class_017
train_007036,train/images.npz,7036,domain_08,ct,noise,generic,2,False,class_054
train_007037,train/images.npz,7037,domain_04,3d_projection,blur,generic,2,False,class_029
train_007038,train/images.npz,7038,domain_11,microscopy,none,generic,0,False,class_088
train_007039,train/images.npz,7039,domain_01,microscopy,none,generic,0,False,class_002
train_007040,train/images.npz,7040,domain_11,microscopy,contrast,generic,1,False,class_088
train_007041,train/images.npz,7041,domain_07,ct,noise,generic,1,False,class_044
train_007042,train/images.npz,7042,domain_08,ct,noise,generic,1,False,class_055
train_007043,train/images.npz,7043,domain_15,microscopy,contrast,generic,2,False,class_104
train_007044,train/images.npz,7044,domain_15,microscopy,none,generic,0,False,class_105
train_007045,train/images.npz,7045,domain_10,ct,noise,generic,2,False,class_076
train_007046,train/images.npz,7046,domain_03,xray,noise,generic,1,False,class_016
train_007047,train/images.npz,7047,domain_03,xray,contrast,generic,1,False,class_025
train_007048,train/images.npz,7048,domain_08,ct,noise,generic,2,False,class_057
train_007049,train/images.npz,7049,domain_03,xray,noise,generic,1,False,class_023
train_007050,train/images.npz,7050,domain_07,ct,none,generic,0,False,class_039
train_007051,train/images.npz,7051,domain_03,xray,none,generic,0,False,class_014
train_007052,train/images.npz,7052,domain_04,3d_projection,none,generic,0,False,class_028
train_007053,train/images.npz,7053,domain_12,xray,contrast,generic,1,False,class_089
train_007054,train/images.npz,7054,domain_03,xray,contrast,generic,2,False,class_013
train_007055,train/images.npz,7055,domain_10,ct,blur,generic,1,False,class_076
train_007056,train/images.npz,7056,domain_10,ct,contrast,generic,1,False,class_072
train_007057,train/images.npz,7057,domain_13,retinal,contrast,generic,1,False,class_091
train_007058,train/images.npz,7058,domain_03,xray,contrast,generic,2,False,class_012
train_007059,train/images.npz,7059,domain_03,xray,none,generic,0,False,class_024
train_007060,train/images.npz,7060,domain_00,3d_projection,blur,generic,1,False,class_001
train_007061,train/images.npz,7061,domain_03,xray,none,generic,0,False,class_017
train_007062,train/images.npz,7062,domain_06,retinal,none,generic,0,False,class_035
train_007063,train/images.npz,7063,domain_15,microscopy,noise,generic,2,False,class_098
train_007064,train/images.npz,7064,domain_01,microscopy,blur,generic,2,False,class_003
train_007065,train/images.npz,7065,domain_01,microscopy,blur,generic,1,False,class_004
train_007066,train/images.npz,7066,domain_07,ct,brightness,generic,1,False,class_040
train_007067,train/images.npz,7067,domain_03,xray,contrast,generic,1,False,class_017
train_007068,train/images.npz,7068,domain_03,xray,noise,generic,2,False,class_020
train_007069,train/images.npz,7069,domain_03,xray,none,generic,0,False,class_013
train_007070,train/images.npz,7070,domain_03,xray,none,generic,0,False,class_024
train_007071,train/images.npz,7071,domain_13,retinal,noise,generic,2,False,class_094
train_007072,train/images.npz,7072,domain_03,xray,blur,generic,1,False,class_012
train_007073,train/images.npz,7073,domain_11,microscopy,noise,generic,1,False,class_083
train_007074,train/images.npz,7074,domain_04,3d_projection,brightness,generic,1,False,class_029
train_007075,train/images.npz,7075,domain_03,xray,noise,generic,1,False,class_021
train_007076,train/images.npz,7076,domain_10,ct,brightness,generic,1,False,class_070
train_007077,train/images.npz,7077,domain_08,ct,blur,generic,2,False,class_049
train_007078,train/images.npz,7078,domain_01,microscopy,noise,generic,2,False,class_006
train_007079,train/images.npz,7079,domain_09,3d_projection,blur,generic,1,False,class_068
train_007080,train/images.npz,7080,domain_11,microscopy,brightness,generic,1,False,class_086
train_007081,train/images.npz,7081,domain_11,microscopy,none,generic,0,False,class_087
train_007082,train/images.npz,7082,domain_03,xray,none,generic,0,False,class_026
train_007083,train/images.npz,7083,domain_07,ct,brightness,generic,1,False,class_045
train_007084,train/images.npz,7084,domain_06,retinal,none,generic,0,False,class_032
train_007085,train/images.npz,7085,domain_10,ct,none,generic,0,False,class_072
train_007086,train/images.npz,7086,domain_06,retinal,noise,generic,2,False,class_034
train_007087,train/images.npz,7087,domain_06,retinal,blur,generic,1,False,class_034
train_007088,train/images.npz,7088,domain_09,3d_projection,none,generic,0,False,class_068
train_007089,train/images.npz,7089,domain_07,ct,contrast,generic,1,False,class_036
train_007090,train/images.npz,7090,domain_10,ct,none,generic,0,False,class_070
train_007091,train/images.npz,7091,domain_03,xray,none,generic,0,False,class_017
train_007092,train/images.npz,7092,domain_08,ct,none,generic,0,False,class_050
train_007093,train/images.npz,7093,domain_15,microscopy,none,generic,0,False,class_100
train_007094,train/images.npz,7094,domain_03,xray,none,generic,0,False,class_026
train_007095,train/images.npz,7095,domain_03,xray,contrast,generic,1,False,class_022
train_007096,train/images.npz,7096,domain_05,3d_projection,noise,generic,1,False,class_030
train_007097,train/images.npz,7097,domain_13,retinal,blur,generic,1,False,class_091
train_007098,train/images.npz,7098,domain_10,ct,brightness,generic,1,False,class_076
train_007099,train/images.npz,7099,domain_15,microscopy,none,generic,0,False,class_098
train_007100,train/images.npz,7100,domain_09,3d_projection,contrast,generic,1,False,class_060
train_007101,train/images.npz,7101,domain_08,ct,none,generic,0,False,class_054
train_007102,train/images.npz,7102,domain_07,ct,brightness,generic,1,False,class_038
train_007103,train/images.npz,7103,domain_08,ct,contrast,generic,1,False,class_050
train_007104,train/images.npz,7104,domain_10,ct,noise,generic,1,False,class_076
train_007105,train/images.npz,7105,domain_08,ct,noise,generic,1,False,class_051
train_007106,train/images.npz,7106,domain_09,3d_projection,none,generic,0,False,class_065
train_007107,train/images.npz,7107,domain_03,xray,blur,generic,1,False,class_022
train_007108,train/images.npz,7108,domain_01,microscopy,none,generic,0,False,class_008
train_007109,train/images.npz,7109,domain_08,ct,none,generic,0,False,class_047
train_007110,train/images.npz,7110,domain_10,ct,contrast,generic,2,False,class_076
train_007111,train/images.npz,7111,domain_03,xray,none,generic,0,False,class_014
train_007112,train/images.npz,7112,domain_11,microscopy,noise,generic,2,False,class_080
train_007113,train/images.npz,7113,domain_03,xray,noise,generic,1,False,class_017
train_007114,train/images.npz,7114,domain_07,ct,noise,generic,1,False,class_036
train_007115,train/images.npz,7115,domain_09,3d_projection,none,generic,0,False,class_068
train_007116,train/images.npz,7116,domain_10,ct,contrast,generic,1,False,class_074
train_007117,train/images.npz,7117,domain_10,ct,none,generic,0,False,class_078
train_007118,train/images.npz,7118,domain_15,microscopy,none,generic,0,False,class_105
train_007119,train/images.npz,7119,domain_01,microscopy,none,generic,0,False,class_008
train_007120,train/images.npz,7120,domain_10,ct,brightness,generic,1,False,class_075
train_007121,train/images.npz,7121,domain_16,3d_projection,noise,generic,1,False,class_106
train_007122,train/images.npz,7122,domain_10,ct,none,generic,0,False,class_073
train_007123,train/images.npz,7123,domain_03,xray,none,generic,0,False,class_026
train_007124,train/images.npz,7124,domain_13,retinal,none,generic,0,False,class_093
train_007125,train/images.npz,7125,domain_14,3d_projection,none,generic,0,False,class_096
train_007126,train/images.npz,7126,domain_03,xray,contrast,generic,1,False,class_020
train_007127,train/images.npz,7127,domain_11,microscopy,none,generic,0,False,class_082
train_007128,train/images.npz,7128,domain_10,ct,noise,generic,1,False,class_073
train_007129,train/images.npz,7129,domain_09,3d_projection,none,generic,0,False,class_061
train_007130,train/images.npz,7130,domain_11,microscopy,none,generic,0,False,class_081
train_007131,train/images.npz,7131,domain_01,microscopy,none,generic,0,False,class_009
train_007132,train/images.npz,7132,domain_03,xray,noise,generic,2,False,class_016
train_007133,train/images.npz,7133,domain_07,ct,none,generic,0,False,class_046
train_007134,train/images.npz,7134,domain_03,xray,blur,generic,1,False,class_023
train_007135,train/images.npz,7135,domain_02,ultrasound,none,generic,0,False,class_010
train_007136,train/images.npz,7136,domain_09,3d_projection,none,generic,0,False,class_059
train_007137,train/images.npz,7137,domain_11,microscopy,noise,generic,1,False,class_082
train_007138,train/images.npz,7138,domain_15,microscopy,none,generic,0,False,class_098
train_007139,train/images.npz,7139,domain_06,retinal,none,generic,0,False,class_033
train_007140,train/images.npz,7140,domain_11,microscopy,none,generic,0,False,class_085
train_007141,train/images.npz,7141,domain_10,ct,brightness,generic,1,False,class_075
train_007142,train/images.npz,7142,domain_10,ct,none,generic,0,False,class_073
train_007143,train/images.npz,7143,domain_08,ct,contrast,generic,1,False,class_052
train_007144,train/images.npz,7144,domain_15,microscopy,contrast,generic,1,False,class_102
train_007145,train/images.npz,7145,domain_15,microscopy,contrast,generic,1,False,class_104
train_007146,train/images.npz,7146,domain_09,3d_projection,none,generic,0,False,class_061
train_007147,train/images.npz,7147,domain_09,3d_projection,blur,generic,1,False,class_068
train_007148,train/images.npz,7148,domain_09,3d_projection,none,generic,0,False,class_063
train_007149,train/images.npz,7149,domain_11,microscopy,contrast,generic,1,False,class_082
train_007150,train/images.npz,7150,domain_12,xray,noise,generic,1,False,class_090
train_007151,train/images.npz,7151,domain_11,microscopy,contrast,generic,1,False,class_086
train_007152,train/images.npz,7152,domain_06,retinal,none,generic,0,False,class_032
train_007153,train/images.npz,7153,domain_08,ct,contrast,generic,2,False,class_054
train_007154,train/images.npz,7154,domain_01,microscopy,noise,generic,2,False,class_007
train_007155,train/images.npz,7155,domain_07,ct,noise,generic,2,False,class_036
train_007156,train/images.npz,7156,domain_15,microscopy,brightness,generic,1,False,class_100
train_007157,train/images.npz,7157,domain_10,ct,none,generic,0,False,class_070
train_007158,train/images.npz,7158,domain_02,ultrasound,noise,generic,1,False,class_011
train_007159,train/images.npz,7159,domain_01,microscopy,noise,generic,1,False,class_008
train_007160,train/images.npz,7160,domain_09,3d_projection,none,generic,0,False,class_068
train_007161,train/images.npz,7161,domain_03,xray,none,generic,0,False,class_015
train_007162,train/images.npz,7162,domain_07,ct,noise,generic,1,False,class_044
train_007163,train/images.npz,7163,domain_03,xray,none,generic,0,False,class_018
train_007164,train/images.npz,7164,domain_09,3d_projection,blur,generic,1,False,class_066
train_007165,train/images.npz,7165,domain_08,ct,brightness,generic,1,False,class_049
train_007166,train/images.npz,7166,domain_06,retinal,none,generic,0,False,class_033
train_007167,train/images.npz,7167,domain_01,microscopy,none,generic,0,False,class_008
train_007168,train/images.npz,7168,domain_08,ct,brightness,generic,1,False,class_050
train_007169,train/images.npz,7169,domain_03,xray,none,generic,0,False,class_015
train_007170,train/images.npz,7170,domain_09,3d_projection,none,generic,0,False,class_059
train_007171,train/images.npz,7171,domain_07,ct,none,generic,0,False,class_039
train_007172,train/images.npz,7172,domain_15,microscopy,contrast,generic,2,False,class_104
train_007173,train/images.npz,7173,domain_15,microscopy,brightness,generic,2,False,class_102
train_007174,train/images.npz,7174,domain_03,xray,noise,generic,1,False,class_021
train_007175,train/images.npz,7175,domain_15,microscopy,none,generic,0,False,class_105
train_007176,train/images.npz,7176,domain_07,ct,none,generic,0,False,class_039
train_007177,train/images.npz,7177,domain_00,3d_projection,contrast,generic,2,False,class_001
train_007178,train/images.npz,7178,domain_06,retinal,contrast,generic,1,False,class_034
train_007179,train/images.npz,7179,domain_06,retinal,contrast,generic,1,False,class_033
train_007180,train/images.npz,7180,domain_11,microscopy,none,generic,0,False,class_081
train_007181,train/images.npz,7181,domain_11,microscopy,blur,generic,1,False,class_086
train_007182,train/images.npz,7182,domain_10,ct,none,generic,0,False,class_071
train_007183,train/images.npz,7183,domain_13,retinal,blur,generic,1,False,class_092
train_007184,train/images.npz,7184,domain_03,xray,none,generic,0,False,class_026
train_007185,train/images.npz,7185,domain_11,microscopy,none,generic,0,False,class_081
train_007186,train/images.npz,7186,domain_01,microscopy,contrast,generic,1,False,class_002
train_007187,train/images.npz,7187,domain_03,xray,none,generic,0,False,class_021
train_007188,train/images.npz,7188,domain_06,retinal,none,generic,0,False,class_034
train_007189,train/images.npz,7189,domain_03,xray,none,generic,0,False,class_014
train_007190,train/images.npz,7190,domain_08,ct,none,generic,0,False,class_047
train_007191,train/images.npz,7191,domain_08,ct,blur,generic,2,False,class_056
train_007192,train/images.npz,7192,domain_08,ct,none,generic,0,False,class_054
train_007193,train/images.npz,7193,domain_07,ct,noise,generic,1,False,class_043
train_007194,train/images.npz,7194,domain_08,ct,contrast,generic,1,False,class_052
train_007195,train/images.npz,7195,domain_09,3d_projection,noise,generic,1,False,class_065
train_007196,train/images.npz,7196,domain_01,microscopy,brightness,generic,2,False,class_004
train_007197,train/images.npz,7197,domain_11,microscopy,none,generic,0,False,class_086
train_007198,train/images.npz,7198,domain_15,microscopy,none,generic,0,False,class_099
train_007199,train/images.npz,7199,domain_03,xray,contrast,generic,1,False,class_018
train_007200,train/images.npz,7200,domain_04,3d_projection,blur,generic,1,False,class_029
train_007201,train/images.npz,7201,domain_09,3d_projection,none,generic,0,False,class_067
train_007202,train/images.npz,7202,domain_07,ct,blur,generic,1,False,class_036
train_007203,train/images.npz,7203,domain_11,microscopy,noise,generic,1,False,class_080
train_007204,train/images.npz,7204,domain_09,3d_projection,none,generic,0,False,class_068
train_007205,train/images.npz,7205,domain_11,microscopy,contrast,generic,1,False,class_087
train_007206,train/images.npz,7206,domain_16,3d_projection,blur,generic,1,False,class_106
train_007207,train/images.npz,7207,domain_08,ct,none,generic,0,False,class_052
train_007208,train/images.npz,7208,domain_11,microscopy,none,generic,0,False,class_087
train_007209,train/images.npz,7209,domain_03,xray,blur,generic,1,False,class_018
train_007210,train/images.npz,7210,domain_10,ct,none,generic,0,False,class_072
train_007211,train/images.npz,7211,domain_09,3d_projection,none,generic,0,False,class_068
train_007212,train/images.npz,7212,domain_10,ct,none,generic,0,False,class_074
train_007213,train/images.npz,7213,domain_16,3d_projection,none,generic,0,False,class_106
train_007214,train/images.npz,7214,domain_08,ct,none,generic,0,False,class_049
train_007215,train/images.npz,7215,domain_12,xray,blur,generic,1,False,class_089
train_007216,train/images.npz,7216,domain_09,3d_projection,none,generic,0,False,class_064
train_007217,train/images.npz,7217,domain_08,ct,blur,generic,2,False,class_052
train_007218,train/images.npz,7218,domain_03,xray,brightness,generic,1,False,class_025
train_007219,train/images.npz,7219,domain_05,3d_projection,none,generic,0,False,class_030
train_007220,train/images.npz,7220,domain_10,ct,contrast,generic,2,False,class_076
train_007221,train/images.npz,7221,domain_03,xray,contrast,generic,2,False,class_023
train_007222,train/images.npz,7222,domain_10,ct,noise,generic,1,False,class_079
train_007223,train/images.npz,7223,domain_02,ultrasound,none,generic,0,False,class_011
train_007224,train/images.npz,7224,domain_08,ct,none,generic,0,False,class_049
train_007225,train/images.npz,7225,domain_03,xray,brightness,generic,2,False,class_017
train_007226,train/images.npz,7226,domain_11,microscopy,none,generic,0,False,class_080
train_007227,train/images.npz,7227,domain_13,retinal,noise,generic,1,False,class_094
train_007228,train/images.npz,7228,domain_09,3d_projection,none,generic,0,False,class_062
train_007229,train/images.npz,7229,domain_03,xray,none,generic,0,False,class_015
train_007230,train/images.npz,7230,domain_08,ct,none,generic,0,False,class_051
train_007231,train/images.npz,7231,domain_09,3d_projection,contrast,generic,1,False,class_065
train_007232,train/images.npz,7232,domain_13,retinal,noise,generic,1,False,class_094
train_007233,train/images.npz,7233,domain_09,3d_projection,none,generic,0,False,class_062
train_007234,train/images.npz,7234,domain_10,ct,contrast,generic,2,False,class_069
train_007235,train/images.npz,7235,domain_10,ct,blur,generic,1,False,class_071
train_007236,train/images.npz,7236,domain_16,3d_projection,contrast,generic,1,False,class_107
train_007237,train/images.npz,7237,domain_08,ct,contrast,generic,1,False,class_048
train_007238,train/images.npz,7238,domain_01,microscopy,none,generic,0,False,class_004
train_007239,train/images.npz,7239,domain_15,microscopy,blur,generic,2,False,class_101
train_007240,train/images.npz,7240,domain_15,microscopy,contrast,generic,2,False,class_103
train_007241,train/images.npz,7241,domain_03,xray,none,generic,0,False,class_018
train_007242,train/images.npz,7242,domain_01,microscopy,brightness,generic,1,False,class_006
train_007243,train/images.npz,7243,domain_10,ct,blur,generic,2,False,class_072
train_007244,train/images.npz,7244,domain_07,ct,noise,generic,1,False,class_036
train_007245,train/images.npz,7245,domain_09,3d_projection,none,generic,0,False,class_068
train_007246,train/images.npz,7246,domain_13,retinal,none,generic,0,False,class_093
train_007247,train/images.npz,7247,domain_08,ct,noise,generic,1,False,class_050
train_007248,train/images.npz,7248,domain_14,3d_projection,none,generic,0,False,class_096
train_007249,train/images.npz,7249,domain_11,microscopy,none,generic,0,False,class_082
train_007250,train/images.npz,7250,domain_03,xray,blur,generic,1,False,class_022
train_007251,train/images.npz,7251,domain_07,ct,noise,generic,2,False,class_042
train_007252,train/images.npz,7252,domain_10,ct,contrast,generic,1,False,class_071
train_007253,train/images.npz,7253,domain_04,3d_projection,brightness,generic,2,False,class_027
train_007254,train/images.npz,7254,domain_01,microscopy,noise,generic,1,False,class_007
train_007255,train/images.npz,7255,domain_11,microscopy,none,generic,0,False,class_088
train_007256,train/images.npz,7256,domain_07,ct,contrast,generic,1,False,class_038
train_007257,train/images.npz,7257,domain_07,ct,none,generic,0,False,class_046
train_007258,train/images.npz,7258,domain_07,ct,contrast,generic,2,False,class_039
train_007259,train/images.npz,7259,domain_15,microscopy,noise,generic,1,False,class_103
train_007260,train/images.npz,7260,domain_10,ct,none,generic,0,False,class_075
train_007261,train/images.npz,7261,domain_03,xray,contrast,generic,1,False,class_025
train_007262,train/images.npz,7262,domain_08,ct,contrast,generic,1,False,class_057
train_007263,train/images.npz,7263,domain_07,ct,none,generic,0,False,class_043
train_007264,train/images.npz,7264,domain_09,3d_projection,noise,generic,1,False,class_066
train_007265,train/images.npz,7265,domain_03,xray,none,generic,0,False,class_014
train_007266,train/images.npz,7266,domain_03,xray,none,generic,0,False,class_021
train_007267,train/images.npz,7267,domain_11,microscopy,none,generic,0,False,class_082
train_007268,train/images.npz,7268,domain_15,microscopy,none,generic,0,False,class_103
train_007269,train/images.npz,7269,domain_15,microscopy,brightness,generic,1,False,class_105
train_007270,train/images.npz,7270,domain_14,3d_projection,none,generic,0,False,class_097
train_007271,train/images.npz,7271,domain_13,retinal,none,generic,0,False,class_092
train_007272,train/images.npz,7272,domain_11,microscopy,noise,generic,1,False,class_082
train_007273,train/images.npz,7273,domain_09,3d_projection,none,generic,0,False,class_060
train_007274,train/images.npz,7274,domain_07,ct,noise,generic,1,False,class_038
train_007275,train/images.npz,7275,domain_03,xray,contrast,generic,1,False,class_022
train_007276,train/images.npz,7276,domain_03,xray,none,generic,0,False,class_018
train_007277,train/images.npz,7277,domain_10,ct,none,generic,0,False,class_078
train_007278,train/images.npz,7278,domain_07,ct,noise,generic,1,False,class_041
train_007279,train/images.npz,7279,domain_01,microscopy,brightness,generic,1,False,class_005
train_007280,train/images.npz,7280,domain_08,ct,noise,generic,1,False,class_049
train_007281,train/images.npz,7281,domain_03,xray,contrast,generic,1,False,class_013
train_007282,train/images.npz,7282,domain_01,microscopy,contrast,generic,2,False,class_009
train_007283,train/images.npz,7283,domain_07,ct,none,generic,0,False,class_040
train_007284,train/images.npz,7284,domain_13,retinal,none,generic,0,False,class_094
train_007285,train/images.npz,7285,domain_03,xray,blur,generic,1,False,class_022
train_007286,train/images.npz,7286,domain_07,ct,noise,generic,1,False,class_036
train_007287,train/images.npz,7287,domain_15,microscopy,blur,generic,1,False,class_103
train_007288,train/images.npz,7288,domain_09,3d_projection,noise,generic,2,False,class_063
train_007289,train/images.npz,7289,domain_11,microscopy,none,generic,0,False,class_086
train_007290,train/images.npz,7290,domain_09,3d_projection,blur,generic,1,False,class_061
train_007291,train/images.npz,7291,domain_02,ultrasound,none,generic,0,False,class_011
train_007292,train/images.npz,7292,domain_08,ct,none,generic,0,False,class_049
train_007293,train/images.npz,7293,domain_12,xray,contrast,generic,1,False,class_089
train_007294,train/images.npz,7294,domain_11,microscopy,contrast,generic,1,False,class_082
train_007295,train/images.npz,7295,domain_10,ct,noise,generic,1,False,class_072
train_007296,train/images.npz,7296,domain_08,ct,none,generic,0,False,class_055
train_007297,train/images.npz,7297,domain_02,ultrasound,contrast,generic,1,False,class_010
train_007298,train/images.npz,7298,domain_03,xray,none,generic,0,False,class_022
train_007299,train/images.npz,7299,domain_08,ct,none,generic,0,False,class_049
train_007300,train/images.npz,7300,domain_04,3d_projection,contrast,generic,2,False,class_029
train_007301,train/images.npz,7301,domain_09,3d_projection,none,generic,0,False,class_063
train_007302,train/images.npz,7302,domain_07,ct,contrast,generic,1,False,class_044
train_007303,train/images.npz,7303,domain_09,3d_projection,none,generic,0,False,class_066
train_007304,train/images.npz,7304,domain_09,3d_projection,contrast,generic,1,False,class_062
train_007305,train/images.npz,7305,domain_08,ct,none,generic,0,False,class_052
train_007306,train/images.npz,7306,domain_07,ct,noise,generic,1,False,class_036
train_007307,train/images.npz,7307,domain_13,retinal,none,generic,0,False,class_091
train_007308,train/images.npz,7308,domain_10,ct,contrast,generic,1,False,class_078
train_007309,train/images.npz,7309,domain_09,3d_projection,none,generic,0,False,class_060
train_007310,train/images.npz,7310,domain_05,3d_projection,none,generic,0,False,class_031
train_007311,train/images.npz,7311,domain_03,xray,brightness,generic,1,False,class_012
train_007312,train/images.npz,7312,domain_01,microscopy,blur,generic,2,False,class_007
train_007313,train/images.npz,7313,domain_01,microscopy,none,generic,0,False,class_005
train_007314,train/images.npz,7314,domain_12,xray,contrast,generic,1,False,class_090
train_007315,train/images.npz,7315,domain_10,ct,none,generic,0,False,class_075
train_007316,train/images.npz,7316,domain_07,ct,none,generic,0,False,class_044
train_007317,train/images.npz,7317,domain_08,ct,noise,generic,1,False,class_054
train_007318,train/images.npz,7318,domain_01,microscopy,none,generic,0,False,class_007
train_007319,train/images.npz,7319,domain_08,ct,none,generic,0,False,class_047
train_007320,train/images.npz,7320,domain_13,retinal,none,generic,0,False,class_091
train_007321,train/images.npz,7321,domain_04,3d_projection,contrast,generic,2,False,class_027
train_007322,train/images.npz,7322,domain_15,microscopy,none,generic,0,False,class_105
train_007323,train/images.npz,7323,domain_11,microscopy,noise,generic,1,False,class_088
train_007324,train/images.npz,7324,domain_15,microscopy,none,generic,0,False,class_105
train_007325,train/images.npz,7325,domain_04,3d_projection,brightness,generic,2,False,class_027
train_007326,train/images.npz,7326,domain_15,microscopy,blur,generic,1,False,class_101
train_007327,train/images.npz,7327,domain_07,ct,none,generic,0,False,class_038
train_007328,train/images.npz,7328,domain_15,microscopy,none,generic,0,False,class_104
train_007329,train/images.npz,7329,domain_03,xray,noise,generic,2,False,class_024
train_007330,train/images.npz,7330,domain_04,3d_projection,none,generic,0,False,class_029
train_007331,train/images.npz,7331,domain_09,3d_projection,none,generic,0,False,class_061
train_007332,train/images.npz,7332,domain_13,retinal,none,generic,0,False,class_094
train_007333,train/images.npz,7333,domain_09,3d_projection,none,generic,0,False,class_066
train_007334,train/images.npz,7334,domain_14,3d_projection,brightness,generic,1,False,class_096
train_007335,train/images.npz,7335,domain_09,3d_projection,noise,generic,2,False,class_061
train_007336,train/images.npz,7336,domain_09,3d_projection,none,generic,0,False,class_063
train_007337,train/images.npz,7337,domain_04,3d_projection,none,generic,0,False,class_029
train_007338,train/images.npz,7338,domain_03,xray,contrast,generic,2,False,class_018
train_007339,train/images.npz,7339,domain_03,xray,none,generic,0,False,class_020
train_007340,train/images.npz,7340,domain_00,3d_projection,none,generic,0,False,class_000
train_007341,train/images.npz,7341,domain_03,xray,contrast,generic,1,False,class_020
train_007342,train/images.npz,7342,domain_13,retinal,contrast,generic,1,False,class_095
train_007343,train/images.npz,7343,domain_03,xray,none,generic,0,False,class_022
train_007344,train/images.npz,7344,domain_07,ct,blur,generic,2,False,class_042
train_007345,train/images.npz,7345,domain_09,3d_projection,none,generic,0,False,class_062
train_007346,train/images.npz,7346,domain_10,ct,none,generic,0,False,class_075
train_007347,train/images.npz,7347,domain_03,xray,none,generic,0,False,class_022
train_007348,train/images.npz,7348,domain_09,3d_projection,noise,generic,1,False,class_068
train_007349,train/images.npz,7349,domain_09,3d_projection,noise,generic,2,False,class_058
train_007350,train/images.npz,7350,domain_03,xray,brightness,generic,1,False,class_015
train_007351,train/images.npz,7351,domain_08,ct,none,generic,0,False,class_055
train_007352,train/images.npz,7352,domain_09,3d_projection,none,generic,0,False,class_060
train_007353,train/images.npz,7353,domain_10,ct,contrast,generic,2,False,class_073
train_007354,train/images.npz,7354,domain_15,microscopy,noise,generic,1,False,class_101
train_007355,train/images.npz,7355,domain_08,ct,blur,generic,1,False,class_053
train_007356,train/images.npz,7356,domain_09,3d_projection,noise,generic,2,False,class_063
train_007357,train/images.npz,7357,domain_08,ct,noise,generic,1,False,class_054
train_007358,train/images.npz,7358,domain_00,3d_projection,contrast,generic,1,False,class_000
train_007359,train/images.npz,7359,domain_10,ct,none,generic,0,False,class_072
train_007360,train/images.npz,7360,domain_03,xray,noise,generic,2,False,class_020
train_007361,train/images.npz,7361,domain_03,xray,none,generic,0,False,class_013
train_007362,train/images.npz,7362,domain_08,ct,noise,generic,1,False,class_047
train_007363,train/images.npz,7363,domain_08,ct,none,generic,0,False,class_048
train_007364,train/images.npz,7364,domain_03,xray,none,generic,0,False,class_015
train_007365,train/images.npz,7365,domain_11,microscopy,none,generic,0,False,class_084
train_007366,train/images.npz,7366,domain_03,xray,none,generic,0,False,class_018
train_007367,train/images.npz,7367,domain_08,ct,none,generic,0,False,class_055
train_007368,train/images.npz,7368,domain_09,3d_projection,brightness,generic,1,False,class_058
train_007369,train/images.npz,7369,domain_15,microscopy,noise,generic,1,False,class_098
train_007370,train/images.npz,7370,domain_14,3d_projection,none,generic,0,False,class_096
train_007371,train/images.npz,7371,domain_07,ct,brightness,generic,2,False,class_041
train_007372,train/images.npz,7372,domain_08,ct,none,generic,0,False,class_056
train_007373,train/images.npz,7373,domain_03,xray,none,generic,0,False,class_017
train_007374,train/images.npz,7374,domain_03,xray,contrast,generic,1,False,class_021
train_007375,train/images.npz,7375,domain_09,3d_projection,none,generic,0,False,class_067
train_007376,train/images.npz,7376,domain_01,microscopy,contrast,generic,1,False,class_003
train_007377,train/images.npz,7377,domain_13,retinal,noise,generic,1,False,class_091
train_007378,train/images.npz,7378,domain_08,ct,noise,generic,1,False,class_051
train_007379,train/images.npz,7379,domain_01,microscopy,brightness,generic,1,False,class_009
train_007380,train/images.npz,7380,domain_10,ct,noise,generic,1,False,class_069
train_007381,train/images.npz,7381,domain_10,ct,none,generic,0,False,class_077
train_007382,train/images.npz,7382,domain_07,ct,none,generic,0,False,class_042
train_007383,train/images.npz,7383,domain_07,ct,blur,generic,2,False,class_038
train_007384,train/images.npz,7384,domain_13,retinal,none,generic,0,False,class_091
train_007385,train/images.npz,7385,domain_09,3d_projection,blur,generic,1,False,class_064
train_007386,train/images.npz,7386,domain_10,ct,brightness,generic,1,False,class_072
train_007387,train/images.npz,7387,domain_06,retinal,none,generic,0,False,class_033
train_007388,train/images.npz,7388,domain_11,microscopy,none,generic,0,False,class_082
train_007389,train/images.npz,7389,domain_03,xray,contrast,generic,1,False,class_023
train_007390,train/images.npz,7390,domain_09,3d_projection,none,generic,0,False,class_060
train_007391,train/images.npz,7391,domain_09,3d_projection,contrast,generic,1,False,class_068
train_007392,train/images.npz,7392,domain_08,ct,contrast,generic,1,False,class_055
train_007393,train/images.npz,7393,domain_09,3d_projection,none,generic,0,False,class_064
train_007394,train/images.npz,7394,domain_01,microscopy,brightness,generic,1,False,class_007
train_007395,train/images.npz,7395,domain_08,ct,none,generic,0,False,class_054
train_007396,train/images.npz,7396,domain_08,ct,none,generic,0,False,class_049
train_007397,train/images.npz,7397,domain_09,3d_projection,noise,generic,1,False,class_062
train_007398,train/images.npz,7398,domain_10,ct,none,generic,0,False,class_073
train_007399,train/images.npz,7399,domain_16,3d_projection,noise,generic,1,False,class_106
train_007400,train/images.npz,7400,domain_04,3d_projection,contrast,generic,1,False,class_027
train_007401,train/images.npz,7401,domain_06,retinal,noise,generic,2,False,class_033
train_007402,train/images.npz,7402,domain_07,ct,none,generic,0,False,class_038
train_007403,train/images.npz,7403,domain_06,retinal,noise,generic,1,False,class_032
train_007404,train/images.npz,7404,domain_11,microscopy,brightness,generic,1,False,class_081
train_007405,train/images.npz,7405,domain_07,ct,none,generic,0,False,class_045
train_007406,train/images.npz,7406,domain_07,ct,blur,generic,1,False,class_044
train_007407,train/images.npz,7407,domain_02,ultrasound,contrast,generic,1,False,class_010
train_007408,train/images.npz,7408,domain_09,3d_projection,blur,generic,1,False,class_058
train_007409,train/images.npz,7409,domain_07,ct,none,generic,0,False,class_037
train_007410,train/images.npz,7410,domain_03,xray,none,generic,0,False,class_024
train_007411,train/images.npz,7411,domain_07,ct,brightness,generic,1,False,class_041
train_007412,train/images.npz,7412,domain_07,ct,brightness,generic,2,False,class_037
train_007413,train/images.npz,7413,domain_13,retinal,noise,generic,2,False,class_091
train_007414,train/images.npz,7414,domain_12,xray,noise,generic,2,False,class_089
train_007415,train/images.npz,7415,domain_07,ct,contrast,generic,1,False,class_041
train_007416,train/images.npz,7416,domain_10,ct,none,generic,0,False,class_078
train_007417,train/images.npz,7417,domain_09,3d_projection,blur,generic,1,False,class_068
train_007418,train/images.npz,7418,domain_07,ct,brightness,generic,1,False,class_043
train_007419,train/images.npz,7419,domain_11,microscopy,noise,generic,1,False,class_088
train_007420,train/images.npz,7420,domain_08,ct,brightness,generic,1,False,class_048
train_007421,train/images.npz,7421,domain_04,3d_projection,contrast,generic,1,False,class_027
train_007422,train/images.npz,7422,domain_09,3d_projection,none,generic,0,False,class_066
train_007423,train/images.npz,7423,domain_07,ct,brightness,generic,1,False,class_036
train_007424,train/images.npz,7424,domain_13,retinal,noise,generic,1,False,class_093
train_007425,train/images.npz,7425,domain_09,3d_projection,brightness,generic,1,False,class_065
train_007426,train/images.npz,7426,domain_01,microscopy,noise,generic,1,False,class_004
train_007427,train/images.npz,7427,domain_03,xray,contrast,generic,1,False,class_024
train_007428,train/images.npz,7428,domain_10,ct,none,generic,0,False,class_078
train_007429,train/images.npz,7429,domain_08,ct,contrast,generic,1,False,class_048
train_007430,train/images.npz,7430,domain_09,3d_projection,none,generic,0,False,class_060
train_007431,train/images.npz,7431,domain_15,microscopy,brightness,generic,1,False,class_100
train_007432,train/images.npz,7432,domain_08,ct,noise,generic,1,False,class_051
train_007433,train/images.npz,7433,domain_06,retinal,contrast,generic,1,False,class_035
train_007434,train/images.npz,7434,domain_13,retinal,brightness,generic,1,False,class_095
train_007435,train/images.npz,7435,domain_10,ct,none,generic,0,False,class_070
train_007436,train/images.npz,7436,domain_09,3d_projection,brightness,generic,1,False,class_058
train_007437,train/images.npz,7437,domain_06,retinal,none,generic,0,False,class_032
train_007438,train/images.npz,7438,domain_10,ct,noise,generic,1,False,class_079
train_007439,train/images.npz,7439,domain_10,ct,noise,generic,2,False,class_072
train_007440,train/images.npz,7440,domain_03,xray,none,generic,0,False,class_022
train_007441,train/images.npz,7441,domain_06,retinal,none,generic,0,False,class_035
train_007442,train/images.npz,7442,domain_15,microscopy,none,generic,0,False,class_098
train_007443,train/images.npz,7443,domain_07,ct,none,generic,0,False,class_045
train_007444,train/images.npz,7444,domain_10,ct,none,generic,0,False,class_078
train_007445,train/images.npz,7445,domain_07,ct,none,generic,0,False,class_044
train_007446,train/images.npz,7446,domain_01,microscopy,none,generic,0,False,class_005
train_007447,train/images.npz,7447,domain_09,3d_projection,noise,generic,1,False,class_064
train_007448,train/images.npz,7448,domain_01,microscopy,none,generic,0,False,class_004
train_007449,train/images.npz,7449,domain_13,retinal,noise,generic,2,False,class_092
train_007450,train/images.npz,7450,domain_16,3d_projection,brightness,generic,1,False,class_106
train_007451,train/images.npz,7451,domain_07,ct,none,generic,0,False,class_042
train_007452,train/images.npz,7452,domain_07,ct,none,generic,0,False,class_045
train_007453,train/images.npz,7453,domain_04,3d_projection,none,generic,0,False,class_027
train_007454,train/images.npz,7454,domain_15,microscopy,brightness,generic,1,False,class_100
train_007455,train/images.npz,7455,domain_05,3d_projection,noise,generic,1,False,class_031
train_007456,train/images.npz,7456,domain_06,retinal,blur,generic,1,False,class_034
train_007457,train/images.npz,7457,domain_16,3d_projection,none,generic,0,False,class_106
train_007458,train/images.npz,7458,domain_04,3d_projection,none,generic,0,False,class_027
train_007459,train/images.npz,7459,domain_09,3d_projection,brightness,generic,1,False,class_064
train_007460,train/images.npz,7460,domain_09,3d_projection,blur,generic,1,False,class_065
train_007461,train/images.npz,7461,domain_01,microscopy,contrast,generic,1,False,class_003
train_007462,train/images.npz,7462,domain_15,microscopy,none,generic,0,False,class_105
train_007463,train/images.npz,7463,domain_06,retinal,contrast,generic,1,False,class_035
train_007464,train/images.npz,7464,domain_04,3d_projection,none,generic,0,False,class_028
train_007465,train/images.npz,7465,domain_15,microscopy,noise,generic,1,False,class_099
train_007466,train/images.npz,7466,domain_15,microscopy,none,generic,0,False,class_104
train_007467,train/images.npz,7467,domain_10,ct,none,generic,0,False,class_076
train_007468,train/images.npz,7468,domain_07,ct,none,generic,0,False,class_040
train_007469,train/images.npz,7469,domain_07,ct,brightness,generic,1,False,class_039
train_007470,train/images.npz,7470,domain_11,microscopy,noise,generic,1,False,class_081
train_007471,train/images.npz,7471,domain_06,retinal,none,generic,0,False,class_033
train_007472,train/images.npz,7472,domain_03,xray,noise,generic,1,False,class_023
train_007473,train/images.npz,7473,domain_07,ct,none,generic,0,False,class_042
train_007474,train/images.npz,7474,domain_11,microscopy,none,generic,0,False,class_086
train_007475,train/images.npz,7475,domain_11,microscopy,none,generic,0,False,class_086
train_007476,train/images.npz,7476,domain_06,retinal,none,generic,0,False,class_032
train_007477,train/images.npz,7477,domain_09,3d_projection,none,generic,0,False,class_058
train_007478,train/images.npz,7478,domain_03,xray,none,generic,0,False,class_018
train_007479,train/images.npz,7479,domain_03,xray,none,generic,0,False,class_012
train_007480,train/images.npz,7480,domain_07,ct,contrast,generic,1,False,class_043
train_007481,train/images.npz,7481,domain_01,microscopy,contrast,generic,2,False,class_007
train_007482,train/images.npz,7482,domain_01,microscopy,none,generic,0,False,class_002
train_007483,train/images.npz,7483,domain_08,ct,brightness,generic,2,False,class_056
train_007484,train/images.npz,7484,domain_08,ct,none,generic,0,False,class_054
train_007485,train/images.npz,7485,domain_08,ct,blur,generic,1,False,class_056
train_007486,train/images.npz,7486,domain_03,xray,none,generic,0,False,class_019
train_007487,train/images.npz,7487,domain_11,microscopy,none,generic,0,False,class_083
train_007488,train/images.npz,7488,domain_08,ct,noise,generic,1,False,class_053
train_007489,train/images.npz,7489,domain_03,xray,none,generic,0,False,class_013
train_007490,train/images.npz,7490,domain_03,xray,none,generic,0,False,class_016
train_007491,train/images.npz,7491,domain_15,microscopy,none,generic,0,False,class_100
train_007492,train/images.npz,7492,domain_11,microscopy,blur,generic,2,False,class_085
train_007493,train/images.npz,7493,domain_04,3d_projection,contrast,generic,1,False,class_027
train_007494,train/images.npz,7494,domain_06,retinal,none,generic,0,False,class_034
train_007495,train/images.npz,7495,domain_11,microscopy,none,generic,0,False,class_083
train_007496,train/images.npz,7496,domain_06,retinal,none,generic,0,False,class_033
train_007497,train/images.npz,7497,domain_05,3d_projection,none,generic,0,False,class_030
train_007498,train/images.npz,7498,domain_00,3d_projection,none,generic,0,False,class_000
train_007499,train/images.npz,7499,domain_01,microscopy,none,generic,0,False,class_008
train_007500,train/images.npz,7500,domain_08,ct,none,generic,0,False,class_057
train_007501,train/images.npz,7501,domain_15,microscopy,contrast,generic,1,False,class_104
train_007502,train/images.npz,7502,domain_08,ct,blur,generic,2,False,class_054
train_007503,train/images.npz,7503,domain_10,ct,brightness,generic,2,False,class_072
train_007504,train/images.npz,7504,domain_08,ct,noise,generic,1,False,class_050
train_007505,train/images.npz,7505,domain_08,ct,none,generic,0,False,class_053
train_007506,train/images.npz,7506,domain_13,retinal,contrast,generic,1,False,class_094
train_007507,train/images.npz,7507,domain_10,ct,brightness,generic,1,False,class_078
train_007508,train/images.npz,7508,domain_15,microscopy,none,generic,0,False,class_105
train_007509,train/images.npz,7509,domain_02,ultrasound,none,generic,0,False,class_010
train_007510,train/images.npz,7510,domain_01,microscopy,none,generic,0,False,class_002
train_007511,train/images.npz,7511,domain_03,xray,brightness,generic,2,False,class_014
train_007512,train/images.npz,7512,domain_11,microscopy,noise,generic,1,False,class_085
train_007513,train/images.npz,7513,domain_03,xray,none,generic,0,False,class_014
train_007514,train/images.npz,7514,domain_07,ct,brightness,generic,1,False,class_039
train_007515,train/images.npz,7515,domain_15,microscopy,brightness,generic,2,False,class_102
train_007516,train/images.npz,7516,domain_07,ct,blur,generic,1,False,class_041
train_007517,train/images.npz,7517,domain_07,ct,noise,generic,2,False,class_041
train_007518,train/images.npz,7518,domain_10,ct,noise,generic,1,False,class_071
train_007519,train/images.npz,7519,domain_13,retinal,none,generic,0,False,class_092
train_007520,train/images.npz,7520,domain_03,xray,brightness,generic,1,False,class_013
train_007521,train/images.npz,7521,domain_07,ct,contrast,generic,1,False,class_042
train_007522,train/images.npz,7522,domain_09,3d_projection,contrast,generic,1,False,class_065
train_007523,train/images.npz,7523,domain_03,xray,none,generic,0,False,class_025
train_007524,train/images.npz,7524,domain_13,retinal,none,generic,0,False,class_092
train_007525,train/images.npz,7525,domain_07,ct,none,generic,0,False,class_044
train_007526,train/images.npz,7526,domain_08,ct,none,generic,0,False,class_051
train_007527,train/images.npz,7527,domain_08,ct,contrast,generic,1,False,class_050
train_007528,train/images.npz,7528,domain_03,xray,contrast,generic,1,False,class_017
train_007529,train/images.npz,7529,domain_16,3d_projection,none,generic,0,False,class_107
train_007530,train/images.npz,7530,domain_16,3d_projection,none,generic,0,False,class_107
train_007531,train/images.npz,7531,domain_01,microscopy,contrast,generic,2,False,class_003
train_007532,train/images.npz,7532,domain_09,3d_projection,brightness,generic,1,False,class_062
train_007533,train/images.npz,7533,domain_13,retinal,none,generic,0,False,class_094
train_007534,train/images.npz,7534,domain_03,xray,none,generic,0,False,class_012
train_007535,train/images.npz,7535,domain_03,xray,contrast,generic,1,False,class_012
train_007536,train/images.npz,7536,domain_06,retinal,blur,generic,1,False,class_035
train_007537,train/images.npz,7537,domain_08,ct,noise,generic,1,False,class_053
train_007538,train/images.npz,7538,domain_11,microscopy,none,generic,0,False,class_084
train_007539,train/images.npz,7539,domain_01,microscopy,none,generic,0,False,class_004
train_007540,train/images.npz,7540,domain_03,xray,none,generic,0,False,class_013
train_007541,train/images.npz,7541,domain_15,microscopy,none,generic,0,False,class_102
train_007542,train/images.npz,7542,domain_09,3d_projection,none,generic,0,False,class_065
train_007543,train/images.npz,7543,domain_14,3d_projection,none,generic,0,False,class_097
train_007544,train/images.npz,7544,domain_03,xray,contrast,generic,1,False,class_019
train_007545,train/images.npz,7545,domain_13,retinal,none,generic,0,False,class_091
train_007546,train/images.npz,7546,domain_09,3d_projection,brightness,generic,1,False,class_060
train_007547,train/images.npz,7547,domain_08,ct,none,generic,0,False,class_053
train_007548,train/images.npz,7548,domain_00,3d_projection,brightness,generic,1,False,class_001
train_007549,train/images.npz,7549,domain_00,3d_projection,none,generic,0,False,class_000
train_007550,train/images.npz,7550,domain_12,xray,none,generic,0,False,class_090
train_007551,train/images.npz,7551,domain_08,ct,contrast,generic,1,False,class_057
train_007552,train/images.npz,7552,domain_10,ct,contrast,generic,1,False,class_078
train_007553,train/images.npz,7553,domain_13,retinal,none,generic,0,False,class_094
train_007554,train/images.npz,7554,domain_08,ct,noise,generic,1,False,class_053
train_007555,train/images.npz,7555,domain_09,3d_projection,blur,generic,2,False,class_060
train_007556,train/images.npz,7556,domain_03,xray,none,generic,0,False,class_017
train_007557,train/images.npz,7557,domain_05,3d_projection,none,generic,0,False,class_030
train_007558,train/images.npz,7558,domain_13,retinal,brightness,generic,1,False,class_093
train_007559,train/images.npz,7559,domain_03,xray,noise,generic,1,False,class_024
train_007560,train/images.npz,7560,domain_03,xray,blur,generic,1,False,class_023
train_007561,train/images.npz,7561,domain_13,retinal,brightness,generic,1,False,class_094
train_007562,train/images.npz,7562,domain_12,xray,none,generic,0,False,class_090
train_007563,train/images.npz,7563,domain_13,retinal,blur,generic,1,False,class_091
train_007564,train/images.npz,7564,domain_09,3d_projection,blur,generic,1,False,class_066
train_007565,train/images.npz,7565,domain_04,3d_projection,brightness,generic,1,False,class_027
train_007566,train/images.npz,7566,domain_11,microscopy,none,generic,0,False,class_087
train_007567,train/images.npz,7567,domain_06,retinal,none,generic,0,False,class_032
train_007568,train/images.npz,7568,domain_07,ct,brightness,generic,1,False,class_044
train_007569,train/images.npz,7569,domain_15,microscopy,none,generic,0,False,class_103
train_007570,train/images.npz,7570,domain_07,ct,noise,generic,1,False,class_038
train_007571,train/images.npz,7571,domain_01,microscopy,blur,generic,2,False,class_003
train_007572,train/images.npz,7572,domain_00,3d_projection,noise,generic,2,False,class_000
train_007573,train/images.npz,7573,domain_09,3d_projection,brightness,generic,1,False,class_067
train_007574,train/images.npz,7574,domain_07,ct,noise,generic,1,False,class_045
train_007575,train/images.npz,7575,domain_04,3d_projection,none,generic,0,False,class_028
train_007576,train/images.npz,7576,domain_03,xray,contrast,generic,1,False,class_015
train_007577,train/images.npz,7577,domain_03,xray,brightness,generic,1,False,class_020
train_007578,train/images.npz,7578,domain_03,xray,none,generic,0,False,class_020
train_007579,train/images.npz,7579,domain_10,ct,brightness,generic,2,False,class_073
train_007580,train/images.npz,7580,domain_06,retinal,none,generic,0,False,class_035
train_007581,train/images.npz,7581,domain_02,ultrasound,none,generic,0,False,class_010
train_007582,train/images.npz,7582,domain_11,microscopy,none,generic,0,False,class_080
train_007583,train/images.npz,7583,domain_09,3d_projection,brightness,generic,1,False,class_067
train_007584,train/images.npz,7584,domain_07,ct,contrast,generic,1,False,class_040
train_007585,train/images.npz,7585,domain_01,microscopy,contrast,generic,1,False,class_008
train_007586,train/images.npz,7586,domain_10,ct,contrast,generic,2,False,class_072
train_007587,train/images.npz,7587,domain_03,xray,none,generic,0,False,class_013
train_007588,train/images.npz,7588,domain_02,ultrasound,none,generic,0,False,class_011
train_007589,train/images.npz,7589,domain_11,microscopy,none,generic,0,False,class_088
train_007590,train/images.npz,7590,domain_03,xray,noise,generic,1,False,class_020
train_007591,train/images.npz,7591,domain_01,microscopy,none,generic,0,False,class_006
train_007592,train/images.npz,7592,domain_04,3d_projection,none,generic,0,False,class_029
train_007593,train/images.npz,7593,domain_10,ct,none,generic,0,False,class_075
train_007594,train/images.npz,7594,domain_03,xray,noise,generic,1,False,class_014
train_007595,train/images.npz,7595,domain_09,3d_projection,none,generic,0,False,class_058
train_007596,train/images.npz,7596,domain_07,ct,contrast,generic,1,False,class_046
train_007597,train/images.npz,7597,domain_03,xray,none,generic,0,False,class_024
train_007598,train/images.npz,7598,domain_06,retinal,contrast,generic,1,False,class_034
train_007599,train/images.npz,7599,domain_08,ct,none,generic,0,False,class_049
train_007600,train/images.npz,7600,domain_09,3d_projection,none,generic,0,False,class_068
train_007601,train/images.npz,7601,domain_01,microscopy,contrast,generic,1,False,class_002
train_007602,train/images.npz,7602,domain_03,xray,brightness,generic,2,False,class_026
train_007603,train/images.npz,7603,domain_02,ultrasound,none,generic,0,False,class_010
train_007604,train/images.npz,7604,domain_01,microscopy,none,generic,0,False,class_003
train_007605,train/images.npz,7605,domain_06,retinal,none,generic,0,False,class_034
train_007606,train/images.npz,7606,domain_09,3d_projection,contrast,generic,1,False,class_059
train_007607,train/images.npz,7607,domain_14,3d_projection,contrast,generic,1,False,class_096
train_007608,train/images.npz,7608,domain_11,microscopy,noise,generic,1,False,class_085
train_007609,train/images.npz,7609,domain_07,ct,brightness,generic,1,False,class_039
train_007610,train/images.npz,7610,domain_08,ct,none,generic,0,False,class_047
train_007611,train/images.npz,7611,domain_08,ct,noise,generic,1,False,class_056
train_007612,train/images.npz,7612,domain_03,xray,contrast,generic,1,False,class_016
train_007613,train/images.npz,7613,domain_15,microscopy,none,generic,0,False,class_103
train_007614,train/images.npz,7614,domain_13,retinal,noise,generic,1,False,class_091
train_007615,train/images.npz,7615,domain_09,3d_projection,contrast,generic,1,False,class_059
train_007616,train/images.npz,7616,domain_02,ultrasound,contrast,generic,2,False,class_010
train_007617,train/images.npz,7617,domain_07,ct,none,generic,0,False,class_040
train_007618,train/images.npz,7618,domain_10,ct,none,generic,0,False,class_073
train_007619,train/images.npz,7619,domain_01,microscopy,none,generic,0,False,class_004
train_007620,train/images.npz,7620,domain_01,microscopy,noise,generic,1,False,class_003
train_007621,train/images.npz,7621,domain_00,3d_projection,contrast,generic,1,False,class_001
train_007622,train/images.npz,7622,domain_03,xray,none,generic,0,False,class_025
train_007623,train/images.npz,7623,domain_16,3d_projection,none,generic,0,False,class_106
train_007624,train/images.npz,7624,domain_06,retinal,none,generic,0,False,class_032
train_007625,train/images.npz,7625,domain_02,ultrasound,none,generic,0,False,class_011
train_007626,train/images.npz,7626,domain_11,microscopy,none,generic,0,False,class_087
train_007627,train/images.npz,7627,domain_11,microscopy,none,generic,0,False,class_084
train_007628,train/images.npz,7628,domain_05,3d_projection,none,generic,0,False,class_030
train_007629,train/images.npz,7629,domain_03,xray,none,generic,0,False,class_026
train_007630,train/images.npz,7630,domain_03,xray,none,generic,0,False,class_024
train_007631,train/images.npz,7631,domain_10,ct,none,generic,0,False,class_074
train_007632,train/images.npz,7632,domain_08,ct,contrast,generic,2,False,class_047
train_007633,train/images.npz,7633,domain_01,microscopy,none,generic,0,False,class_008
train_007634,train/images.npz,7634,domain_03,xray,brightness,generic,1,False,class_014
train_007635,train/images.npz,7635,domain_01,microscopy,blur,generic,1,False,class_004
train_007636,train/images.npz,7636,domain_04,3d_projection,noise,generic,1,False,class_027
train_007637,train/images.npz,7637,domain_09,3d_projection,none,generic,0,False,class_058
train_007638,train/images.npz,7638,domain_07,ct,none,generic,0,False,class_039
train_007639,train/images.npz,7639,domain_12,xray,noise,generic,1,False,class_089
train_007640,train/images.npz,7640,domain_15,microscopy,blur,generic,1,False,class_104
train_007641,train/images.npz,7641,domain_01,microscopy,none,generic,0,False,class_005
train_007642,train/images.npz,7642,domain_03,xray,none,generic,0,False,class_013
train_007643,train/images.npz,7643,domain_03,xray,none,generic,0,False,class_017
train_007644,train/images.npz,7644,domain_07,ct,contrast,generic,2,False,class_041
train_007645,train/images.npz,7645,domain_07,ct,contrast,generic,1,False,class_037
train_007646,train/images.npz,7646,domain_10,ct,none,generic,0,False,class_077
train_007647,train/images.npz,7647,domain_03,xray,noise,generic,1,False,class_025
train_007648,train/images.npz,7648,domain_15,microscopy,blur,generic,2,False,class_102
train_007649,train/images.npz,7649,domain_01,microscopy,noise,generic,2,False,class_003
train_007650,train/images.npz,7650,domain_02,ultrasound,blur,generic,2,False,class_010
train_007651,train/images.npz,7651,domain_04,3d_projection,none,generic,0,False,class_027
train_007652,train/images.npz,7652,domain_11,microscopy,none,generic,0,False,class_087
train_007653,train/images.npz,7653,domain_08,ct,brightness,generic,1,False,class_047
train_007654,train/images.npz,7654,domain_15,microscopy,noise,generic,2,False,class_101
train_007655,train/images.npz,7655,domain_02,ultrasound,blur,generic,1,False,class_010
train_007656,train/images.npz,7656,domain_15,microscopy,noise,generic,1,False,class_099
train_007657,train/images.npz,7657,domain_03,xray,none,generic,0,False,class_020
train_007658,train/images.npz,7658,domain_15,microscopy,contrast,generic,1,False,class_103
train_007659,train/images.npz,7659,domain_09,3d_projection,none,generic,0,False,class_061
train_007660,train/images.npz,7660,domain_13,retinal,none,generic,0,False,class_091
train_007661,train/images.npz,7661,domain_03,xray,noise,generic,1,False,class_021
train_007662,train/images.npz,7662,domain_01,microscopy,noise,generic,1,False,class_002
train_007663,train/images.npz,7663,domain_08,ct,contrast,generic,1,False,class_048
train_007664,train/images.npz,7664,domain_10,ct,none,generic,0,False,class_069
train_007665,train/images.npz,7665,domain_04,3d_projection,contrast,generic,1,False,class_028
train_007666,train/images.npz,7666,domain_12,xray,contrast,generic,1,False,class_089
train_007667,train/images.npz,7667,domain_03,xray,noise,generic,1,False,class_026
train_007668,train/images.npz,7668,domain_10,ct,blur,generic,1,False,class_074
train_007669,train/images.npz,7669,domain_10,ct,contrast,generic,2,False,class_073
train_007670,train/images.npz,7670,domain_07,ct,brightness,generic,2,False,class_038
train_007671,train/images.npz,7671,domain_07,ct,blur,generic,1,False,class_043
train_007672,train/images.npz,7672,domain_10,ct,brightness,generic,1,False,class_079
train_007673,train/images.npz,7673,domain_06,retinal,blur,generic,1,False,class_035
train_007674,train/images.npz,7674,domain_01,microscopy,none,generic,0,False,class_008
train_007675,train/images.npz,7675,domain_00,3d_projection,contrast,generic,1,False,class_000
train_007676,train/images.npz,7676,domain_07,ct,noise,generic,1,False,class_044
train_007677,train/images.npz,7677,domain_07,ct,contrast,generic,1,False,class_040
train_007678,train/images.npz,7678,domain_01,microscopy,none,generic,0,False,class_005
train_007679,train/images.npz,7679,domain_07,ct,contrast,generic,1,False,class_046
train_007680,train/images.npz,7680,domain_09,3d_projection,noise,generic,1,False,class_064
train_007681,train/images.npz,7681,domain_03,xray,contrast,generic,1,False,class_014
train_007682,train/images.npz,7682,domain_08,ct,brightness,generic,2,False,class_055
train_007683,train/images.npz,7683,domain_01,microscopy,noise,generic,1,False,class_004
train_007684,train/images.npz,7684,domain_15,microscopy,none,generic,0,False,class_105
train_007685,train/images.npz,7685,domain_12,xray,none,generic,0,False,class_090
train_007686,train/images.npz,7686,domain_03,xray,noise,generic,2,False,class_025
train_007687,train/images.npz,7687,domain_03,xray,brightness,generic,1,False,class_017
train_007688,train/images.npz,7688,domain_08,ct,none,generic,0,False,class_050
train_007689,train/images.npz,7689,domain_08,ct,noise,generic,1,False,class_056
train_007690,train/images.npz,7690,domain_10,ct,contrast,generic,2,False,class_074
train_007691,train/images.npz,7691,domain_09,3d_projection,none,generic,0,False,class_063
train_007692,train/images.npz,7692,domain_03,xray,contrast,generic,1,False,class_020
train_007693,train/images.npz,7693,domain_13,retinal,brightness,generic,1,False,class_092
train_007694,train/images.npz,7694,domain_10,ct,blur,generic,1,False,class_078
train_007695,train/images.npz,7695,domain_09,3d_projection,blur,generic,2,False,class_068
train_007696,train/images.npz,7696,domain_07,ct,contrast,generic,2,False,class_042
train_007697,train/images.npz,7697,domain_07,ct,contrast,generic,1,False,class_036
train_007698,train/images.npz,7698,domain_08,ct,noise,generic,1,False,class_052
train_007699,train/images.npz,7699,domain_03,xray,contrast,generic,2,False,class_026
train_007700,train/images.npz,7700,domain_01,microscopy,noise,generic,1,False,class_003
train_007701,train/images.npz,7701,domain_03,xray,none,generic,0,False,class_026
train_007702,train/images.npz,7702,domain_11,microscopy,contrast,generic,1,False,class_082
train_007703,train/images.npz,7703,domain_07,ct,none,generic,0,False,class_039
train_007704,train/images.npz,7704,domain_03,xray,none,generic,0,False,class_014
train_007705,train/images.npz,7705,domain_00,3d_projection,brightness,generic,1,False,class_000
train_007706,train/images.npz,7706,domain_13,retinal,brightness,generic,1,False,class_092
train_007707,train/images.npz,7707,domain_03,xray,noise,generic,1,False,class_013
train_007708,train/images.npz,7708,domain_15,microscopy,blur,generic,2,False,class_105
train_007709,train/images.npz,7709,domain_09,3d_projection,brightness,generic,1,False,class_060
train_007710,train/images.npz,7710,domain_02,ultrasound,none,generic,0,False,class_011
train_007711,train/images.npz,7711,domain_15,microscopy,none,generic,0,False,class_102
train_007712,train/images.npz,7712,domain_01,microscopy,contrast,generic,2,False,class_009
train_007713,train/images.npz,7713,domain_10,ct,none,generic,0,False,class_072
train_007714,train/images.npz,7714,domain_10,ct,none,generic,0,False,class_075
train_007715,train/images.npz,7715,domain_10,ct,blur,generic,1,False,class_075
train_007716,train/images.npz,7716,domain_12,xray,none,generic,0,False,class_089
train_007717,train/images.npz,7717,domain_09,3d_projection,none,generic,0,False,class_065
train_007718,train/images.npz,7718,domain_13,retinal,contrast,generic,1,False,class_093
train_007719,train/images.npz,7719,domain_04,3d_projection,none,generic,0,False,class_028
train_007720,train/images.npz,7720,domain_08,ct,none,generic,0,False,class_047
train_007721,train/images.npz,7721,domain_10,ct,none,generic,0,False,class_074
train_007722,train/images.npz,7722,domain_06,retinal,contrast,generic,2,False,class_035
train_007723,train/images.npz,7723,domain_08,ct,contrast,generic,1,False,class_053
train_007724,train/images.npz,7724,domain_03,xray,noise,generic,1,False,class_025
train_007725,train/images.npz,7725,domain_08,ct,none,generic,0,False,class_050
train_007726,train/images.npz,7726,domain_01,microscopy,noise,generic,1,False,class_002
train_007727,train/images.npz,7727,domain_13,retinal,none,generic,0,False,class_091
train_007728,train/images.npz,7728,domain_01,microscopy,noise,generic,1,False,class_008
train_007729,train/images.npz,7729,domain_15,microscopy,noise,generic,1,False,class_099
train_007730,train/images.npz,7730,domain_15,microscopy,none,generic,0,False,class_104
train_007731,train/images.npz,7731,domain_15,microscopy,none,generic,0,False,class_105
train_007732,train/images.npz,7732,domain_07,ct,none,generic,0,False,class_036
train_007733,train/images.npz,7733,domain_01,microscopy,brightness,generic,2,False,class_003
train_007734,train/images.npz,7734,domain_13,retinal,none,generic,0,False,class_092
train_007735,train/images.npz,7735,domain_10,ct,contrast,generic,1,False,class_075
train_007736,train/images.npz,7736,domain_08,ct,none,generic,0,False,class_056
train_007737,train/images.npz,7737,domain_07,ct,none,generic,0,False,class_042
train_007738,train/images.npz,7738,domain_10,ct,contrast,generic,1,False,class_071
train_007739,train/images.npz,7739,domain_08,ct,brightness,generic,1,False,class_052
train_007740,train/images.npz,7740,domain_14,3d_projection,brightness,generic,2,False,class_097
train_007741,train/images.npz,7741,domain_09,3d_projection,none,generic,0,False,class_061
train_007742,train/images.npz,7742,domain_13,retinal,none,generic,0,False,class_093
train_007743,train/images.npz,7743,domain_06,retinal,noise,generic,2,False,class_035
train_007744,train/images.npz,7744,domain_08,ct,none,generic,0,False,class_049
train_007745,train/images.npz,7745,domain_07,ct,none,generic,0,False,class_039
train_007746,train/images.npz,7746,domain_11,microscopy,none,generic,0,False,class_087
train_007747,train/images.npz,7747,domain_11,microscopy,none,generic,0,False,class_082
train_007748,train/images.npz,7748,domain_11,microscopy,blur,generic,2,False,class_085
train_007749,train/images.npz,7749,domain_01,microscopy,blur,generic,1,False,class_007
train_007750,train/images.npz,7750,domain_10,ct,none,generic,0,False,class_070
train_007751,train/images.npz,7751,domain_11,microscopy,none,generic,0,False,class_088
train_007752,train/images.npz,7752,domain_11,microscopy,noise,generic,1,False,class_086
train_007753,train/images.npz,7753,domain_10,ct,contrast,generic,1,False,class_076
train_007754,train/images.npz,7754,domain_15,microscopy,none,generic,0,False,class_105
train_007755,train/images.npz,7755,domain_07,ct,blur,generic,1,False,class_043
train_007756,train/images.npz,7756,domain_10,ct,none,generic,0,False,class_079
train_007757,train/images.npz,7757,domain_11,microscopy,none,generic,0,False,class_088
train_007758,train/images.npz,7758,domain_09,3d_projection,none,generic,0,False,class_060
train_007759,train/images.npz,7759,domain_01,microscopy,none,generic,0,False,class_003
train_007760,train/images.npz,7760,domain_05,3d_projection,contrast,generic,2,False,class_031
train_007761,train/images.npz,7761,domain_03,xray,blur,generic,1,False,class_018
train_007762,train/images.npz,7762,domain_03,xray,none,generic,0,False,class_024
train_007763,train/images.npz,7763,domain_01,microscopy,none,generic,0,False,class_007
train_007764,train/images.npz,7764,domain_05,3d_projection,contrast,generic,1,False,class_031
train_007765,train/images.npz,7765,domain_02,ultrasound,contrast,generic,1,False,class_011
train_007766,train/images.npz,7766,domain_15,microscopy,none,generic,0,False,class_102
train_007767,train/images.npz,7767,domain_15,microscopy,blur,generic,2,False,class_101
train_007768,train/images.npz,7768,domain_01,microscopy,noise,generic,1,False,class_004
train_007769,train/images.npz,7769,domain_08,ct,none,generic,0,False,class_056
train_007770,train/images.npz,7770,domain_03,xray,blur,generic,1,False,class_025
train_007771,train/images.npz,7771,domain_15,microscopy,noise,generic,2,False,class_103
train_007772,train/images.npz,7772,domain_11,microscopy,noise,generic,1,False,class_084
train_007773,train/images.npz,7773,domain_10,ct,brightness,generic,1,False,class_070
train_007774,train/images.npz,7774,domain_04,3d_projection,brightness,generic,1,False,class_027
train_007775,train/images.npz,7775,domain_11,microscopy,none,generic,0,False,class_084
train_007776,train/images.npz,7776,domain_10,ct,none,generic,0,False,class_075
train_007777,train/images.npz,7777,domain_16,3d_projection,none,generic,0,False,class_107
train_007778,train/images.npz,7778,domain_15,microscopy,none,generic,0,False,class_105
train_007779,train/images.npz,7779,domain_08,ct,none,generic,0,False,class_049
train_007780,train/images.npz,7780,domain_03,xray,none,generic,0,False,class_016
train_007781,train/images.npz,7781,domain_10,ct,contrast,generic,1,False,class_078
train_007782,train/images.npz,7782,domain_08,ct,none,generic,0,False,class_049
train_007783,train/images.npz,7783,domain_08,ct,none,generic,0,False,class_053
train_007784,train/images.npz,7784,domain_04,3d_projection,brightness,generic,1,False,class_029
train_007785,train/images.npz,7785,domain_11,microscopy,none,generic,0,False,class_084
train_007786,train/images.npz,7786,domain_03,xray,none,generic,0,False,class_015
train_007787,train/images.npz,7787,domain_11,microscopy,none,generic,0,False,class_086
train_007788,train/images.npz,7788,domain_10,ct,noise,generic,1,False,class_076
train_007789,train/images.npz,7789,domain_07,ct,blur,generic,2,False,class_041
train_007790,train/images.npz,7790,domain_08,ct,noise,generic,1,False,class_048
train_007791,train/images.npz,7791,domain_00,3d_projection,none,generic,0,False,class_001
train_007792,train/images.npz,7792,domain_09,3d_projection,brightness,generic,2,False,class_060
train_007793,train/images.npz,7793,domain_01,microscopy,none,generic,0,False,class_004
train_007794,train/images.npz,7794,domain_08,ct,none,generic,0,False,class_057
train_007795,train/images.npz,7795,domain_11,microscopy,noise,generic,1,False,class_082
train_007796,train/images.npz,7796,domain_03,xray,none,generic,0,False,class_021
train_007797,train/images.npz,7797,domain_03,xray,none,generic,0,False,class_014
train_007798,train/images.npz,7798,domain_10,ct,none,generic,0,False,class_070
train_007799,train/images.npz,7799,domain_07,ct,noise,generic,2,False,class_042
train_007800,train/images.npz,7800,domain_09,3d_projection,brightness,generic,1,False,class_063
train_007801,train/images.npz,7801,domain_10,ct,none,generic,0,False,class_072
train_007802,train/images.npz,7802,domain_11,microscopy,none,generic,0,False,class_087
train_007803,train/images.npz,7803,domain_03,xray,none,generic,0,False,class_026
train_007804,train/images.npz,7804,domain_15,microscopy,contrast,generic,1,False,class_101
train_007805,train/images.npz,7805,domain_01,microscopy,none,generic,0,False,class_006
train_007806,train/images.npz,7806,domain_13,retinal,none,generic,0,False,class_092
train_007807,train/images.npz,7807,domain_13,retinal,none,generic,0,False,class_091
train_007808,train/images.npz,7808,domain_02,ultrasound,noise,generic,1,False,class_010
train_007809,train/images.npz,7809,domain_11,microscopy,contrast,generic,2,False,class_087
train_007810,train/images.npz,7810,domain_02,ultrasound,none,generic,0,False,class_011
train_007811,train/images.npz,7811,domain_15,microscopy,none,generic,0,False,class_103
train_007812,train/images.npz,7812,domain_03,xray,blur,generic,1,False,class_012
train_007813,train/images.npz,7813,domain_13,retinal,contrast,generic,2,False,class_095
train_007814,train/images.npz,7814,domain_06,retinal,none,generic,0,False,class_034
train_007815,train/images.npz,7815,domain_14,3d_projection,blur,generic,1,False,class_097
train_007816,train/images.npz,7816,domain_03,xray,contrast,generic,1,False,class_021
train_007817,train/images.npz,7817,domain_13,retinal,blur,generic,1,False,class_095
train_007818,train/images.npz,7818,domain_11,microscopy,brightness,generic,1,False,class_088
train_007819,train/images.npz,7819,domain_10,ct,noise,generic,1,False,class_071
train_007820,train/images.npz,7820,domain_10,ct,none,generic,0,False,class_078
train_007821,train/images.npz,7821,domain_03,xray,blur,generic,2,False,class_024
train_007822,train/images.npz,7822,domain_09,3d_projection,none,generic,0,False,class_059
train_007823,train/images.npz,7823,domain_05,3d_projection,contrast,generic,1,False,class_030
train_007824,train/images.npz,7824,domain_13,retinal,contrast,generic,1,False,class_091
train_007825,train/images.npz,7825,domain_16,3d_projection,noise,generic,1,False,class_107
train_007826,train/images.npz,7826,domain_03,xray,none,generic,0,False,class_024
train_007827,train/images.npz,7827,domain_10,ct,none,generic,0,False,class_074
train_007828,train/images.npz,7828,domain_07,ct,none,generic,0,False,class_042
train_007829,train/images.npz,7829,domain_15,microscopy,none,generic,0,False,class_104
train_007830,train/images.npz,7830,domain_03,xray,blur,generic,2,False,class_013
train_007831,train/images.npz,7831,domain_07,ct,blur,generic,1,False,class_045
train_007832,train/images.npz,7832,domain_02,ultrasound,none,generic,0,False,class_010
train_007833,train/images.npz,7833,domain_06,retinal,none,generic,0,False,class_034
train_007834,train/images.npz,7834,domain_07,ct,noise,generic,1,False,class_041
train_007835,train/images.npz,7835,domain_09,3d_projection,brightness,generic,1,False,class_063
train_007836,train/images.npz,7836,domain_13,retinal,none,generic,0,False,class_095
train_007837,train/images.npz,7837,domain_11,microscopy,contrast,generic,1,False,class_085
train_007838,train/images.npz,7838,domain_08,ct,contrast,generic,2,False,class_052
train_007839,train/images.npz,7839,domain_08,ct,blur,generic,1,False,class_055
train_007840,train/images.npz,7840,domain_11,microscopy,none,generic,0,False,class_084
train_007841,train/images.npz,7841,domain_02,ultrasound,none,generic,0,False,class_010
train_007842,train/images.npz,7842,domain_10,ct,noise,generic,1,False,class_074
train_007843,train/images.npz,7843,domain_05,3d_projection,none,generic,0,False,class_031
train_007844,train/images.npz,7844,domain_07,ct,none,generic,0,False,class_046
train_007845,train/images.npz,7845,domain_08,ct,contrast,generic,2,False,class_047
train_007846,train/images.npz,7846,domain_03,xray,contrast,generic,1,False,class_012
train_007847,train/images.npz,7847,domain_05,3d_projection,none,generic,0,False,class_030
train_007848,train/images.npz,7848,domain_12,xray,none,generic,0,False,class_090
train_007849,train/images.npz,7849,domain_09,3d_projection,none,generic,0,False,class_059
train_007850,train/images.npz,7850,domain_09,3d_projection,brightness,generic,1,False,class_063
train_007851,train/images.npz,7851,domain_13,retinal,none,generic,0,False,class_091
train_007852,train/images.npz,7852,domain_10,ct,brightness,generic,2,False,class_079
train_007853,train/images.npz,7853,domain_09,3d_projection,contrast,generic,1,False,class_067
train_007854,train/images.npz,7854,domain_03,xray,none,generic,0,False,class_016
train_007855,train/images.npz,7855,domain_12,xray,noise,generic,1,False,class_090
train_007856,train/images.npz,7856,domain_00,3d_projection,none,generic,0,False,class_001
train_007857,train/images.npz,7857,domain_11,microscopy,none,generic,0,False,class_082
train_007858,train/images.npz,7858,domain_03,xray,brightness,generic,1,False,class_022
train_007859,train/images.npz,7859,domain_15,microscopy,noise,generic,1,False,class_101
train_007860,train/images.npz,7860,domain_09,3d_projection,brightness,generic,1,False,class_060
train_007861,train/images.npz,7861,domain_16,3d_projection,brightness,generic,1,False,class_106
train_007862,train/images.npz,7862,domain_03,xray,none,generic,0,False,class_016
train_007863,train/images.npz,7863,domain_03,xray,none,generic,0,False,class_023
train_007864,train/images.npz,7864,domain_08,ct,none,generic,0,False,class_057
train_007865,train/images.npz,7865,domain_03,xray,none,generic,0,False,class_019
train_007866,train/images.npz,7866,domain_13,retinal,blur,generic,1,False,class_094
train_007867,train/images.npz,7867,domain_03,xray,none,generic,0,False,class_015
train_007868,train/images.npz,7868,domain_11,microscopy,none,generic,0,False,class_083
train_007869,train/images.npz,7869,domain_03,xray,noise,generic,1,False,class_022
train_007870,train/images.npz,7870,domain_09,3d_projection,none,generic,0,False,class_058
train_007871,train/images.npz,7871,domain_11,microscopy,noise,generic,1,False,class_081
train_007872,train/images.npz,7872,domain_15,microscopy,noise,generic,1,False,class_099
train_007873,train/images.npz,7873,domain_08,ct,none,generic,0,False,class_057
train_007874,train/images.npz,7874,domain_01,microscopy,noise,generic,1,False,class_005
train_007875,train/images.npz,7875,domain_10,ct,contrast,generic,2,False,class_078
train_007876,train/images.npz,7876,domain_04,3d_projection,none,generic,0,False,class_027
train_007877,train/images.npz,7877,domain_04,3d_projection,contrast,generic,1,False,class_028
train_007878,train/images.npz,7878,domain_10,ct,brightness,generic,1,False,class_074
train_007879,train/images.npz,7879,domain_08,ct,none,generic,0,False,class_053
train_007880,train/images.npz,7880,domain_11,microscopy,contrast,generic,1,False,class_083
train_007881,train/images.npz,7881,domain_11,microscopy,none,generic,0,False,class_081
train_007882,train/images.npz,7882,domain_09,3d_projection,brightness,generic,1,False,class_062
train_007883,train/images.npz,7883,domain_06,retinal,noise,generic,1,False,class_035
train_007884,train/images.npz,7884,domain_03,xray,none,generic,0,False,class_026
train_007885,train/images.npz,7885,domain_10,ct,brightness,generic,1,False,class_073
train_007886,train/images.npz,7886,domain_06,retinal,noise,generic,1,False,class_034
train_007887,train/images.npz,7887,domain_10,ct,noise,generic,2,False,class_071
train_007888,train/images.npz,7888,domain_00,3d_projection,blur,generic,2,False,class_001
train_007889,train/images.npz,7889,domain_01,microscopy,contrast,generic,1,False,class_005
train_007890,train/images.npz,7890,domain_08,ct,none,generic,0,False,class_050
train_007891,train/images.npz,7891,domain_07,ct,none,generic,0,False,class_040
train_007892,train/images.npz,7892,domain_15,microscopy,blur,generic,1,False,class_104
train_007893,train/images.npz,7893,domain_15,microscopy,noise,generic,2,False,class_099
train_007894,train/images.npz,7894,domain_07,ct,none,generic,0,False,class_037
train_007895,train/images.npz,7895,domain_10,ct,contrast,generic,1,False,class_078
train_007896,train/images.npz,7896,domain_08,ct,none,generic,0,False,class_056
train_007897,train/images.npz,7897,domain_03,xray,brightness,generic,1,False,class_025
train_007898,train/images.npz,7898,domain_01,microscopy,noise,generic,1,False,class_009
train_007899,train/images.npz,7899,domain_15,microscopy,blur,generic,1,False,class_098
train_007900,train/images.npz,7900,domain_05,3d_projection,none,generic,0,False,class_030
train_007901,train/images.npz,7901,domain_06,retinal,blur,generic,1,False,class_035
train_007902,train/images.npz,7902,domain_10,ct,none,generic,0,False,class_075
train_007903,train/images.npz,7903,domain_11,microscopy,noise,generic,1,False,class_088
train_007904,train/images.npz,7904,domain_16,3d_projection,none,generic,0,False,class_106
train_007905,train/images.npz,7905,domain_11,microscopy,none,generic,0,False,class_084
train_007906,train/images.npz,7906,domain_04,3d_projection,none,generic,0,False,class_028
train_007907,train/images.npz,7907,domain_08,ct,none,generic,0,False,class_054
train_007908,train/images.npz,7908,domain_11,microscopy,contrast,generic,2,False,class_085
train_007909,train/images.npz,7909,domain_03,xray,none,generic,0,False,class_023
train_007910,train/images.npz,7910,domain_04,3d_projection,none,generic,0,False,class_029
train_007911,train/images.npz,7911,domain_03,xray,contrast,generic,1,False,class_020
train_007912,train/images.npz,7912,domain_13,retinal,blur,generic,1,False,class_091
train_007913,train/images.npz,7913,domain_00,3d_projection,blur,generic,1,False,class_000
train_007914,train/images.npz,7914,domain_01,microscopy,blur,generic,2,False,class_007
train_007915,train/images.npz,7915,domain_14,3d_projection,none,generic,0,False,class_097
train_007916,train/images.npz,7916,domain_01,microscopy,noise,generic,1,False,class_008
train_007917,train/images.npz,7917,domain_11,microscopy,noise,generic,1,False,class_085
train_007918,train/images.npz,7918,domain_01,microscopy,blur,generic,1,False,class_004
train_007919,train/images.npz,7919,domain_10,ct,none,generic,0,False,class_070
train_007920,train/images.npz,7920,domain_09,3d_projection,contrast,generic,1,False,class_068
train_007921,train/images.npz,7921,domain_04,3d_projection,none,generic,0,False,class_029
train_007922,train/images.npz,7922,domain_09,3d_projection,blur,generic,1,False,class_064
train_007923,train/images.npz,7923,domain_05,3d_projection,noise,generic,1,False,class_030
train_007924,train/images.npz,7924,domain_15,microscopy,none,generic,0,False,class_102
train_007925,train/images.npz,7925,domain_12,xray,none,generic,0,False,class_089
train_007926,train/images.npz,7926,domain_11,microscopy,none,generic,0,False,class_087
train_007927,train/images.npz,7927,domain_10,ct,contrast,generic,1,False,class_075
train_007928,train/images.npz,7928,domain_10,ct,noise,generic,1,False,class_073
train_007929,train/images.npz,7929,domain_10,ct,blur,generic,1,False,class_077
train_007930,train/images.npz,7930,domain_11,microscopy,brightness,generic,1,False,class_086
train_007931,train/images.npz,7931,domain_11,microscopy,contrast,generic,1,False,class_085
train_007932,train/images.npz,7932,domain_12,xray,brightness,generic,1,False,class_089
train_007933,train/images.npz,7933,domain_14,3d_projection,none,generic,0,False,class_097
train_007934,train/images.npz,7934,domain_08,ct,brightness,generic,1,False,class_057
train_007935,train/images.npz,7935,domain_13,retinal,contrast,generic,1,False,class_094
train_007936,train/images.npz,7936,domain_13,retinal,none,generic,0,False,class_092
train_007937,train/images.npz,7937,domain_07,ct,none,generic,0,False,class_043
train_007938,train/images.npz,7938,domain_15,microscopy,noise,generic,2,False,class_105
train_007939,train/images.npz,7939,domain_01,microscopy,none,generic,0,False,class_008
train_007940,train/images.npz,7940,domain_03,xray,none,generic,0,False,class_014
train_007941,train/images.npz,7941,domain_08,ct,contrast,generic,1,False,class_050
train_007942,train/images.npz,7942,domain_03,xray,contrast,generic,1,False,class_013
train_007943,train/images.npz,7943,domain_04,3d_projection,contrast,generic,2,False,class_029
train_007944,train/images.npz,7944,domain_00,3d_projection,contrast,generic,1,False,class_001
train_007945,train/images.npz,7945,domain_09,3d_projection,none,generic,0,False,class_068
train_007946,train/images.npz,7946,domain_02,ultrasound,contrast,generic,2,False,class_010
train_007947,train/images.npz,7947,domain_04,3d_projection,contrast,generic,2,False,class_027
train_007948,train/images.npz,7948,domain_10,ct,contrast,generic,1,False,class_070
train_007949,train/images.npz,7949,domain_08,ct,brightness,generic,2,False,class_047
train_007950,train/images.npz,7950,domain_04,3d_projection,none,generic,0,False,class_027
train_007951,train/images.npz,7951,domain_09,3d_projection,none,generic,0,False,class_063
train_007952,train/images.npz,7952,domain_10,ct,brightness,generic,1,False,class_070
train_007953,train/images.npz,7953,domain_04,3d_projection,contrast,generic,1,False,class_028
train_007954,train/images.npz,7954,domain_01,microscopy,none,generic,0,False,class_009
train_007955,train/images.npz,7955,domain_08,ct,blur,generic,1,False,class_049
train_007956,train/images.npz,7956,domain_15,microscopy,noise,generic,2,False,class_102
train_007957,train/images.npz,7957,domain_09,3d_projection,contrast,generic,1,False,class_065
train_007958,train/images.npz,7958,domain_09,3d_projection,brightness,generic,1,False,class_067
train_007959,train/images.npz,7959,domain_09,3d_projection,contrast,generic,2,False,class_064
train_007960,train/images.npz,7960,domain_10,ct,noise,generic,1,False,class_077
train_007961,train/images.npz,7961,domain_03,xray,none,generic,0,False,class_024
train_007962,train/images.npz,7962,domain_06,retinal,blur,generic,1,False,class_033
train_007963,train/images.npz,7963,domain_10,ct,blur,generic,1,False,class_078
train_007964,train/images.npz,7964,domain_10,ct,brightness,generic,1,False,class_078
train_007965,train/images.npz,7965,domain_03,xray,none,generic,0,False,class_012
train_007966,train/images.npz,7966,domain_10,ct,none,generic,0,False,class_073
train_007967,train/images.npz,7967,domain_07,ct,none,generic,0,False,class_039
train_007968,train/images.npz,7968,domain_01,microscopy,none,generic,0,False,class_005
train_007969,train/images.npz,7969,domain_06,retinal,blur,generic,2,False,class_034
train_007970,train/images.npz,7970,domain_01,microscopy,contrast,generic,1,False,class_007
train_007971,train/images.npz,7971,domain_10,ct,noise,generic,1,False,class_075
train_007972,train/images.npz,7972,domain_03,xray,brightness,generic,1,False,class_018
train_007973,train/images.npz,7973,domain_09,3d_projection,none,generic,0,False,class_068
train_007974,train/images.npz,7974,domain_09,3d_projection,none,generic,0,False,class_067
train_007975,train/images.npz,7975,domain_09,3d_projection,noise,generic,1,False,class_060
train_007976,train/images.npz,7976,domain_03,xray,noise,generic,1,False,class_016
train_007977,train/images.npz,7977,domain_11,microscopy,none,generic,0,False,class_086
train_007978,train/images.npz,7978,domain_08,ct,noise,generic,1,False,class_048
train_007979,train/images.npz,7979,domain_09,3d_projection,contrast,generic,1,False,class_064
train_007980,train/images.npz,7980,domain_08,ct,contrast,generic,2,False,class_051
train_007981,train/images.npz,7981,domain_01,microscopy,noise,generic,1,False,class_004
train_007982,train/images.npz,7982,domain_15,microscopy,blur,generic,1,False,class_098
train_007983,train/images.npz,7983,domain_08,ct,blur,generic,2,False,class_049
train_007984,train/images.npz,7984,domain_01,microscopy,contrast,generic,2,False,class_009
train_007985,train/images.npz,7985,domain_16,3d_projection,brightness,generic,1,False,class_106
train_007986,train/images.npz,7986,domain_12,xray,none,generic,0,False,class_090
train_007987,train/images.npz,7987,domain_01,microscopy,brightness,generic,1,False,class_002
train_007988,train/images.npz,7988,domain_10,ct,none,generic,0,False,class_078
train_007989,train/images.npz,7989,domain_07,ct,noise,generic,1,False,class_045
train_007990,train/images.npz,7990,domain_14,3d_projection,none,generic,0,False,class_097
train_007991,train/images.npz,7991,domain_07,ct,none,generic,0,False,class_038
train_007992,train/images.npz,7992,domain_08,ct,none,generic,0,False,class_047
train_007993,train/images.npz,7993,domain_08,ct,noise,generic,1,False,class_049
train_007994,train/images.npz,7994,domain_13,retinal,none,generic,0,False,class_095
train_007995,train/images.npz,7995,domain_11,microscopy,none,generic,0,False,class_087
train_007996,train/images.npz,7996,domain_16,3d_projection,none,generic,0,False,class_106
train_007997,train/images.npz,7997,domain_11,microscopy,contrast,generic,1,False,class_087
train_007998,train/images.npz,7998,domain_00,3d_projection,none,generic,0,False,class_001
train_007999,train/images.npz,7999,domain_07,ct,none,generic,0,False,class_044
